Species	Extant	SampT
t2	TRUE	51.39102197772917
t7	TRUE	36.16878110072986
t7	TRUE	26.63390444680527
t9	FALSE	19.238819106793777
t16	TRUE	18.25866039000161
t20	TRUE	2.911565902751171
t28	TRUE	6.755588357650289
t30	FALSE	13.481313743433624
t34	TRUE	3.399715149076556
t36	TRUE	2.355919476448804
t38	TRUE	1.3182330928602255
t50	FALSE	9.778551590503206
t56	TRUE	17.927948951459108
t65	TRUE	5.127336104846989
t93	TRUE	4.963804199008763
t101	TRUE	1.424185995243441
t121	TRUE	0.9232459536876618
t134	TRUE	2.9650206409009385
t156	TRUE	13.271126948117193
t173	TRUE	8.541033074571892
t183	TRUE	4.33505721351743
t190	TRUE	5.667398438262872
t221	TRUE	6.241244240029189
t222	TRUE	9.833594280306727
t234	FALSE	5.585377538579742
t264	TRUE	1.0205358490606287
t302	TRUE	0.17261727650505065
t304	TRUE	5.184139852917681
t387	TRUE	0.5258271087340773
t425	TRUE	0.18184804005418442
