Species	Extant	SampT
t3	FALSE	40.65151714277797
t5	TRUE	34.68115392329891
t7	TRUE	0.7584367881097691
t8	FALSE	24.128165845995476
t13	TRUE	10.199940267053961
t16	TRUE	22.640017962865567
t17	TRUE	2.253159949850982
t18	TRUE	7.7111828744168776
t21	TRUE	6.15012324551622
t51	TRUE	15.299432159907525
t51	TRUE	12.244422401807611
t55	TRUE	4.596094737332585
t65	TRUE	15.993492317680957
t81	TRUE	10.376362030135304
t92	TRUE	2.809316117324748
t95	TRUE	4.1650383984096635
t101	TRUE	7.769446695715196
t117	TRUE	4.095014414146483
t146	TRUE	0.041180540059450266
t149	TRUE	1.3378439376003115
t150	TRUE	4.457256293093273
t169	TRUE	3.078285893301711
t181	TRUE	0.16102166025282827
t184	FALSE	6.48088128964509
t190	TRUE	6.781588361077411
t196	TRUE	2.6664949856819575
t227	TRUE	11.963065487575626
t239	FALSE	5.832526215101275
t264	TRUE	0.3364014705329055
t284	TRUE	2.5703676855996918
t295	TRUE	3.0949220193803626
t302	TRUE	5.327659633717211
t302	TRUE	3.7609224676615227
t303	TRUE	8.171431021087045
t306	TRUE	5.874124248190363
t322	TRUE	1.0577226664804158
t369	TRUE	6.109956231933111
t369	TRUE	3.302469848688716
t401	TRUE	5.196801834248582
t440	TRUE	0.9834449202486937
t460	TRUE	2.6280778176772657
t530	TRUE	0.5201713050596553
t546	TRUE	0.05025170923850908
t561	TRUE	0.01918816178172733
