Species	Extant	SampT
t1	FALSE	35.56494522388589
t6	TRUE	4.827470246858155
t12	TRUE	8.116793459627608
t16	TRUE	0.999305867718455
t21	TRUE	0.8663643319473238
t23	TRUE	18.52237149542375
t23	TRUE	12.894300758263704
t44	TRUE	8.768162443323533
t48	TRUE	10.476481797287725
t54	TRUE	7.884372067862685
t71	TRUE	5.738051167637188
t71	TRUE	3.8395582595049547
t99	TRUE	10.208063609531472
t103	TRUE	18.46266297775298
t113	TRUE	1.468530429594054
t132	TRUE	9.673649697598627
t142	TRUE	1.1689385660787295
t152	TRUE	0.6163961592633314
t157	TRUE	0.8510507737905826
t157	TRUE	0.2182862577489857
t197	TRUE	3.1898212241728174
t203	TRUE	10.01872495960869
t206	FALSE	11.360676830719868
t211	TRUE	6.473385694912174
t214	TRUE	0.8093891590495375
t232	TRUE	6.817843301857813
t252	TRUE	2.84514979641245
t263	TRUE	0.9582113322724837
t271	TRUE	2.7165904228755053
t273	TRUE	2.4340051964487373
t289	FALSE	5.140706229369002
t291	TRUE	0.3238171375626422
t298	TRUE	5.93447166916409
t337	TRUE	0.7683818224825032
t347	TRUE	1.287979898188894
t356	TRUE	1.2003042918486315
t360	TRUE	2.4222754233871484
t415	FALSE	3.885175168280327
t515	TRUE	1.0637987669879365
