Species	Extant	SampT
t3	FALSE	19.039207574714776
t6	TRUE	26.43364366695469
t30	FALSE	24.009356270178028
t34	TRUE	3.491848166821491
t36	TRUE	12.501393544020416
t41	TRUE	13.40647132723889
t44	FALSE	4.5451658160520765
t50	TRUE	11.51311671782491
t70	TRUE	16.122765317947795
t73	TRUE	9.464756252229858
t78	TRUE	0.6805664862360246
t86	TRUE	7.032085209406738
t127	TRUE	0.13912550785924793
t140	TRUE	8.890307052377828
t148	TRUE	8.098118921260955
t161	TRUE	7.728808829962297
t163	FALSE	7.8222660860689
t187	TRUE	0.6079633916833984
t208	TRUE	4.753841056239445
t235	TRUE	2.741734677772662
t241	TRUE	6.144954523869423
t270	TRUE	5.9910348948997125
t365	TRUE	0.5494475115816755
t494	TRUE	2.409021261499774
t556	TRUE	1.2553304501476106
