Species	Extant	SampT
t3	FALSE	46.58167854908389
t5	FALSE	43.914009732138126
t9	TRUE	9.970408128127232
t23	TRUE	19.224215016875505
t23	TRUE	2.2971108995267144
t24	TRUE	6.631327045084689
t27	FALSE	11.929918560739239
t75	TRUE	8.545029097910728
t87	TRUE	7.604827508637982
t92	TRUE	4.589390515275255
t103	TRUE	2.766104158176404
t108	TRUE	7.665243823655786
t121	TRUE	6.9635067186502795
t121	TRUE	1.2279072486686147
t123	TRUE	0.5698237410685039
t143	FALSE	6.691935834463223
t155	TRUE	0.9695475764475106
t179	FALSE	12.58700757436047
t185	TRUE	2.8334308704761924
t204	TRUE	1.2662049287850863
t214	TRUE	0.9590183314348906
t242	TRUE	7.609458530640012
t266	TRUE	1.1527339129197003
t351	TRUE	6.227282742036877
t367	TRUE	5.12390295332338
t372	FALSE	2.6896509593479863
t375	TRUE	4.000955800238998
t395	TRUE	5.218005724897694
t429	TRUE	0.4683585822437806
t434	TRUE	2.3058677153405682
t520	TRUE	0.1850684750674958
t533	TRUE	0.4485858938165137
t546	TRUE	0.2495122590558907
