Species	Extant	SampT
t2	FALSE	25.228445967896675
t2	FALSE	22.592868469309877
t3	TRUE	20.864970668448535
t9	FALSE	27.78471745924145
t10	TRUE	16.667919015677477
t13	FALSE	7.622821827607368
t15	TRUE	14.177159497233568
t24	FALSE	18.340776006989614
t58	TRUE	8.336514223834072
t59	TRUE	10.978271977385255
t71	TRUE	6.383444960677011
t81	TRUE	16.885687245848167
t83	TRUE	0.05565919537204422
t90	TRUE	9.045237343003883
t111	TRUE	15.562060358809056
t114	TRUE	16.359187072520953
t139	TRUE	4.461630230856549
t139	TRUE	1.9271581266945716
t142	TRUE	5.762110509608064
t154	TRUE	6.68590136688001
t157	TRUE	4.790942871661173
t185	FALSE	3.3641476705767204
t186	TRUE	6.51229194481941
t203	TRUE	6.8488679022171794
t234	TRUE	0.8770434479796663
t244	TRUE	4.673250142240981
t268	TRUE	4.872425305475787
t308	TRUE	0.9310392404422743
t354	TRUE	0.272635962216917
t355	FALSE	4.113784555883306
t421	TRUE	3.744219570051115
t434	TRUE	0.41841091439208355
t489	TRUE	1.959303882422624
