Species	Extant	SampT
t11	FALSE	47.61904206705544
t15	TRUE	10.6064736108342
t19	TRUE	45.309839836537385
t19	TRUE	2.832754374817
t23	TRUE	9.215073743877284
t23	TRUE	7.394167448097974
t24	FALSE	21.12911549922353
t32	TRUE	21.81166763635808
t40	TRUE	38.302008630207425
t40	TRUE	30.220045996329432
t40	TRUE	25.72319238951242
t40	TRUE	0.8221193453054525
t44	FALSE	3.7273746638445715
t55	TRUE	10.34616622798545
t61	TRUE	12.692288335405195
t61	TRUE	7.004188222964132
t61	TRUE	5.078699847836816
t91	TRUE	7.669044817148958
t96	TRUE	7.488324392370956
t96	TRUE	2.8016040024981663
t97	FALSE	20.628972117302254
t104	TRUE	5.85365597894706
t109	FALSE	19.691782388958373
t132	TRUE	10.929222113680154
t133	FALSE	6.698674940126608
t151	TRUE	0.5532400320505246
t180	TRUE	11.741374755163733
t189	TRUE	5.728540105877926
t215	TRUE	4.221861927249847
t218	TRUE	8.728614783078442
t245	TRUE	10.158323739177746
t247	FALSE	10.863709894005169
t261	TRUE	0.05612311840194195
t262	TRUE	9.813558017016959
t264	TRUE	0.6504883149684417
t286	TRUE	2.3904999112563985
t333	TRUE	0.4829534128823809
t340	TRUE	10.140740955980874
t349	TRUE	5.805241303028751
t358	TRUE	5.225859100550181
t370	TRUE	6.916116173321029
t373	TRUE	10.21846327825294
t378	TRUE	3.5688442536294076
t381	FALSE	0.528144149585259
t391	TRUE	0.5474180038651042
t410	FALSE	5.423847739504026
t466	FALSE	5.747831936408431
t469	TRUE	0.5727102769020007
t496	TRUE	2.3145564032036248
t525	TRUE	0.1567394725777831
t559	TRUE	3.3389627183012323
t563	TRUE	0.06016011114267883
