Species	Extant	SampT
t6	TRUE	1.5315785073988053
t9	TRUE	23.654788300674554
t14	FALSE	38.6357381064295
t18	FALSE	23.462891829092513
t18	FALSE	14.199151961450326
t21	TRUE	47.83460154490753
t21	TRUE	41.78427628989503
t33	TRUE	10.383749542129223
t40	TRUE	28.899590176749214
t40	TRUE	8.335294029894655
t40	TRUE	1.0824791297646215
t51	TRUE	24.833236362765362
t53	TRUE	23.089449468789283
t67	FALSE	21.727574138475845
t72	TRUE	11.185335154850904
t81	FALSE	25.395719981680074
t81	FALSE	22.959775053823748
t83	TRUE	13.228412382371914
t84	TRUE	12.115494787534928
t90	TRUE	3.238368422273851
t122	TRUE	0.9740543576782272
t123	TRUE	1.20967574037293
t132	TRUE	17.981835243039725
t163	TRUE	10.76122660481252
t171	TRUE	3.8728394791322103
t174	FALSE	14.480705754461695
t180	TRUE	3.7099642665621104
t189	TRUE	2.7610333844832695
t191	TRUE	7.120931088153085
t205	FALSE	16.51645382400433
t217	TRUE	2.665738395794534
t242	TRUE	0.7096299558844095
t246	FALSE	8.852933363749642
t257	FALSE	6.1455126960081685
t262	TRUE	1.4111736577437455
t269	TRUE	6.9476926764986615
t313	TRUE	4.3129351061839145
t339	TRUE	3.613414162764073
t348	TRUE	3.792941787911502
t348	TRUE	3.4997779504722786
t429	TRUE	3.609556501114909
t501	TRUE	2.5658130224232707
t510	TRUE	0.9105301690502756
t516	TRUE	0.22858694759499087
t536	FALSE	2.2624932584523236
t536	FALSE	1.7067236249505555
t558	TRUE	1.2833953388864359
t576	TRUE	0.10945915045221
t610	TRUE	1.4742415105846334
