Species	Extant	SampT
t8	FALSE	18.343175721903762
t16	FALSE	32.392271594665075
t25	TRUE	11.315002909236867
t28	TRUE	3.5695337042066484
t45	TRUE	0.02063245490549548
t53	TRUE	3.6490576698564183
t60	FALSE	20.083469414842632
t67	TRUE	6.18248686976915
t76	TRUE	4.325346975791035
t78	TRUE	8.963467039020202
t103	FALSE	10.643103109484457
t104	TRUE	2.8476728902402044
t116	TRUE	1.3804621958174863
t117	TRUE	1.345756068597197
t118	FALSE	10.13433814378061
t146	TRUE	2.659066539294102
t188	TRUE	1.338561590679717
t189	TRUE	3.7693504672100318
t190	TRUE	9.136201422868723
t227	FALSE	7.833577807111652
t240	FALSE	4.982545736694249
t273	TRUE	1.8561853859578719
t275	TRUE	9.026684538369011
t318	TRUE	2.803339232867316
t376	TRUE	5.574695300697215
t383	TRUE	4.05234697426549
t431	TRUE	1.024949832230078
t446	TRUE	0.04151085920459252
t460	TRUE	3.1814376185382116
