Species	Extant	SampT
t5	TRUE	24.65042820509455
t8	TRUE	16.956381606557237
t11	FALSE	23.448218542773624
t12	TRUE	13.85023166726377
t23	TRUE	17.138534036652207
t25	FALSE	11.600256705117296
t31	TRUE	5.691857478708414
t34	FALSE	17.415233299683308
t39	TRUE	5.499373726759892
t45	TRUE	0.5110280988215479
t49	FALSE	15.551508666945601
t51	TRUE	17.706089010332875
t52	FALSE	7.635270454288211
t57	FALSE	9.356080948608032
t64	TRUE	11.952104263811364
t67	TRUE	16.938796782274242
t77	TRUE	12.354187368578216
t77	TRUE	6.895504499948522
t107	FALSE	17.700571220287284
t112	TRUE	5.91945039956294
t126	TRUE	3.627929541226912
t137	TRUE	7.015107177931149
t140	TRUE	5.487198208167982
t150	TRUE	6.072278122632902
t178	TRUE	0.32021098320036856
t193	FALSE	3.970622466964457
t196	TRUE	6.580232122469781
t209	FALSE	8.46829591672627
t212	TRUE	2.6457679805539485
t263	TRUE	10.360257574743514
t304	TRUE	2.963735796179428
t329	TRUE	0.14480425571899502
t359	TRUE	0.7637322063901237
t381	FALSE	5.059598054312296
t411	TRUE	2.459242040334992
t420	TRUE	3.6624905118496898
t439	TRUE	0.7503890768104569
t450	TRUE	5.287487530779444
t514	TRUE	0.9131781590795072
t563	TRUE	0.36065232813782444
t573	TRUE	2.170720034313071
t574	TRUE	0.42387406681068995
