Species	Extant	SampT
t10	FALSE	35.03449946376659
t26	TRUE	24.163890070058635
t27	FALSE	8.324804438201255
t39	TRUE	1.4379024967593494
t46	FALSE	21.227742070620735
t56	TRUE	5.376195955461668
t57	FALSE	9.542158980623839
t62	TRUE	0.9463455672744772
t65	TRUE	1.122860201949436
t76	TRUE	0.013477467918335151
t92	FALSE	6.209816046204423
t94	TRUE	7.087442271606349
t119	TRUE	3.0882139773289623
t128	TRUE	4.022495971341215
t128	TRUE	3.240183191037218
t131	FALSE	17.904557704560645
t132	TRUE	2.221904989742825
t135	TRUE	5.760952851930412
t163	TRUE	13.528105007223374
t164	TRUE	13.012181515128859
t185	TRUE	5.698210631278826
t186	FALSE	2.8989650184619506
t200	TRUE	1.6554018014602434
t201	TRUE	2.4062679655472436
t217	TRUE	6.308505294265515
t229	TRUE	4.179498314481563
t242	TRUE	9.977207548165197
t252	TRUE	0.7000247514764482
t284	TRUE	4.878113192429922
t285	TRUE	3.430503770612333
t293	TRUE	6.156037840544684
t346	TRUE	3.6802170817335025
t370	TRUE	1.125531508044574
t387	TRUE	0.45426523615928716
t429	TRUE	3.8273220167302497
t466	TRUE	1.0264965397794583
t483	TRUE	1.5467562556234213
t545	FALSE	2.0021854854287824
t555	TRUE	0.08464491701934662
t575	TRUE	0.43290268061241477
