Species	Extant	SampT
t7	TRUE	18.419680137918377
t7	TRUE	12.841999809057498
t7	TRUE	11.277226683483505
t22	TRUE	8.659306687795535
t23	TRUE	20.530292478494783
t30	FALSE	15.234968368301757
t50	TRUE	24.763502564397648
t51	FALSE	11.8480142992223
t53	TRUE	1.5666220911771305
t61	FALSE	22.36464989283249
t61	FALSE	15.665644983808846
t65	TRUE	17.241631563129868
t71	TRUE	4.635749842954198
t71	TRUE	2.5421499665652902
t71	TRUE	2.285402446967879
t79	TRUE	7.761615188489024
t106	TRUE	13.476153789922556
t106	TRUE	13.050731738001069
t107	TRUE	5.06409957326256
t120	FALSE	13.767982036580541
t139	TRUE	3.368911282869398
t155	FALSE	14.42620297687126
t159	TRUE	0.7251311672175547
t174	TRUE	0.759886675648012
t187	TRUE	2.2639299712068066
t190	TRUE	1.6702079423292346
t195	TRUE	5.715775644580461
t225	FALSE	9.87092481056981
t226	TRUE	7.118652311305247
t259	TRUE	8.291459234367885
t304	TRUE	1.661939541337155
t316	TRUE	6.073064102659586
t335	TRUE	4.282042308198548
t353	TRUE	1.3969338689448136
t398	TRUE	1.0844443517353142
t411	TRUE	3.133556418323053
t426	TRUE	0.16787664691634774
t448	TRUE	2.9566875138818958
t463	TRUE	2.1755093262012224
t481	TRUE	2.236707467100871
t489	TRUE	1.4671720615568162
t499	TRUE	1.542864952494071
t535	TRUE	0.004718664876975254
