Species	Extant	SampT
t2	FALSE	49.941618207772684
t3	TRUE	16.489072426633484
t6	TRUE	20.403759875238265
t13	TRUE	14.959966999239434
t15	TRUE	2.9732302036808846
t24	FALSE	34.799475970350265
t24	FALSE	19.721102810137033
t41	TRUE	9.527809547886967
t43	TRUE	23.46904494216873
t43	TRUE	9.000815706087486
t43	TRUE	1.7860001174194977
t44	TRUE	10.396468033558321
t46	TRUE	16.300416008812277
t49	TRUE	0.8433963353749547
t55	TRUE	12.753491337240021
t60	FALSE	12.20773784792977
t60	FALSE	12.123845517112294
t60	FALSE	10.98163579570658
t73	TRUE	13.530093932072113
t88	FALSE	19.388086231555285
t113	FALSE	13.501804901999058
t117	TRUE	2.9708525265461674
t128	FALSE	11.747099049633903
t146	TRUE	8.304045197163532
t146	TRUE	6.92389248830689
t153	TRUE	1.1929239831467555
t185	TRUE	3.5282650630351284
t196	TRUE	0.37710474251898063
t224	TRUE	5.985676144260097
t227	FALSE	3.261491659246495
t255	TRUE	10.895332896222946
t258	TRUE	0.35374856678264877
t266	FALSE	6.86897277838613
t269	FALSE	3.21255928104312
t282	TRUE	2.575366268805425
t293	TRUE	2.9882685837671303
t296	TRUE	3.275975087614121
t307	TRUE	8.904791760794566
t307	TRUE	6.826186270989226
t313	FALSE	3.9883658240164976
t317	TRUE	4.539821242850714
t384	TRUE	0.324857522718375
t385	TRUE	0.9760829817148178
t390	TRUE	0.6799053125764871
t426	TRUE	0.7680499949100437
t433	TRUE	3.7925575535069243
t482	FALSE	3.637130032454479
t499	TRUE	3.0794998784910064
t562	TRUE	1.8573880334315263
t562	TRUE	0.6832437728462182
t572	TRUE	0.5016810844955941
