Species	Extant	SampT
t2	FALSE	66.90102977648633
t3	FALSE	41.03831379524031
t3	FALSE	31.62323747524004
t5	TRUE	15.93930168612276
t8	FALSE	53.517926021598846
t13	TRUE	36.96978305181393
t15	TRUE	37.91377668719464
t31	TRUE	5.706553406330428
t40	TRUE	19.378573433603222
t43	TRUE	14.290078270342036
t47	FALSE	22.20629407827579
t47	FALSE	20.537178318843473
t48	FALSE	27.254902080836786
t63	FALSE	20.610370708486556
t73	TRUE	12.647261115662829
t80	TRUE	20.43598139866708
t80	TRUE	3.621943054939493
t87	TRUE	25.155429448068944
t92	TRUE	15.136503476062387
t97	TRUE	0.06406182266485416
t106	FALSE	16.4023420908798
t125	TRUE	23.121139760797817
t125	TRUE	1.9752794861060181
t130	TRUE	9.27157711740206
t133	FALSE	10.45956938194358
t138	TRUE	0.1777980500485512
t144	TRUE	6.3246182272591795
t147	TRUE	3.06453005304175
t149	TRUE	12.132489993917744
t161	TRUE	10.210642202203346
t171	FALSE	3.9172153723347662
t188	TRUE	3.9685600699783095
t196	TRUE	14.472035976656969
t204	TRUE	15.666693470541702
t221	TRUE	0.005569873912378398
t226	TRUE	16.17331762400316
t231	FALSE	12.651258390910002
t254	TRUE	8.248761682765476
t272	TRUE	9.30899970554998
t272	TRUE	7.751463049513006
t311	TRUE	4.570651911241129
t322	TRUE	2.524106717198407
t333	TRUE	4.430592987179793
t342	TRUE	8.334941181522652
t348	TRUE	5.118129022835944
t390	TRUE	3.7831850960565703
t412	TRUE	8.569334659431334
t462	TRUE	2.776960055870404
t518	TRUE	5.570761350224728
t585	TRUE	1.700752297180614
