Species	Extant	SampT
t1	FALSE	24.584938662049005
t4	FALSE	15.83004121278988
t17	TRUE	16.873949141231122
t24	TRUE	18.408341689760576
t27	TRUE	1.615253706741406
t29	TRUE	11.918178154273441
t34	FALSE	17.739314566945225
t46	TRUE	3.0606423950046775
t47	TRUE	3.0905487134549645
t64	TRUE	0.6006146778867247
t65	FALSE	5.5025145383972145
t67	TRUE	0.6138842650452503
t70	TRUE	4.708252247136521
t71	FALSE	2.815823289609817
t98	FALSE	2.227142230821478
t107	TRUE	2.1482937284292944
t121	TRUE	1.9365497359227604
t129	TRUE	10.127241045195795
t129	TRUE	8.464013572741486
t130	TRUE	8.100246339668175
t140	TRUE	5.071446440796578
t140	TRUE	0.1206578702286123
t166	TRUE	11.116404574314217
t171	TRUE	9.827901261247426
t173	TRUE	0.10740747714848453
t187	FALSE	6.8838343271682945
t261	TRUE	1.8214935630088718
t265	TRUE	3.059288668262127
t270	TRUE	6.40248586101189
t272	TRUE	5.295406917857562
t280	TRUE	4.137316452380858
t324	TRUE	3.4772453927419633
t350	TRUE	7.1046672426739335
t361	TRUE	3.0414709687771335
t417	TRUE	3.426957739838592
t467	TRUE	0.7163569431559367
t506	TRUE	2.534831798765218
