Species	Extant	SampT
t1	FALSE	42.990360033776525
t4	TRUE	3.257809370640281
t7	TRUE	35.944662798116155
t7	TRUE	9.69674964557602
t7	TRUE	7.787740883708139
t15	FALSE	45.671005586387764
t16	TRUE	19.5683458169583
t17	TRUE	4.213792659202987
t20	TRUE	3.6494174144812703
t22	FALSE	26.728855390366405
t27	TRUE	19.732175419528104
t28	FALSE	23.79433667850659
t31	TRUE	26.72114659093097
t34	TRUE	10.540913221231122
t35	TRUE	1.7352777926429184
t51	TRUE	1.9433676127554236
t60	FALSE	15.454049177134394
t70	FALSE	15.113527069205496
t83	TRUE	0.6913301363527111
t97	TRUE	5.431775142214342
t115	TRUE	3.140014708930565
t115	TRUE	1.546904743606163
t117	TRUE	17.028848635522657
t117	TRUE	5.547271291283899
t131	TRUE	3.350523093778591
t134	TRUE	6.3737386478574365
t142	TRUE	1.7105384162488235
t144	TRUE	16.389065073750565
t162	TRUE	2.0407919059274278
t163	TRUE	6.357639334983716
t166	TRUE	9.059592548729128
t176	FALSE	10.996166076668494
t197	TRUE	8.42626424284277
t197	TRUE	6.453845987534571
t224	TRUE	1.0940516095690498
t229	TRUE	8.465743444974294
t232	FALSE	9.022785629278268
t244	TRUE	3.791393346338282
t253	TRUE	7.138355242028254
t258	TRUE	3.997607400240028
t270	TRUE	1.1280453463675784
t275	TRUE	8.045242846132773
t293	TRUE	6.729487670676477
t318	TRUE	2.110594670746515
t344	TRUE	5.657976101842237
t370	TRUE	0.12073740572353131
t404	TRUE	6.19071386211327
t413	TRUE	0.07414148000384557
t436	TRUE	1.3738309684418581
t448	TRUE	2.337661310459687
t496	TRUE	0.20696788831163815
t512	TRUE	3.802589394082034
t608	TRUE	0.5248017842887052
