Species	Extant	SampT
t41	TRUE	0.026118742067360756
t42	TRUE	9.070484013601082
t50	TRUE	5.321100932430866
t55	TRUE	8.305179027830498
t55	TRUE	6.727466525499956
t58	TRUE	16.12667903387281
t75	TRUE	12.369365064324825
t82	TRUE	2.4758296376407287
t96	TRUE	9.774512323007492
t96	TRUE	0.013543609917668675
t101	TRUE	6.522938178167287
t121	TRUE	1.3136933563980264
t132	TRUE	7.4750428888702345
t158	TRUE	4.430826574434988
t159	TRUE	2.2860413464515617
t176	TRUE	2.113702380704318
t182	FALSE	3.2111048296878906
t195	TRUE	5.5055747464361104
t235	TRUE	6.878320710760661
t241	TRUE	1.2602139355096469
t255	TRUE	1.8869696284385782
t301	FALSE	6.14932738118074
t314	TRUE	1.3069110927848584
t325	TRUE	0.9906482050356615
t363	TRUE	5.820281190443701
t376	FALSE	3.7743716429951846
t405	TRUE	1.555786465136869
t409	TRUE	0.3402922953999692
