Species	Extant	SampT
t1	TRUE	50.17545804815714
t5	TRUE	14.233875167516842
t12	TRUE	29.13164504960006
t13	TRUE	15.125667555309256
t16	FALSE	37.148454147440575
t16	FALSE	25.395646052066425
t33	TRUE	4.440860953366297
t37	TRUE	19.021983951779895
t38	TRUE	13.89533603543292
t39	TRUE	8.749357443210215
t49	TRUE	19.11346644895208
t51	TRUE	5.138941636098828
t58	TRUE	15.898505068347923
t70	FALSE	24.868354254055603
t71	FALSE	10.647060433000256
t73	TRUE	9.826338659208638
t75	FALSE	22.439601768215425
t83	FALSE	15.8659816652942
t93	FALSE	15.035876588822205
t125	FALSE	10.287946339947915
t126	FALSE	17.295568206556283
t133	TRUE	2.4327011456688297
t169	TRUE	8.425774732514249
t201	TRUE	2.8681500133972477
t240	TRUE	2.4484737652994824
t244	TRUE	7.311836792138038
t257	TRUE	1.5360517238434497
t260	TRUE	0.12479971130949252
t275	TRUE	4.184201991070289
t298	TRUE	0.9428219771463517
t308	TRUE	0.29173516192864213
t309	TRUE	3.9199547758835322
t312	TRUE	0.7354884405421416
t334	TRUE	4.887429519667705
t340	TRUE	0.8180827572654579
t381	TRUE	2.0044928965695945
t388	TRUE	1.3005957763460572
t393	TRUE	4.247542122377091
t407	TRUE	3.3065288736378875
t419	TRUE	5.708931022657474
t439	TRUE	1.2485213915105149
t472	FALSE	3.1809731274754895
t485	TRUE	5.102473927236666
t490	FALSE	0.9630264458900797
