Species	Extant	SampT
t2	FALSE	46.391547489650144
t2	FALSE	42.10307108560537
t10	FALSE	31.039366694514214
t10	FALSE	22.945774449382483
t18	TRUE	39.89316852336609
t20	TRUE	27.40413584049577
t20	TRUE	0.3627905179911295
t29	TRUE	25.954489535686662
t29	TRUE	15.018104421940734
t38	TRUE	8.224533575729097
t49	FALSE	21.114181808401803
t64	FALSE	18.25685959058842
t69	TRUE	5.668517963913004
t92	TRUE	19.566538252715482
t92	TRUE	12.427622532572329
t117	FALSE	7.5460085356986895
t122	FALSE	9.161107175914744
t127	FALSE	25.510137200971336
t144	TRUE	13.137835165286546
t146	TRUE	16.68470401475249
t147	FALSE	24.173681043591557
t151	FALSE	16.74084865169464
t158	FALSE	8.911991944379032
t172	TRUE	4.596671210315549
t175	TRUE	16.007152009304342
t186	TRUE	2.859953742001494
t186	TRUE	0.904692474279841
t194	TRUE	5.434523275953879
t213	TRUE	9.810054645044325
t213	TRUE	6.239102844250915
t218	FALSE	9.055546108708796
t223	TRUE	3.4050172815578748
t239	TRUE	6.990518995458466
t262	TRUE	6.37032850562634
t264	TRUE	2.0857854876324637
t293	TRUE	1.7955530497178245
t303	TRUE	2.355424717098799
t314	TRUE	2.193502030074356
t334	FALSE	3.999644692646001
t338	TRUE	6.466849342945579
t367	TRUE	1.1741092760411362
t376	TRUE	0.020783824314889898
t400	TRUE	1.4382236381548381
t412	TRUE	6.409164236134309
t462	TRUE	6.021126699721535
t462	TRUE	0.6718808722145155
t465	TRUE	0.959102962978875
t472	TRUE	2.621375356936312
t488	TRUE	2.6921528154581154
t536	TRUE	2.4353155019507255
t601	TRUE	0.9859478086642213
t619	TRUE	0.3611520079167434
