Species	Extant	SampT
t1	FALSE	44.48417901780853
t2	TRUE	53.211167416493545
t18	TRUE	4.458317021827398
t22	FALSE	36.03876031846069
t37	TRUE	3.6071734533903523
t39	TRUE	2.5070297236307297
t45	FALSE	18.667661724833444
t51	TRUE	19.14607748399009
t52	TRUE	17.47473948889852
t69	FALSE	18.557555096782046
t69	FALSE	6.972086251340109
t70	TRUE	21.736413697587984
t76	TRUE	14.058769703038479
t105	FALSE	13.219722389119404
t116	FALSE	16.132833188801456
t132	TRUE	11.951433788331116
t144	TRUE	7.490022733460229
t164	TRUE	4.830999384598549
t168	FALSE	7.286045144630243
t173	TRUE	1.2371975010060936
t176	TRUE	5.585447821148712
t210	TRUE	5.772958302743021
t235	TRUE	8.019861129888334
t236	TRUE	6.215403563731897
t236	TRUE	2.199227221094894
t268	TRUE	3.1998842232615345
t278	TRUE	5.267524550286836
t316	TRUE	0.7977414253096029
t321	TRUE	7.707616050141972
t328	TRUE	2.9128306920200657
t330	TRUE	0.3276841462625555
t385	TRUE	2.10203187741957
t429	TRUE	2.8045444745864927
t475	TRUE	3.680597651456175
t521	TRUE	1.1218400193728755
t541	TRUE	0.7014164793856636
t553	TRUE	1.4266031836446231
