Species	Extant	SampT
t11	TRUE	10.028691042472062
t13	FALSE	38.40265829036308
t14	FALSE	34.47659955600146
t25	FALSE	19.255477574680484
t26	FALSE	19.490073837217906
t36	TRUE	4.8702390090085
t42	FALSE	17.967716443974354
t47	FALSE	22.273885709003636
t60	FALSE	10.74909882024376
t62	TRUE	5.798747393782719
t67	TRUE	11.244540494063855
t69	FALSE	14.540786154230169
t90	FALSE	11.03833196477126
t105	TRUE	14.49321383075501
t111	TRUE	3.6299442361017213
t144	TRUE	7.492574869195323
t162	TRUE	2.9058596677958803
t179	TRUE	5.40758987900459
t179	TRUE	5.1477812883689325
t190	TRUE	4.304594377190853
t211	TRUE	0.3198430543747719
t217	TRUE	13.106485913231609
t237	FALSE	5.617084045054725
t250	TRUE	4.660122651636158
t251	TRUE	2.5767065010121684
t257	FALSE	5.214683061100217
t261	TRUE	1.6904790538580556
t276	TRUE	4.061943130861536
t309	TRUE	0.4200809230041216
t323	TRUE	2.423180109288012
t363	TRUE	2.311262425182548
t397	TRUE	5.539781114730957
t427	TRUE	1.0304844817479335
t431	TRUE	0.6779858700078023
t445	TRUE	5.995444569673936
t479	TRUE	0.9295700203491322
t495	FALSE	1.1441468901504663
t511	TRUE	3.772010855421385
t511	TRUE	0.18138751950856147
t524	TRUE	4.298075723670607
