Species	Extant	SampT
t2	FALSE	36.33472513119215
t5	TRUE	11.856211304495318
t21	TRUE	3.944944411863979
t28	TRUE	16.490644965769825
t33	TRUE	24.239620745775465
t43	TRUE	7.332125564161537
t44	TRUE	12.264396424436846
t47	TRUE	2.9487065244143125
t54	TRUE	3.9282932859413577
t87	FALSE	14.599494167936093
t88	TRUE	14.474979160458012
t99	FALSE	14.539174808823716
t112	TRUE	1.4231900822400334
t120	TRUE	2.9855428559843418
t124	TRUE	3.987651458832893
t136	TRUE	10.082262737354874
t143	TRUE	5.074565713469248
t147	TRUE	9.242367182534522
t154	TRUE	8.959591760622004
t169	TRUE	7.903065137943301
t171	TRUE	7.908657425820962
t190	TRUE	10.879209783285951
t190	TRUE	7.747011730805134
t199	TRUE	3.6850371745481354
t208	TRUE	10.626746338733888
t216	TRUE	6.491409612057183
t232	TRUE	0.023216229150591516
t241	TRUE	0.14356111506229752
t265	TRUE	2.9145329420807258
t318	TRUE	1.3785488460351232
t328	TRUE	1.152094503003461
t335	TRUE	1.790552812024913
t382	TRUE	1.5455144787289328
t384	TRUE	1.426189550575664
t389	TRUE	0.8894166037325135
t452	TRUE	0.4001589839888098
