Species	Extant	SampT
t1	TRUE	43.370352684612726
t1	TRUE	26.75575828095839
t2	FALSE	35.01811263430495
t5	TRUE	8.564251246067123
t11	TRUE	24.14014978839498
t11	TRUE	7.386524617135933
t12	FALSE	23.11681533102813
t13	FALSE	27.136627583872084
t27	TRUE	23.272999480934644
t42	FALSE	23.130354514350287
t46	TRUE	13.580202546301344
t54	TRUE	26.618702291731367
t65	TRUE	18.738946457037322
t66	FALSE	9.728656684174133
t69	FALSE	7.36569440657081
t71	TRUE	6.5885648566829005
t80	FALSE	24.96866720419103
t84	TRUE	4.416848374916775
t85	TRUE	27.65602799530626
t91	TRUE	23.666161402040828
t99	FALSE	16.308687739060716
t104	TRUE	3.9584094530314786
t121	FALSE	23.376660626230844
t122	FALSE	14.661861950449598
t127	TRUE	11.6428108013626
t129	TRUE	3.7909947291281725
t138	TRUE	4.211521649274211
t144	TRUE	4.398127047983479
t152	TRUE	1.0983563737199091
t160	TRUE	11.8202125778136
t168	TRUE	2.016262547528612
t183	FALSE	7.889192245096844
t189	TRUE	0.34646268517576573
t205	TRUE	2.0507673532223833
t208	TRUE	9.148973010679157
t214	TRUE	3.511789693019338
t217	TRUE	11.246188187889288
t223	TRUE	10.766843120739303
t226	TRUE	14.756109957111455
t268	TRUE	12.20756342221253
t278	TRUE	10.500859722229002
t286	FALSE	12.624095106608216
t291	TRUE	3.386583938550359
t327	TRUE	10.053189624542554
t343	TRUE	3.6896148138818177
t347	TRUE	1.1532077460300059
t367	TRUE	3.4592893264229048
t373	FALSE	7.952230262383225
t389	TRUE	3.198747970782094
t390	TRUE	7.042087145000366
t404	TRUE	1.7955505473625095
t409	TRUE	0.01731779923076715
t416	TRUE	0.08430740337612974
t426	FALSE	7.715021145663684
t443	TRUE	0.7050324261289944
t461	TRUE	5.618903003659753
t463	TRUE	2.8841548982270666
t479	TRUE	4.980775130252347
t615	TRUE	1.1465742772017222
t630	TRUE	0.05608451653159818
