Species	Extant	SampT
t4	TRUE	5.850924651875609
t7	FALSE	25.750348799091896
t13	TRUE	5.139321521248206
t15	TRUE	2.819889756971236
t17	FALSE	33.662359452602004
t19	TRUE	4.623116815491628
t20	FALSE	32.680876860362176
t29	TRUE	4.034438124756662
t37	TRUE	10.54867846497875
t47	FALSE	17.483691939773642
t49	TRUE	8.52769374686789
t58	TRUE	13.511359795593535
t58	TRUE	10.921405918561732
t88	FALSE	24.237040345357734
t100	TRUE	21.670653256470523
t100	TRUE	13.835422373259625
t102	TRUE	18.8525898915998
t109	FALSE	4.791244906351274
t110	FALSE	2.555762122650428
t121	TRUE	4.5265011380558775
t122	TRUE	2.0562324533642453
t124	TRUE	10.64212430177085
t147	TRUE	7.558273223372339
t149	FALSE	19.52005142997836
t164	TRUE	17.473397237404647
t168	TRUE	12.489742530569686
t188	FALSE	4.264729109044865
t189	TRUE	3.069686324795782
t195	TRUE	12.960694208726594
t228	TRUE	3.7138016866290258
t235	TRUE	4.266023588099529
t236	FALSE	6.632772826917773
t246	TRUE	4.817047727927871
t250	TRUE	7.171693604042986
t276	TRUE	1.5858403758057449
t284	TRUE	5.2098525703477705
t290	TRUE	11.088578628251213
t321	TRUE	5.3330426044984804
t346	TRUE	3.3010462905476956
t353	TRUE	4.722617143045753
t383	TRUE	5.4701351288548
t386	TRUE	6.298848264908628
t389	TRUE	0.24789876530328314
t396	TRUE	1.7166311834739076
t416	TRUE	3.311844690288609
t465	TRUE	0.6308362459347663
t482	TRUE	1.001604762701696
t564	TRUE	0.9855730433221481
t565	TRUE	1.3489199437828034
t570	TRUE	0.7659655645079084
