Species	Extant	SampT
t2	FALSE	29.946419495574766
t2	FALSE	2.5593464648794466
t11	FALSE	20.414764255458557
t16	TRUE	29.293377373639842
t16	TRUE	11.122062885471621
t25	FALSE	23.774786041192655
t42	TRUE	1.9642274288249126
t45	TRUE	6.67387013353045
t72	TRUE	2.939621459391269
t76	TRUE	10.589954544930677
t94	TRUE	19.912877159268263
t100	TRUE	4.508054679755624
t102	FALSE	5.502130809776432
t111	FALSE	5.877876386256439
t113	TRUE	22.17030709567245
t116	TRUE	14.585561786555502
t123	TRUE	0.378355234859967
t124	FALSE	20.581471541351206
t126	TRUE	10.993889584649281
t130	TRUE	0.7018708302642835
t138	TRUE	4.653421758442107
t155	TRUE	3.218490800945844
t168	TRUE	12.223910808350027
t179	TRUE	3.118528246161773
t204	TRUE	1.9913138196563978
t235	FALSE	8.383722553704757
t332	TRUE	3.143219368898855
t339	TRUE	0.2188418386134856
t344	TRUE	2.3053226679217858
t385	TRUE	0.38873718198180995
t387	TRUE	2.745363622363392
t388	TRUE	4.524868104131578
t398	TRUE	2.5918782151019855
t420	TRUE	3.6970538763372787
t421	TRUE	0.41663033644205427
t512	TRUE	4.57378445283473
t546	TRUE	0.7362522439337766
