Species	Extant	SampT
t7	TRUE	8.808521147637215
t11	TRUE	6.282105800905953
t28	TRUE	19.43555766220807
t28	TRUE	17.46198575447916
t30	TRUE	21.545626466531886
t36	FALSE	9.07439758785329
t41	TRUE	3.130107145946539
t41	TRUE	0.8243649294535302
t60	FALSE	11.14942061127713
t79	TRUE	11.83220334406191
t81	FALSE	16.53051992992667
t93	FALSE	20.494001093118982
t97	TRUE	3.615888470444048
t101	TRUE	19.499750364683955
t110	FALSE	6.853866602476856
t122	TRUE	9.729047030999944
t134	TRUE	3.42912229379246
t143	TRUE	16.76929360339455
t148	TRUE	13.747805530877194
t160	TRUE	12.330838797955352
t191	TRUE	7.578640471874479
t224	TRUE	3.1567230904905728
t225	TRUE	14.626709841612218
t225	TRUE	4.1601698676031305
t258	TRUE	0.29361556670271227
t311	TRUE	6.84358960886064
t315	TRUE	0.22862344926969058
t321	TRUE	7.3104176324665815
t334	TRUE	7.006608493653907
t353	TRUE	7.5783483716055
t366	TRUE	3.090739044661632
t386	TRUE	4.323805637646885
t396	TRUE	3.259269598237246
t397	TRUE	1.1763874076483845
t415	TRUE	0.41908477086470697
t452	TRUE	4.531804815523245
