Species	Extant	SampT
t6	FALSE	36.13748140162107
t9	TRUE	20.063910023255914
t9	TRUE	13.154182653973095
t13	FALSE	34.26824273512669
t17	TRUE	3.1463053492879
t37	TRUE	8.734591521892646
t38	TRUE	15.145465042190835
t58	TRUE	7.600125472115977
t70	FALSE	16.447315183821154
t80	TRUE	3.488930205885083
t94	FALSE	10.571516011939323
t95	TRUE	4.600202737252474
t116	TRUE	14.04521494942324
t124	TRUE	7.7367170991402645
t133	FALSE	10.054928599919712
t147	TRUE	2.098908220330671
t159	TRUE	0.9999709441643461
t174	TRUE	5.8082024131383605
t185	FALSE	9.179330685463356
t213	TRUE	0.11726316131010606
t226	TRUE	2.5666216292442385
t229	TRUE	3.4343683429006546
t231	TRUE	4.600098116782235
t250	TRUE	3.859797551506759
t316	TRUE	0.8676776686797751
t395	TRUE	0.1924019289950678
t402	TRUE	2.8230027579630814
t455	TRUE	0.8211301346665607
t490	FALSE	2.171318649228283
t564	TRUE	2.5361234167900335
t573	TRUE	0.4304197010470716
