Species	Extant	SampT
t1	TRUE	40.69429647595708
t1	TRUE	39.40612880931322
t1	TRUE	31.64732587719613
t14	TRUE	20.274100085348174
t28	FALSE	17.54829788777453
t35	TRUE	27.91165000332039
t46	TRUE	16.718930302322534
t51	TRUE	0.9308935988690905
t53	TRUE	23.453054767723728
t62	FALSE	23.082998206852203
t71	TRUE	8.753550229599341
t103	TRUE	8.388461065268103
t123	FALSE	14.73475733846189
t128	TRUE	4.980015899090773
t159	TRUE	5.511420743220725
t165	TRUE	7.616444763267538
t169	FALSE	12.796966420132385
t171	TRUE	2.1809700857216825
t172	TRUE	7.6055508647222325
t176	TRUE	6.553906272455123
t179	TRUE	4.426379727218787
t180	TRUE	3.3093490561048213
t191	TRUE	5.194335159896156
t201	TRUE	2.07532493034725
t204	TRUE	6.101942009129928
t205	TRUE	7.039142072607007
t214	FALSE	12.48131048697288
t267	TRUE	8.973138281689401
t273	TRUE	3.545324596529909
t274	FALSE	7.180356075497329
t327	FALSE	3.254811113579507
t351	TRUE	3.666797014256545
t410	TRUE	3.543800210235858
t425	TRUE	0.003157346815726214
t462	TRUE	4.145693201163127
t493	TRUE	0.2647455344908849
t517	TRUE	0.18315310748916147
t535	TRUE	0.7368418120653786
