Species	Extant	SampT
t5	FALSE	68.02458455023658
t7	FALSE	63.06509978618851
t11	TRUE	40.853068588924344
t18	FALSE	30.087648619930015
t38	FALSE	30.3108113458377
t40	TRUE	16.529362304970405
t51	TRUE	17.58446292215281
t52	FALSE	29.448617340567367
t54	TRUE	13.942500705950707
t54	TRUE	10.795424172705793
t67	TRUE	4.894407762619082
t68	FALSE	15.574971674325099
t71	TRUE	2.7204534682048944
t73	FALSE	15.343296464118211
t100	FALSE	24.645962158713168
t118	FALSE	8.3590469472536455
t138	TRUE	5.573923166023704
t138	TRUE	3.56834335125977
t149	FALSE	5.818019159802205
t166	TRUE	3.9471429387368744
t175	TRUE	0.6660147954853102
t186	TRUE	14.40131230928884
t186	TRUE	6.048935927075405
t205	TRUE	2.2201803227082593
t208	FALSE	12.055076836663332
t219	TRUE	5.941546749686765
t286	TRUE	7.878057327249152
t369	FALSE	7.711047330496427
t372	TRUE	0.23744784782306283
t387	TRUE	3.126207699992875
t402	TRUE	2.853850521355369
t412	TRUE	2.592483116050957
t471	FALSE	6.035144759772237
t589	TRUE	0.7789373453370132
t595	TRUE	2.77671324078095
t617	TRUE	0.3784829274444519
t638	TRUE	0.16871365738046507
