Species	Extant	SampT
t1	FALSE	52.65182969888748
t5	TRUE	7.333652685879407
t7	TRUE	31.327653689858394
t8	TRUE	6.214816117492575
t8	TRUE	5.524480337110418
t9	TRUE	10.216745250120802
t11	TRUE	0.38125836271075997
t22	TRUE	8.399866382313618
t22	TRUE	7.717250288186321
t23	FALSE	12.922446199151572
t44	TRUE	11.317074510216848
t45	FALSE	6.557216974984442
t71	FALSE	25.939119081449313
t76	TRUE	10.415536054559865
t98	FALSE	20.416097437980817
t101	TRUE	3.986412960690302
t115	FALSE	21.44495678363085
t117	FALSE	3.224559718502384
t137	TRUE	0.5527838801289846
t138	FALSE	3.6487119563289028
t141	TRUE	15.275142472625639
t176	TRUE	4.79765504911208
t199	TRUE	4.875448722706345
t202	TRUE	1.799618380743837
t234	FALSE	7.719801188649214
t237	TRUE	0.4773309501253138
t262	TRUE	1.2887935021383683
t311	TRUE	5.898827436016994
t345	TRUE	2.7272548769282423
t350	TRUE	1.438592183539896
t362	TRUE	5.056530329155926
t383	TRUE	3.201421273707794
t399	TRUE	4.58547778884553
t416	TRUE	2.4952453982504608
t436	TRUE	1.3069180770173858
t438	FALSE	4.964874571245396
t462	TRUE	4.559333891428565
t517	TRUE	0.23579267380367241
t555	TRUE	0.8953338659877446
