Species	Extant	SampT
t5	FALSE	49.751417422775134
t6	TRUE	38.97546440981925
t7	TRUE	20.51373477479786
t9	FALSE	29.07273867393583
t14	FALSE	14.567257516095061
t26	TRUE	26.374326452962713
t26	TRUE	11.52625753765519
t36	TRUE	17.614189325761117
t47	FALSE	17.525838454839054
t47	FALSE	7.280437629025535
t49	FALSE	14.435291610247063
t61	TRUE	0.6591760067550894
t67	TRUE	0.49342304674873105
t77	TRUE	4.972554835060237
t86	TRUE	12.556317213776673
t120	TRUE	2.7643098590102255
t125	FALSE	6.259593946467447
t134	FALSE	3.2535336257138994
t142	FALSE	11.804156428347973
t145	TRUE	6.893691987458574
t160	TRUE	6.8194872891420175
t170	TRUE	8.034921693786416
t200	TRUE	3.6065564520259414
t236	TRUE	0.7739285747487656
t266	TRUE	2.468239574678961
t273	TRUE	1.0693791951032807
t323	TRUE	2.960868110041659
t354	TRUE	3.647142692442344
t354	TRUE	2.5253972941742404
t360	TRUE	3.5543609300062826
t370	TRUE	1.5404923378185202
t401	TRUE	4.1462047248835034
t421	TRUE	1.3479497528886668
t437	TRUE	2.0236348804466644
t443	TRUE	2.9279217802343993
t448	TRUE	2.6129574484042166
t450	TRUE	0.8719442939368349
t454	TRUE	0.2172224937338143
t458	TRUE	1.2983847554110355
