Species	Extant	SampT
t1	FALSE	53.41306399357874
t1	FALSE	42.39296806035675
t1	FALSE	13.212743215170875
t14	FALSE	16.872193663778205
t23	FALSE	21.463004775594534
t27	FALSE	9.293020531275197
t32	TRUE	1.3667478297599303
t35	TRUE	22.261568351847757
t36	TRUE	11.742132630057796
t47	TRUE	20.63934636338282
t47	TRUE	14.101168400949476
t51	TRUE	6.44446049263729
t71	TRUE	13.237313494192627
t88	TRUE	11.854816065311319
t92	TRUE	1.7474076922684105
t94	FALSE	6.294969129827152
t96	TRUE	15.932256266588489
t98	TRUE	8.163862256493829
t113	TRUE	13.237433942539703
t117	TRUE	0.038293846954623234
t144	TRUE	0.05239380550527528
t150	TRUE	7.166675360822417
t168	TRUE	1.36557172813486
t175	TRUE	7.279756571983519
t184	TRUE	3.1477423147333212
t186	TRUE	8.973471152367047
t212	TRUE	10.675176776906845
t239	TRUE	6.269852962601021
t240	TRUE	0.3765629634414438
t264	TRUE	2.944721712605272
t301	TRUE	0.4402336557233397
t302	TRUE	1.9178474734956268
t313	TRUE	2.8347202740291593
t326	TRUE	1.5167043405331029
t334	TRUE	1.9100665890187685
t377	TRUE	0.7232808295109194
t408	TRUE	3.189088186159431
t493	TRUE	1.0220014759919493
t529	TRUE	0.5981165272752023
t550	TRUE	1.6954595356608237
t561	TRUE	2.214411229103213
