Species	Extant	SampT
t4	FALSE	16.412114618382788
t23	TRUE	2.128142392706721
t36	FALSE	23.060079410169315
t36	FALSE	21.770568357277703
t37	FALSE	8.276739986260175
t39	TRUE	5.152273656853652
t41	TRUE	9.637224873781797
t43	TRUE	4.117032595640779
t55	TRUE	6.963318675997698
t58	TRUE	18.611337542793635
t92	TRUE	2.4641928685907573
t103	TRUE	1.5092867408700954
t140	TRUE	5.268317930701663
t149	TRUE	6.402608847993271
t174	TRUE	6.4757763029249205
t174	TRUE	2.855362304145686
t188	TRUE	1.325460374117469
t217	TRUE	5.129536639491917
t224	TRUE	3.034255658124593
t228	TRUE	3.7491421848862245
t251	FALSE	8.724686792225853
t258	FALSE	2.457878244056886
t273	TRUE	1.388490472923536
t317	TRUE	0.6158785148847983
t339	TRUE	1.7233592654688863
t350	TRUE	0.3053518376872546
t354	TRUE	0.156117537745871
t355	TRUE	1.6611478498556096
t420	TRUE	0.2503902676652672
t460	TRUE	2.6717286285455017
t475	TRUE	1.8010515941589205
t516	TRUE	1.5209759041748612
t530	TRUE	0.6535172759296586
t543	TRUE	0.6683978222767735
