Species	Extant	SampT
t8	TRUE	15.860958786128943
t9	TRUE	1.5078312560106326
t11	TRUE	23.371112432070653
t11	TRUE	22.76098289687244
t20	TRUE	9.83677283978178
t30	TRUE	21.295350242737587
t47	TRUE	8.08153899182323
t54	TRUE	14.159251971351686
t54	TRUE	1.6082423629107439
t83	TRUE	11.673891979808847
t87	TRUE	3.223776247002089
t99	TRUE	9.127945258744386
t102	TRUE	3.898284762231942
t103	TRUE	5.183174494371755
t108	TRUE	1.1599127714658266
t109	TRUE	5.950843562431899
t116	FALSE	10.478264678417148
t147	TRUE	4.7227711053813834
t173	TRUE	3.2282974258462467
t195	TRUE	0.68205952552632
t202	TRUE	4.112214495710063
t212	TRUE	0.04965704307890206
t222	TRUE	6.2537588852650465
t223	TRUE	1.868797987122889
t228	TRUE	7.40927090826241
t236	TRUE	5.958791161362921
t250	TRUE	1.9083107817299698
t268	FALSE	4.5006515031714045
t270	TRUE	7.186835934297481
t334	TRUE	7.750671861145637
t340	TRUE	0.284182454476813
t398	TRUE	0.6175367089190615
t410	TRUE	3.9496158048311543
t427	TRUE	3.179497965782396
t435	TRUE	2.1087520389349663
t503	TRUE	1.988442411272704
