Species	Extant	SampT
t1	TRUE	70.42081024892383
t1	TRUE	42.03599494078472
t4	TRUE	24.270302181691946
t9	FALSE	41.42949721348977
t10	FALSE	37.48267050920157
t12	TRUE	35.44938315090421
t20	TRUE	18.16696424871691
t23	TRUE	1.7779103641229312
t25	FALSE	24.446286242450014
t27	TRUE	5.329828064338983
t29	TRUE	9.768322863029923
t30	FALSE	32.39163123170806
t36	FALSE	17.186454286692694
t36	FALSE	16.768597461177066
t40	TRUE	26.412009245324427
t42	TRUE	13.872207136292332
t69	TRUE	11.401826725117303
t71	TRUE	19.841121213708718
t82	TRUE	7.061411567043422
t91	TRUE	4.99253179628883
t91	TRUE	2.5266463954772718
t98	TRUE	7.062764607574721
t104	TRUE	8.845783552017267
t124	TRUE	9.360800442577812
t146	TRUE	10.3460992017433
t168	TRUE	15.131541642627809
t175	FALSE	6.09484549206644
t184	TRUE	12.17801218555067
t186	TRUE	4.522471999575856
t214	TRUE	0.46213007280037743
t218	TRUE	9.239662855551913
t218	TRUE	9.1336953376903125
t229	TRUE	11.981791078252172
t237	TRUE	0.8896215798341842
t243	TRUE	4.307071678854882
t244	TRUE	0.6115583985603905
t262	TRUE	4.228717055200207
t270	TRUE	5.300257752095916
t305	TRUE	3.1452115539427012
t319	TRUE	2.2209553021183126
t325	FALSE	3.529714106688999
t330	TRUE	1.7541248069764066
t356	FALSE	4.814915603205776
t363	TRUE	3.937229268634141
t421	FALSE	1.7718383947753722
t498	FALSE	0.35722016841847903
t502	TRUE	4.103486433147594
t581	TRUE	0.9281427788267678
