Species	Extant	SampT
t6	TRUE	0.11158319654564508
t11	TRUE	21.278514272266477
t15	TRUE	16.914874896989083
t20	TRUE	6.818301904885423
t24	FALSE	16.09941676320617
t27	TRUE	0.3601353797013047
t61	TRUE	1.2836166787639982
t66	TRUE	1.8175627642655385
t78	TRUE	16.469513288100288
t78	TRUE	9.791507576493153
t83	TRUE	1.9420703042325798
t108	TRUE	1.2345029434420027
t110	FALSE	6.835025770858984
t130	TRUE	1.8433927657913003
t148	FALSE	9.771641265271938
t239	TRUE	1.5669762429244827
t240	TRUE	1.7786838838264671
t245	TRUE	5.044724777646927
t245	TRUE	3.5639979710153895
t291	TRUE	0.2958944521356415
t320	TRUE	3.1141686732666045
t321	TRUE	0.4894717090486367
t339	FALSE	6.132416859275921
t339	FALSE	5.355601631111725
t341	TRUE	0.5239443404280095
t432	TRUE	2.786361997566395
t484	TRUE	2.047808351541768
t513	TRUE	0.7476896634876837
t529	TRUE	0.8068590761171279
