Species	Extant	SampT
t5	TRUE	19.990549340417306
t18	FALSE	25.13455432166481
t22	TRUE	19.540851356668888
t23	TRUE	11.979363433167137
t31	TRUE	7.757613511150083
t38	TRUE	3.8492718619744366
t40	TRUE	22.29874212457781
t43	FALSE	9.557688911433168
t53	TRUE	13.1425940147865
t60	TRUE	7.6113145108251885
t87	TRUE	6.371643466580771
