Species	Extant	SampT
t20	TRUE	3.82387537883082
t35	TRUE	5.644154005119361
t56	TRUE	10.248072890444064
t61	TRUE	12.913487360691992
t67	TRUE	13.022151408653656
t87	TRUE	3.3248423527695508
t117	TRUE	2.0578191435576514
