Species	Extant	SampT
t21	TRUE	13.121990639301202
t22	TRUE	16.05896945516905
t22	TRUE	11.699583152638283
t22	TRUE	3.069116666932203
t25	TRUE	7.385730743963862
t42	TRUE	12.932676913330397
t42	TRUE	5.763038400684181
t57	TRUE	18.22292835043102
t80	TRUE	12.63160408075791
t81	TRUE	8.244718709176112
t96	TRUE	4.21842684244028
t99	TRUE	5.580142307136299
t116	TRUE	1.4234285121734302
t118	TRUE	3.354494167073625
