Species	Extant	SampT
t5	FALSE	12.597553987717
t5	FALSE	10.049119842156173
t6	FALSE	16.560594241711627
t6	FALSE	13.569845923673142
t7	FALSE	34.08413686147908
t8	FALSE	24.087701867649365
t23	FALSE	18.174885584651605
t51	TRUE	10.92089709291212
t74	TRUE	10.169141082211645
t87	TRUE	6.589921523739541
t93	TRUE	10.645122599856855
t95	TRUE	5.173315966990771
t100	TRUE	4.8197207759586504
t117	TRUE	1.1006081454021839
