Species	Extant	SampT
t2	FALSE	55.735614731900824
t13	FALSE	32.33851228365242
t15	FALSE	6.577228900276651
t18	TRUE	13.144225837777057
t22	TRUE	28.46306746461157
t24	TRUE	19.37918263442377
t26	TRUE	1.3476998728922354
t31	TRUE	6.015631637540011
t40	TRUE	9.475337759651453
t50	TRUE	1.2956537694683021
t53	TRUE	12.646700905476393
