Species	Extant	SampT
t8	FALSE	51.62481219199036
t20	FALSE	7.642284366320098
t51	TRUE	5.011099423713844
t67	FALSE	15.50869370220147
t75	TRUE	1.5085704464048746
t98	TRUE	4.555687235465811
t108	TRUE	5.971883638946629
t110	TRUE	6.562433642586818
t139	TRUE	0.8852196066518161
