Species	Extant	SampT
t5	FALSE	23.689562131854743
t16	FALSE	11.377354689940361
t19	FALSE	42.788466706646446
t22	TRUE	7.620931372880321
t22	TRUE	1.8137278821528753
t49	TRUE	17.14610079484197
t49	TRUE	6.238166773949416
t52	TRUE	8.578964354726345
t53	TRUE	20.295020235860136
t61	TRUE	21.13542532557851
t65	TRUE	18.07794762095807
t79	TRUE	5.898464417386364
t118	TRUE	4.167605663978833
t128	TRUE	2.773459673478257
t142	TRUE	1.847175448627297
