Species	Extant	SampT
t11	FALSE	19.638131132310562
t13	FALSE	15.6443878899589
t15	TRUE	9.49817339830291
t16	TRUE	14.039236793956043
t18	TRUE	20.837961060799486
t18	TRUE	4.304525272793896
t20	TRUE	10.690840059495208
t22	TRUE	0.8531430373207911
t25	FALSE	30.60434789059594
t25	FALSE	22.45281268338814
t37	FALSE	20.035307958942525
t49	FALSE	16.15966602835499
t56	FALSE	12.776576767454316
t93	TRUE	4.813545582514671
t96	TRUE	7.313940885433119
