Species	Extant	SampT
t3	FALSE	58.38740495325821
t9	TRUE	3.019102895878703
t12	FALSE	22.057780148817358
t13	TRUE	15.148793584358884
t17	TRUE	4.901936427845271
t29	TRUE	14.513279370652668
t56	TRUE	14.172648494698066
t60	TRUE	6.355661973504624
t69	TRUE	3.687383474804008
t70	TRUE	12.202429148003418
t86	TRUE	0.2807267109006233
t95	TRUE	4.131421800269891
t111	TRUE	0.2665022512002082
