Species	Extant	SampT
t7	TRUE	5.559049384599625
t14	TRUE	14.7412193479298
t16	TRUE	23.816028972201934
t39	TRUE	11.710782089355625
t57	FALSE	11.814899675165584
t67	TRUE	10.557698841604356
t79	TRUE	10.981688377028107
t96	TRUE	11.259992297451127
t143	TRUE	1.959531402804771
