Species	Extant	SampT
t3	FALSE	76.63930344415243
t13	FALSE	39.904052294227085
t13	FALSE	18.31573727111777
t16	TRUE	9.073133391642443
t17	FALSE	26.311433211558786
t22	TRUE	25.609738629141262
t22	TRUE	7.0602241603819635
t22	TRUE	6.258709426979209
t24	FALSE	18.72069814872495
t25	TRUE	6.016010152870848
t31	TRUE	15.719304352321956
t40	FALSE	6.7020369456449345
t41	TRUE	11.700270361762662
t45	TRUE	9.63604733317952
t60	TRUE	13.409359517047832
t70	TRUE	15.75311156031593
t75	TRUE	0.5792059388744235
