Species	Extant	SampT
t10	FALSE	54.33767092937789
t26	TRUE	7.793192212895434
t35	TRUE	15.983170136215165
t36	TRUE	0.8069901651864768
t37	TRUE	2.9671756330252492
t40	TRUE	6.627854567760252
t49	TRUE	5.079455419178316
t69	TRUE	0.9735047869167346
t71	FALSE	13.304744732695283
t78	FALSE	10.899361023411842
t82	TRUE	13.59655562889111
t97	TRUE	4.175549127558696
t111	TRUE	1.893168357548916
