Species	Extant	SampT
t3	TRUE	5.617087819980085
t7	TRUE	0.9459033797213223
t11	FALSE	21.994333964868503
t12	TRUE	1.2239347580393058
t19	TRUE	6.312772087761722
t25	FALSE	23.909975240373612
t26	FALSE	6.042845605860741
t59	TRUE	2.950242846281988
t63	TRUE	13.943126274431158
t70	TRUE	17.47164729720722
t82	TRUE	10.565439850024397
t85	TRUE	3.05380154514949
t117	FALSE	6.973681091758955
t119	TRUE	1.0771752475114127
