Species	Extant	SampT
t2	FALSE	38.17425400076992
t2	FALSE	33.79167809209413
t17	TRUE	23.289183189551707
t22	TRUE	22.490242219611112
t24	TRUE	15.532037199976031
t29	TRUE	12.892211376926795
t29	TRUE	3.1165103979920303
t40	TRUE	20.836147811680583
t40	TRUE	3.4057013750518905
t54	TRUE	2.3554053092460236
t59	TRUE	1.185486730040921
t91	TRUE	6.190570143490049
t108	TRUE	1.0479127724670292
t110	TRUE	3.0243482707340945
