Species	Extant	SampT
t2	FALSE	88.86768515607992
t3	FALSE	83.66217929366793
t19	FALSE	10.935878599377588
t27	FALSE	56.20038415456917
t32	FALSE	48.07837496829828
t35	FALSE	31.610711747395243
t39	TRUE	18.981564574490747
t42	FALSE	56.17914666492856
t47	FALSE	13.218582288541384
t51	TRUE	13.493101768352489
t53	TRUE	13.530095452928578
t57	TRUE	37.18542926523136
t64	FALSE	33.21396232145237
t71	TRUE	27.862515942767146
t72	TRUE	39.715591071981564
t87	FALSE	30.69513563752777
t93	TRUE	12.791038844541987
t98	TRUE	9.809765337357717
t109	FALSE	9.514429596129432
t114	TRUE	11.808493067173657
t118	FALSE	2.53064347074222
t122	TRUE	18.01786067525086
t127	TRUE	6.291631655197705
t128	TRUE	9.9305164512553
t135	FALSE	28.070278780459205
t162	FALSE	17.15524269021833
t172	FALSE	13.118370975494884
t185	TRUE	16.540541712957932
t188	TRUE	8.42737888773864
t189	TRUE	0.5483825590441427
t194	TRUE	6.901086818742243
t204	TRUE	10.088204080580553
t204	TRUE	8.68762857314833
t205	TRUE	15.335578584030856
t229	TRUE	16.212084035284022
t238	TRUE	5.147460711309634
t244	TRUE	5.190777472996217
t250	TRUE	27.176678452329753
t255	TRUE	0.6545308043812241
t260	TRUE	2.7586253403978986
t280	TRUE	13.097805464005717
t290	TRUE	11.801073654743504
t295	FALSE	18.271338115505074
t312	TRUE	16.230844729416802
t313	TRUE	15.367993880490147
t327	TRUE	1.862265369662424
t331	TRUE	9.95413848707561
t346	FALSE	10.414793302944219
t375	TRUE	12.918254715748262
t392	TRUE	3.929673735964201
t399	FALSE	13.298828310020227
t408	TRUE	0.9867981535737584
t435	TRUE	12.50242239361144
t440	TRUE	8.904067376076341
t440	TRUE	5.781304226636053
t452	TRUE	6.727534460073144
t458	TRUE	2.469065160591569
t468	FALSE	6.940499632081753
t481	TRUE	0.44399496353484835
t495	TRUE	2.833769477584326
t588	TRUE	0.06738136461414967
t595	TRUE	0.9544090606227797
t607	TRUE	1.3488309504330687
t683	TRUE	2.738146286961765
t686	TRUE	1.4370338479857452
