Species	Extant	SampT
t1	TRUE	76.87831155529202
t3	FALSE	37.964773332625484
t4	TRUE	63.21014197327264
t7	FALSE	6.30596931137093
t9	TRUE	1.4850613699886708
t39	TRUE	4.825754679670126
t43	TRUE	12.988030706046132
t87	TRUE	8.010073432090437
t101	TRUE	0.8693776027795224
