Species	Extant	SampT
t1	FALSE	50.37029740570332
t2	FALSE	29.993566859841735
t19	FALSE	19.36194669267475
t24	TRUE	17.933922287126272
t24	TRUE	14.574942446626928
t34	TRUE	0.3312094672325827
t36	TRUE	3.63103333098406
t47	TRUE	3.1851331029313172
t71	TRUE	4.907476616162178
t81	TRUE	3.782839876975764
t102	TRUE	3.0768953995273023
t129	TRUE	2.0089798194557815
