Species	Extant	SampT
t2	FALSE	40.59945005432244
t3	TRUE	8.75842466698871
t9	TRUE	4.701747762628436
t14	TRUE	28.61371472433973
t23	TRUE	2.39016298811935
t29	FALSE	17.703481253763595
t33	TRUE	9.70743999478254
t63	TRUE	4.727567509068571
t68	TRUE	6.588031165624706
t88	TRUE	1.2438640146820532
