Species	Extant	SampT
t2	FALSE	52.79023010566438
t3	TRUE	40.04233511447514
t17	TRUE	8.624077373468943
t26	FALSE	29.09312962371463
t36	TRUE	14.601014219443236
t42	TRUE	20.170717425442973
t51	FALSE	33.097095176157964
t76	FALSE	10.867394959486766
t78	TRUE	19.039027804669594
t80	FALSE	5.143213757441437
t114	TRUE	4.021972109418648
t118	TRUE	7.952636469134923
t149	TRUE	1.9862877748344943
