Species	Extant	SampT
t2	FALSE	25.47370513966856
t9	FALSE	48.8501702130843
t9	FALSE	25.82744682448599
t18	TRUE	2.0691643685569545
t28	FALSE	9.129727601478479
t36	FALSE	9.340927013661812
t46	TRUE	8.001348959854326
t49	TRUE	23.240686749083693
t83	TRUE	3.191366462254578
t123	TRUE	3.4321238985005778
