Species	Extant	SampT
t4	TRUE	42.67402861768266
t8	TRUE	18.53937964456042
t16	TRUE	34.841113152100974
t28	FALSE	26.156298291476773
t30	TRUE	5.347888823231543
t31	FALSE	28.174697651397345
t37	TRUE	26.4758763498777
t42	TRUE	8.276516021786819
t66	TRUE	3.740329921397816
t66	TRUE	3.479250354844581
t71	TRUE	11.595711929545118
t83	TRUE	6.174312312229901
t85	TRUE	1.290451166459988
t99	FALSE	9.530360853090983
t129	TRUE	0.831110216263582
