Species	Extant	SampT
t13	TRUE	0.08886232209631828
t15	TRUE	28.508552263757153
t15	TRUE	16.19784539312677
t36	TRUE	10.059327127451027
t46	TRUE	0.546095201056616
t70	TRUE	12.225162208774663
t71	FALSE	9.580099012437003
t87	TRUE	4.884597872065072
