Species	Extant	SampT
t8	FALSE	16.362582135366235
t19	TRUE	18.348587908296494
t38	TRUE	19.675044427752084
t56	TRUE	13.095932520665357
t64	TRUE	6.749501396497102
t73	TRUE	11.386466028399163
t80	TRUE	6.48455598066279
t92	FALSE	5.34775996229547
t112	TRUE	0.629573978369379
