Species	Extant	SampT
t4	TRUE	41.029375397476144
t8	TRUE	32.18396290625277
t11	TRUE	11.84254629306649
t11	TRUE	1.5535768657193074
t28	TRUE	0.18612459118956792
t30	TRUE	30.735614969641176
t30	TRUE	4.0048534788789425
t31	TRUE	49.7732517956871
t36	FALSE	31.667897199378658
t37	FALSE	27.69130991564029
t39	FALSE	41.850223850137574
t40	FALSE	16.389949228769495
t44	TRUE	28.395920015469258
t45	TRUE	28.557311764638868
t49	TRUE	21.768306281479838
t49	TRUE	1.6288790312286636
t58	FALSE	41.40017588290659
t60	TRUE	35.983768067187256
t60	TRUE	29.11391670176568
t61	TRUE	22.908200051661225
t68	TRUE	12.018764620098352
t71	TRUE	24.428825579662714
t77	TRUE	23.924214075044603
t79	TRUE	11.29281161076932
t79	TRUE	0.7038654638787989
t103	TRUE	31.354955242041143
t108	FALSE	26.568821930234122
t112	FALSE	26.811729950024443
t127	FALSE	10.739794940557744
t137	FALSE	19.398581851966725
t137	FALSE	16.509550493903504
t144	TRUE	1.5091915927899322
t150	TRUE	17.12656655262181
t154	TRUE	19.763867020494658
t167	FALSE	28.797693764851644
t168	TRUE	19.149952528926292
t170	FALSE	22.200622497146284
t175	TRUE	14.744527122666724
t178	FALSE	27.727783029542707
t180	TRUE	2.339016681210964
t184	TRUE	9.96088450827095
t192	FALSE	4.078858725994493
t196	FALSE	3.004133190799905
t207	TRUE	14.146760857161993
t207	TRUE	11.512834400929492
t208	FALSE	7.703230932966264
t209	TRUE	0.6075089838111296
t214	FALSE	8.488193037861478
t222	TRUE	21.03892928453874
t222	TRUE	14.448275002639406
t234	TRUE	16.2745203903619
t240	FALSE	8.064358476616277
t242	TRUE	20.133651037140623
t242	TRUE	7.476443134619728
t248	TRUE	15.942823928211808
t253	TRUE	9.841283507943743
t254	FALSE	16.778925551397066
t255	TRUE	5.355781130329532
t265	FALSE	13.455038956227554
t267	TRUE	0.4583751429631775
t268	TRUE	17.117952197932084
t291	TRUE	8.422891902168672
t306	TRUE	8.13841454928911
t306	TRUE	3.4218477854708453
t321	TRUE	5.261934713039366
t328	TRUE	10.302585997946423
t349	TRUE	8.837540612488539
t391	TRUE	4.328411356337625
t393	TRUE	13.500740566267766
t399	TRUE	17.018459587429092
t401	TRUE	10.939831960987831
t411	TRUE	7.860099894763749
t418	TRUE	8.0891380043232175
t418	TRUE	1.5330106442326041
t424	FALSE	3.748552721102868
t430	TRUE	2.671858580473142
t449	TRUE	1.8581720175282896
t483	FALSE	3.1042986752023864
t491	FALSE	5.035825635428267
t495	FALSE	7.273871892128497
t520	TRUE	6.40439930484041
t551	FALSE	7.224773284908423
t631	TRUE	0.43596896702669596
t633	TRUE	1.904950657398473
t657	TRUE	0.41260084908257966
