Species	Extant	SampT
t1	TRUE	34.930517264419464
t5	TRUE	14.199262946677692
t5	TRUE	7.239284315911419
t9	TRUE	30.30287888257515
t10	TRUE	1.8068228710261494
t11	TRUE	12.638265497365197
t13	TRUE	29.264219573074566
t14	TRUE	3.9914788732503723
t17	FALSE	11.375662038103755
t32	TRUE	6.623625365222225
t43	TRUE	16.545258615639305
t46	TRUE	0.2753681405524375
t51	TRUE	5.955010298807672
t83	TRUE	3.5239568099729155
t86	TRUE	4.78006677808834
t110	TRUE	0.9653185657031571
