Species	Extant	SampT
t8	TRUE	48.904045861551865
t8	TRUE	21.570000289345487
t12	TRUE	16.41593215823022
t14	TRUE	35.232178610995874
t16	TRUE	33.34227968721163
t17	FALSE	23.81562613055604
t21	TRUE	23.930484190999692
t21	TRUE	6.767314201637333
t27	FALSE	62.36630163687342
t28	FALSE	53.84618202625492
t41	TRUE	14.709186262797914
t42	TRUE	1.394309805959935
t46	TRUE	9.305731206454766
t59	FALSE	7.110174599760313
t66	TRUE	19.606086358679065
t75	TRUE	5.625433142529005
t79	TRUE	32.98747503983792
t82	TRUE	15.48576723617228
t87	TRUE	7.546109349579595
t89	TRUE	11.878530507746746
t91	FALSE	9.785080963750715
t105	TRUE	3.094469120431242
t115	TRUE	34.587619704448116
t115	TRUE	32.94177159599258
t115	TRUE	26.62837576984657
t117	TRUE	19.313000503655317
t118	TRUE	19.643223901754368
t134	TRUE	1.5161770596428283
t153	TRUE	7.29989155752655
t157	FALSE	28.102223136154734
t169	FALSE	19.249975778604167
t193	TRUE	17.535117738586138
t199	TRUE	4.930953174462175
t199	TRUE	4.16572417340295
t205	TRUE	19.72269496064517
t206	TRUE	17.96682330429438
t208	TRUE	17.689066520504994
t239	TRUE	8.12120987023333
t272	TRUE	2.883829114152661
t289	TRUE	5.727758325625246
t298	FALSE	8.777758391483914
t319	TRUE	10.806789271387075
t322	TRUE	13.496176314226489
t326	TRUE	6.944467171760124
t331	FALSE	13.140587777778364
t331	FALSE	11.511761824548103
t336	TRUE	0.010891342349736988
t358	FALSE	11.112021666288811
t372	TRUE	2.908767141560034
t376	FALSE	10.295926013900385
t378	FALSE	2.1629128325802185
t381	FALSE	5.233649672811012
t398	FALSE	12.22833018623838
t401	TRUE	5.867553719048374
t415	TRUE	1.3295786785701296
t420	FALSE	5.89764953555968
t448	TRUE	7.838831353722526
t529	TRUE	3.6768118260641245
t560	TRUE	5.318056856250124
t565	TRUE	3.79790578516635
t578	TRUE	5.196791216326034
t579	TRUE	1.966299947160394
t590	TRUE	0.6226324073214329
