Species	Extant	SampT
t8	FALSE	9.779341432631966
t10	FALSE	29.327410867148203
t15	TRUE	6.389367889768735
t36	FALSE	11.79843746209665
t44	FALSE	19.827828007430533
t54	TRUE	3.3119576901716243
t55	TRUE	7.3557763405740815
t69	TRUE	16.840750511793694
t84	TRUE	2.4436029958972654
t115	TRUE	2.3966151942879534
t122	TRUE	0.4825350521995233
