Species	Extant	SampT
t6	FALSE	46.52941260283318
t10	TRUE	6.322198233998705
t13	TRUE	28.743271971607882
t16	TRUE	17.70454236599064
t19	TRUE	9.716258779506816
t22	FALSE	45.52340850799193
t25	TRUE	10.03183308556494
t25	TRUE	5.890294674029505
t31	FALSE	18.16726650990649
t37	FALSE	34.174777281368186
t38	TRUE	27.61974975315863
t44	TRUE	7.319497956849432
t45	TRUE	4.232849875335148
t54	TRUE	32.18836058721731
t57	TRUE	10.280924277508007
t61	TRUE	9.886701212620892
t65	FALSE	33.29964647710846
t85	TRUE	10.339407127377982
t95	TRUE	4.95981979778594
t100	TRUE	10.22709413715063
t103	TRUE	20.268207903150113
t107	TRUE	7.40312397812729
t119	TRUE	17.13886106289342
t123	FALSE	27.420159391584562
t143	FALSE	9.296670014499412
t169	TRUE	17.911368794845906
t173	TRUE	1.4383497339981233
t198	FALSE	6.250564984941093
t207	TRUE	4.070200469480383
t221	TRUE	13.105330491860933
t223	TRUE	1.8010067833938308
t227	TRUE	4.812871302206901
t241	FALSE	10.048342076448172
t246	FALSE	21.554460409995457
t250	TRUE	9.927249291367254
t273	TRUE	5.149045132969398
t280	TRUE	11.944331110132623
t283	FALSE	13.407674694297384
t284	TRUE	4.064707241339882
t286	FALSE	21.428738538944266
t306	TRUE	5.4934495448649585
t311	TRUE	1.2116155225547516
t318	FALSE	12.469116172140737
t318	FALSE	11.722466901263495
t319	TRUE	3.6737628886771034
t327	TRUE	0.18411276039915947
t342	FALSE	13.625879946793134
t364	TRUE	0.40880802180286935
t377	TRUE	13.841771389961245
t377	TRUE	3.7607899025529647
t395	TRUE	0.09596302903747755
t411	TRUE	4.727471146168959
t417	TRUE	3.0625208136681863
t421	FALSE	4.77614543918957
t483	TRUE	1.9140328247243303
t495	TRUE	1.7354623537303553
t501	TRUE	4.790747231867229
t507	TRUE	2.631926443347524
t513	TRUE	3.490997436983136
t547	TRUE	3.7649914200410706
t591	TRUE	1.308748117911989
t597	TRUE	2.510391465747716
t600	TRUE	1.4393185968522175
