Species	Extant	SampT
t3	FALSE	31.828009852218955
t3	FALSE	31.45208762974091
t6	TRUE	0.19442783918594841
t12	TRUE	34.739447379216884
t17	TRUE	11.268052411912016
t24	TRUE	9.364085047963272
t24	TRUE	2.1320990375161273
t27	TRUE	47.53671342718157
t30	FALSE	37.20997007859825
t41	FALSE	40.47617903058565
t42	TRUE	23.732603645480808
t42	TRUE	21.889879444065848
t42	TRUE	7.902705046731391
t53	TRUE	25.865445341652645
t53	TRUE	21.705689662805213
t60	TRUE	29.943157210043303
t66	TRUE	5.398922433953189
t69	TRUE	19.692003628945628
t72	TRUE	16.71142459382915
t79	FALSE	25.385717372483732
t80	FALSE	13.439135938025238
t99	TRUE	11.016230588836194
t114	TRUE	13.561160372490718
t115	TRUE	8.174823637746798
t121	FALSE	10.536656941206864
t128	FALSE	11.501913298868175
t135	FALSE	28.304021035712204
t142	FALSE	19.33546943986873
t143	TRUE	12.844796377209
t146	TRUE	13.137337840826675
t160	TRUE	7.195039059115899
t171	TRUE	0.7738690121035035
t176	TRUE	18.957138488837913
t176	TRUE	12.838141707929033
t181	TRUE	1.1201384035850026
t185	TRUE	4.123894266568939
t186	TRUE	8.337169633887989
t186	TRUE	7.341906781949383
t189	TRUE	17.658421021840887
t189	TRUE	14.637467895497458
t202	TRUE	1.4546500572750602
t204	TRUE	10.523946285248684
t246	TRUE	7.470125455739051
t253	TRUE	24.566173268804846
t269	FALSE	6.458005940138683
t278	TRUE	5.4315211779273795
t308	TRUE	8.79290186353272
t314	TRUE	4.4734135664104
t343	TRUE	4.405570688049735
t366	FALSE	4.602075184537966
t370	TRUE	3.880450948170065
t371	TRUE	9.157018703885612
t374	TRUE	2.9133380107942344
t375	TRUE	1.7117847735221972
t406	TRUE	9.003171204523397
t407	TRUE	9.540870389289935
t418	TRUE	5.247522040840707
t452	TRUE	1.2269158735067691
t497	TRUE	0.9078903156053144
t559	TRUE	1.2492911625052443
t562	TRUE	6.145245725440354
t576	TRUE	2.112145630908813
t601	TRUE	1.0401636913490648
t643	TRUE	3.693004833603851
t659	TRUE	3.98124999751505
