Species	Extant	SampT
t4	TRUE	23.07364349854126
t22	FALSE	45.69660263353418
t27	FALSE	43.10186651598508
t27	FALSE	19.793633158019134
t29	TRUE	19.290608744567876
t35	TRUE	27.671631746743337
t35	TRUE	9.97331654169085
t42	FALSE	34.647320412634905
t49	TRUE	35.45663244051077
t51	FALSE	23.484153338630918
t52	FALSE	24.368609739457767
t59	TRUE	11.758780532560948
t85	FALSE	18.285332408837974
t86	FALSE	23.74696278653107
t88	FALSE	14.361872458814545
t89	TRUE	0.2435293011923534
t93	TRUE	14.649480741572717
t100	TRUE	26.97897398964468
t100	TRUE	14.243217786681697
t101	TRUE	1.362527934887268
t108	TRUE	1.9923304796056698
t114	FALSE	39.04157814301056
t114	FALSE	30.103160529760025
t117	TRUE	33.65467403907558
t118	TRUE	14.388671339024938
t121	TRUE	14.997044035315568
t127	FALSE	27.09166799161416
t127	FALSE	8.844932592025216
t131	TRUE	11.260961807192174
t134	TRUE	1.5964344058640876
t144	TRUE	8.332033615877833
t145	TRUE	11.744326327314582
t149	TRUE	2.9878378175355778
t156	TRUE	20.028547652970772
t189	TRUE	11.614987482373436
t196	TRUE	11.034490387407217
t207	TRUE	20.652891278373716
t207	TRUE	19.98568728473259
t220	TRUE	13.90808570190228
t220	TRUE	5.8207617233589986
t224	TRUE	2.4565310328850103
t225	FALSE	9.008531187960855
t234	TRUE	12.791117582556097
t234	TRUE	5.902121564459293
t235	TRUE	4.817976316250494
t238	TRUE	3.4247775385991446
t274	TRUE	1.8047583163885008
t278	TRUE	9.015272226318558
t280	TRUE	8.345393272437008
t292	TRUE	11.975957949359412
t294	TRUE	10.24489759843651
t313	TRUE	16.016664099061458
t338	TRUE	6.053239960996862
t348	FALSE	3.2948210390686796
t357	TRUE	6.772537296759566
t376	TRUE	4.100520741962512
t383	TRUE	6.477408515866983
t387	TRUE	1.9316665131359372
t401	FALSE	2.255883702654586
t409	TRUE	6.2349749882600065
t415	TRUE	4.562067844730777
t416	TRUE	9.924488592374317
t422	TRUE	6.137535208479875
t430	FALSE	9.873962003639122
t434	TRUE	2.440645790561973
t437	FALSE	3.4562073248436604
t445	TRUE	8.374359351080429
t461	TRUE	3.2857915485412548
t468	TRUE	6.7250144514693915
t495	TRUE	8.210348383570604
t565	TRUE	4.569031627558147
t592	TRUE	2.702341038570424
t649	TRUE	0.2599958074533788
