Species	Extant	SampT
t6	FALSE	75.07643581860454
t9	FALSE	88.64064603050252
t15	FALSE	60.76540967872191
t20	TRUE	41.21892744421048
t20	TRUE	6.064806261351535
t31	TRUE	20.36234267364692
t37	TRUE	12.54689276384795
t38	FALSE	56.17668701585577
t41	FALSE	51.6715736605919
t48	FALSE	18.509475377117212
t53	TRUE	1.9981060621531839
t55	TRUE	7.3545405541023
t60	FALSE	50.563166584670256
t70	FALSE	15.381612824906185
t71	TRUE	48.700555153342464
t73	FALSE	44.51275385958809
t74	TRUE	24.27767814620121
t74	TRUE	21.300499477759388
t75	TRUE	28.220490869308847
t78	TRUE	11.071160594783436
t80	FALSE	21.137645149568456
t81	TRUE	12.717181596059717
t85	TRUE	12.27354273404265
t105	FALSE	45.34562448997032
t110	TRUE	2.2264153208784165
t117	FALSE	9.177790740967183
t123	TRUE	14.757716960682586
t123	TRUE	1.0930393251209551
t132	TRUE	27.039713032403213
t140	TRUE	5.095308840038314
t143	TRUE	23.939416105502474
t146	TRUE	20.330661470447325
t151	TRUE	2.999927192311972
t156	FALSE	9.21575250068419
t157	TRUE	8.789902945884833
t168	TRUE	29.41167810129957
t176	TRUE	5.157293311961595
t177	TRUE	25.512444165262053
t178	TRUE	0.0710399021020578
t188	FALSE	20.460304114359204
t203	FALSE	22.79092783832003
t211	TRUE	22.45743694910155
t231	TRUE	10.445554404908066
t232	TRUE	1.1508130126570535
t237	TRUE	8.78148278053743
t248	TRUE	16.17298528744601
t255	FALSE	19.32488872558541
t265	FALSE	22.69510653271307
t279	TRUE	0.07781348387922549
t290	TRUE	12.277052556930599
t294	TRUE	10.199622014524678
t298	FALSE	6.773405573013505
t299	TRUE	2.8091960081384286
t305	TRUE	2.048699286331825
t307	TRUE	11.52940397932744
t315	FALSE	24.70537361264212
t316	TRUE	12.914854226971713
t319	FALSE	20.835102389196962
t319	FALSE	15.964201551492422
t324	FALSE	9.66614604267427
t335	FALSE	15.84632783933479
t339	TRUE	6.521590668649139
t364	FALSE	15.72949777812238
t365	FALSE	6.766899785748279
t381	FALSE	19.75781373871
t395	TRUE	8.17303530395887
t411	TRUE	3.4332973720915305
t426	FALSE	13.16353046379642
t427	TRUE	3.272196355548985
t431	TRUE	8.108028980986944
t455	FALSE	9.248737462770322
t523	TRUE	1.9979911210014905
t538	TRUE	0.05769125071776671
t573	TRUE	9.711566671146116
t576	TRUE	1.4916475076831262
t626	TRUE	3.4375934301703666
t632	TRUE	1.6705800286173371
t682	TRUE	4.234510353257335
t707	TRUE	0.7219749059780156
t708	TRUE	1.0596102586715688
t743	TRUE	0.17499220458182663
