Species	Extant	SampT
t1	TRUE	48.45556403051856
t1	TRUE	7.7567074029499565
t1	TRUE	5.452574026397286
t4	FALSE	81.14377224601606
t5	TRUE	28.90268469455519
t5	TRUE	14.91700371953526
t10	FALSE	30.07240040072307
t12	FALSE	34.13159771920452
t13	TRUE	24.640528013151524
t19	TRUE	18.71227934207286
t23	FALSE	42.089473502271346
t23	FALSE	41.81286194317835
t40	FALSE	34.7951431330915
t44	TRUE	3.963413211492451
t47	TRUE	6.505921529265009
t48	FALSE	23.536152694361306
t48	FALSE	17.289306452028384
t52	FALSE	29.593641914087797
t54	TRUE	6.641979230233019
t69	FALSE	28.004036738574925
t72	TRUE	2.7002382129702482
t85	TRUE	10.336211458722218
t89	TRUE	34.87834732138887
t94	FALSE	19.448833233610515
t96	TRUE	16.05730045392231
t102	FALSE	10.48138596245657
t107	TRUE	21.46922890306257
t108	FALSE	36.27496311650418
t110	TRUE	24.757847439282003
t111	TRUE	21.763963168798583
t111	TRUE	15.048349361026112
t118	TRUE	14.91711231228443
t127	TRUE	8.758344488008419
t130	TRUE	0.9660864345364786
t131	TRUE	8.515820518963992
t143	TRUE	14.572156831284715
t158	FALSE	12.01518252344114
t164	TRUE	3.812854592176535
t167	TRUE	18.60840621340097
t167	TRUE	9.97643249976457
t171	TRUE	23.37842262365858
t171	TRUE	20.080994285734278
t179	TRUE	14.86235821717689
t179	TRUE	6.61485010501579
t185	TRUE	11.704644391771652
t190	TRUE	17.877869964637895
t190	TRUE	11.27131935680761
t191	TRUE	8.368682581353085
t201	TRUE	2.3917067611757545
t207	TRUE	18.851110558437142
t234	TRUE	23.472569447766645
t243	TRUE	11.098920111533033
t257	TRUE	10.900143024256792
t262	FALSE	7.369112927614339
t264	TRUE	1.4204475592260906
t268	TRUE	6.886696095457367
t269	TRUE	7.588649885791256
t294	TRUE	2.0623586589559295
t305	FALSE	16.824879103587847
t306	TRUE	11.754283559281603
t313	TRUE	12.66296185046204
t313	TRUE	5.473192996164585
t321	TRUE	6.064047059248722
t323	TRUE	4.603236208004333
t323	TRUE	2.455977241112265
t361	TRUE	0.07519289755445868
t378	FALSE	4.536774106132199
t392	TRUE	3.5276518870072096
t396	TRUE	8.32026715542355
t396	TRUE	7.272695209524301
t413	TRUE	6.098387145684939
t418	FALSE	11.865725838288085
t424	TRUE	1.7801042478112805
t433	TRUE	6.5610027571434415
t470	TRUE	9.328333817519933
t472	TRUE	5.663715737859633
t494	TRUE	6.822195511998871
t498	TRUE	3.1982265605325892
t515	TRUE	7.268697366089853
t515	TRUE	7.073805451364549
t516	TRUE	8.602048088505285
t534	TRUE	1.763537823408953
t540	TRUE	3.0816296501451177
t571	TRUE	5.15849628716208
t643	TRUE	3.2848508495601862
