Species	Extant	SampT
t3	FALSE	44.69865568914781
t3	FALSE	28.43241652370911
t12	FALSE	28.455530850065493
t15	TRUE	3.923792937593582
t21	TRUE	17.94896600904768
t23	TRUE	13.306461211192804
t23	TRUE	4.658450738197551
t23	TRUE	3.5724720941246346
t26	FALSE	13.02839937284417
t28	FALSE	10.211534300185264
t41	TRUE	24.781247768465345
t45	FALSE	12.622998984010401
t54	FALSE	11.994389538049838
t68	TRUE	15.918794979898898
t74	TRUE	0.9543587512861578
t110	TRUE	3.7860410096443573
t121	TRUE	5.004464771794154
