Species	Extant	SampT
t2	TRUE	19.809644971334635
t4	TRUE	4.528445172415374
t5	TRUE	2.080370182463227
t8	TRUE	3.9125323874889943
t15	FALSE	24.73257154808485
t24	TRUE	5.980541400887105
t34	FALSE	23.848867791707868
t42	TRUE	3.1168290480537735
