Species	Extant	SampT
t7	FALSE	52.225867430104856
t10	FALSE	69.1584283325638
t11	FALSE	67.70403700449893
t21	FALSE	66.68900261624148
t33	TRUE	17.887106780598444
t34	FALSE	8.11315562691334
t40	TRUE	12.12881241454106
t45	TRUE	17.725695627411312
t57	FALSE	23.550008924477524
t58	FALSE	46.224647567806684
t62	TRUE	2.0297767547219365
t66	TRUE	33.758223664196194
t66	TRUE	13.599758783536018
t68	TRUE	30.617411108066513
t73	TRUE	2.630435629505371
t85	FALSE	17.61305375445272
t89	TRUE	14.013546875313097
t98	TRUE	30.072189169035056
t106	TRUE	19.29864600730602
t107	FALSE	13.731904527431212
t117	TRUE	32.06314627324062
t119	FALSE	11.891286783787919
t130	FALSE	18.910030534126037
t132	FALSE	30.69402990926239
t132	FALSE	23.60731613824504
t134	TRUE	10.835537631034086
t135	TRUE	31.79275867946148
t135	TRUE	10.28902991160453
t137	TRUE	11.597920723324364
t142	FALSE	34.470175592741434
t142	FALSE	7.7238121337182974
t158	TRUE	1.627348546754547
t165	TRUE	0.39220573896254507
t175	TRUE	11.662983437685611
t176	TRUE	19.71122273988378
t178	TRUE	5.05768679233924
t179	TRUE	16.20747434529983
t181	TRUE	9.364508495726241
t189	TRUE	20.90498143118637
t196	TRUE	5.659495767184453
t201	TRUE	12.561044542017626
t231	TRUE	3.1427829369448546
t240	TRUE	3.7948609544516074
t244	TRUE	16.463239298480715
t252	TRUE	21.696990146332183
t253	TRUE	10.829822624772078
t273	TRUE	1.4519146358653074
t301	TRUE	20.597366849313488
t320	TRUE	0.954387798188904
t327	TRUE	1.553344070750427
t330	TRUE	5.835720210700103
t331	TRUE	7.335294447776633
t352	TRUE	0.09666225174912313
t369	TRUE	3.2698703374934013
t390	TRUE	5.912752714908862
t401	TRUE	3.3228482169118223
t422	TRUE	5.090629429778488
t444	TRUE	11.614259489208294
t453	TRUE	10.714933880854772
t463	TRUE	1.479788407585204
t471	TRUE	7.506288517384689
t477	TRUE	10.069479465540951
t477	TRUE	4.054818067756003
t502	TRUE	2.9940405304054423
t522	TRUE	7.273384589005843
t532	TRUE	0.24360910587473938
t545	TRUE	1.7314421376819382
t599	TRUE	5.273790881976552
t614	TRUE	2.4073661482234456
