Species	Extant	SampT
t3	FALSE	40.15238705455107
t10	FALSE	12.671721514889953
t16	TRUE	54.34667089935094
t22	FALSE	39.87703071411441
t24	TRUE	5.654252148352839
t31	FALSE	18.48845609115881
t36	TRUE	48.973384699927436
t36	TRUE	5.038332534165846
t42	FALSE	34.54903491654582
t42	FALSE	34.13337284580953
t47	TRUE	28.94521150516158
t47	TRUE	25.869361262412724
t56	TRUE	31.58576542755401
t63	TRUE	43.839474408847245
t72	TRUE	8.678308305365306
t75	TRUE	49.70999038562242
t76	FALSE	36.73321222904671
t81	FALSE	10.849141752624476
t92	TRUE	20.726349408908447
t131	TRUE	1.0381904777478184
t148	FALSE	13.253011044883664
t155	TRUE	7.30452439713639
t156	FALSE	14.863834116123869
t158	TRUE	8.744065267236252
t162	FALSE	18.307239501696984
t178	TRUE	10.37692841401659
t178	TRUE	5.025730398058045
t178	TRUE	1.1850857870123264
t187	FALSE	28.105398599013817
t189	FALSE	24.890279545506424
t194	TRUE	5.04834280769623
t199	TRUE	11.108360008919774
t221	TRUE	4.491453610622784
t231	TRUE	5.82037739945919
t236	FALSE	9.552679849617064
t238	FALSE	23.11425030294305
t245	TRUE	10.063801946339069
t245	TRUE	6.418143722346542
t249	TRUE	0.41210237897823276
t259	TRUE	2.759975463406761
t260	TRUE	2.2040527096691847
t270	FALSE	15.70753984726693
t273	FALSE	13.976773996356698
t290	TRUE	11.716800371122389
t308	TRUE	13.901644431098845
t318	TRUE	8.229141237744926
t326	TRUE	7.874028416201256
t333	TRUE	17.92639133847065
t335	TRUE	6.637635061989798
t342	TRUE	0.317130874734616
t344	TRUE	2.2282374151080973
t345	TRUE	3.073367042020081
t348	FALSE	7.896696907308453
t370	TRUE	5.078055951944847
t373	FALSE	6.242233127388786
t391	FALSE	2.8217874918348684
t433	FALSE	9.864937363465117
t454	TRUE	9.628717378231414
t476	TRUE	4.884492920584449
t501	TRUE	0.862515253050816
t501	TRUE	0.004652792583698329
t512	TRUE	2.5335744035671155
t532	TRUE	1.065336849508526
t538	TRUE	0.4845023644411839
t547	TRUE	2.9370781902423175
t558	TRUE	3.48825356049187
t565	FALSE	3.3820457971340687
t570	TRUE	7.052239868380738
t615	TRUE	1.62075535137798
t625	TRUE	2.692384191999224
t637	TRUE	1.5144379778668338
t641	TRUE	5.34174237728493
