Species	Extant	SampT
t3	FALSE	29.85215621634606
t5	FALSE	23.758466850232708
t7	TRUE	23.963707933215133
t11	FALSE	20.863262751152448
t18	TRUE	14.51619404060952
t26	TRUE	17.58080717877965
t48	FALSE	24.09319180949538
t52	TRUE	13.727875559157837
t54	TRUE	4.412285096563423
t56	TRUE	14.586982170351547
t84	FALSE	7.620871104777109
