Species	Extant	SampT
t2	FALSE	17.515130026645053
t6	FALSE	17.104439827672493
t11	TRUE	21.505255276923776
t18	FALSE	16.65723267478323
t19	FALSE	24.24616694917357
t55	TRUE	15.684406123583777
t58	TRUE	3.279246519197784
t58	TRUE	2.917008465754023
t81	TRUE	13.62651124608277
t107	TRUE	1.0246413274296629
t111	TRUE	2.5598363777030784
t115	TRUE	11.20466243962882
