Species	Extant	SampT
t7	FALSE	37.36070779567801
t15	TRUE	37.88318780454139
t21	TRUE	17.085231421398753
t22	FALSE	17.041507829284186
t22	FALSE	8.798717366013157
t44	TRUE	30.177105156606757
t50	FALSE	19.339551705061886
t66	TRUE	9.81061113369637
t66	TRUE	4.876697895349793
t70	TRUE	19.023892929650273
t89	TRUE	6.531586500849436
