Species	Extant	SampT
t2	FALSE	33.35044630665455
t8	TRUE	25.470780769029517
t8	TRUE	16.229914867964283
t8	TRUE	10.513157089327436
t11	FALSE	32.16251845409664
t19	TRUE	51.2917981676196
t22	FALSE	34.68727779600433
t27	FALSE	27.639248997479697
t28	FALSE	9.261217352929606
t35	TRUE	33.46851417776147
t50	FALSE	27.224710832017678
t53	FALSE	45.06077944258405
t54	TRUE	42.4570369855891
t54	TRUE	12.81267724422915
t54	TRUE	7.153488077021905
t55	FALSE	39.33845880684366
t66	FALSE	38.64831594929831
t93	TRUE	26.3285769953662
t102	TRUE	4.586393154797719
t103	FALSE	21.604288760576793
t107	TRUE	17.59012147236892
t108	FALSE	34.02524291175752
t109	FALSE	38.6313818038102
t110	TRUE	11.650643677466348
t111	FALSE	32.63031123654282
t118	TRUE	4.846284925309561
t120	TRUE	23.70305797946134
t122	TRUE	1.3427605995657501
t127	FALSE	12.48069146186927
t142	TRUE	15.294560209753968
t166	TRUE	6.59712851674891
t179	TRUE	20.77961066453787
t180	TRUE	5.917833882335373
t188	FALSE	21.36876429535336
t199	TRUE	21.10487025719344
t200	TRUE	1.687096564977793
t208	TRUE	13.101606309885256
t214	FALSE	10.492089850306385
t230	TRUE	10.2103149444942
t230	TRUE	6.709543934199644
t258	TRUE	8.294954220288162
t270	FALSE	13.58278495618471
t276	TRUE	2.6952401588154657
t278	TRUE	16.603380422745175
t280	TRUE	5.362828034134509
t285	TRUE	11.857046969936306
t286	TRUE	4.121390662828119
t287	TRUE	15.65909898634203
t296	TRUE	24.99397162255495
t334	TRUE	2.059079873978064
t337	TRUE	1.4418330572056703
t338	TRUE	3.3047007926571297
t357	FALSE	16.168538135888525
t363	FALSE	15.463512908459336
t390	TRUE	7.016716663912632
t392	FALSE	13.665331962670933
t412	TRUE	9.304230561984681
t414	TRUE	12.396374539360622
t443	TRUE	10.572823043946741
t451	TRUE	3.700467979606117
t467	TRUE	0.804629570915651
t472	TRUE	5.723036844033743
t528	TRUE	9.15979652802632
t533	TRUE	3.9246668869552934
t535	TRUE	2.2651023934465826
t575	TRUE	1.929632857197106
t582	FALSE	8.06929992781484
t605	TRUE	2.4427468085076214
t630	TRUE	0.5198503213667465
t634	TRUE	5.20185683453623
t635	TRUE	3.0602754256941864
t677	TRUE	1.8896976430658015
t698	TRUE	2.4793339405922126
