Species	Extant	SampT
t1	TRUE	55.413486568343885
t12	TRUE	8.877393285933024
t12	TRUE	5.391726697984225
t20	TRUE	11.027188519665785
t27	FALSE	16.36062823572224
t44	TRUE	22.66701419792833
t44	TRUE	19.568535221024902
t46	TRUE	8.660340671832387
t47	TRUE	8.721839261753288
t48	FALSE	16.89179822321978
t49	FALSE	16.460487478174826
t74	FALSE	12.844769929536497
t92	TRUE	0.34443052798010854
t106	TRUE	4.674702411851953
t121	TRUE	4.056276089158146
t125	TRUE	2.112469995972006
