Species	Extant	SampT
t7	TRUE	70.21954205596882
t7	TRUE	58.09122190039213
t7	TRUE	45.41427381715732
t20	TRUE	16.84879278327817
t24	FALSE	56.00821280409242
t24	FALSE	51.92000488103366
t44	FALSE	20.75596802942971
t49	FALSE	27.097944724053832
t55	TRUE	0.335872776081402
t67	FALSE	48.915010679285245
t70	FALSE	12.530853704336451
t73	FALSE	44.871551027328664
t90	FALSE	45.75380225494395
t99	TRUE	18.57010098278201
t100	FALSE	32.96597996757093
t100	FALSE	16.314479252628118
t106	TRUE	11.91921909620774
t118	FALSE	33.15256933091689
t120	FALSE	36.88556467962121
t122	FALSE	6.142742763943659
t124	TRUE	41.87726980196298
t133	FALSE	35.80812834901168
t137	TRUE	12.130460676685885
t139	TRUE	2.8721161266329887
t156	FALSE	31.37807003964666
t164	TRUE	14.893197111360479
t169	TRUE	0.12812540629187197
t182	TRUE	29.23973148435998
t182	TRUE	0.6963143402575298
t183	TRUE	0.10705515679180166
t190	TRUE	16.958614889644295
t196	TRUE	8.971112030071154
t198	TRUE	28.68727292602867
t222	TRUE	18.565250290862352
t227	TRUE	18.531757686050724
t234	TRUE	9.76925749113525
t242	TRUE	4.040822596194857
t275	FALSE	9.957201426631599
t281	FALSE	13.385551065137506
t299	TRUE	0.4289259625051045
t315	TRUE	13.942623125045003
t320	TRUE	16.847431215406374
t320	TRUE	6.757969058067516
t333	TRUE	0.5091231244457362
t337	TRUE	2.215255305428812
t365	TRUE	7.232712152627485
t368	TRUE	5.969443021290914
t379	TRUE	8.91968941217796
t399	TRUE	4.724149209134282
t401	FALSE	9.526174543687787
t409	TRUE	4.2494659673861435
t410	TRUE	8.84860955689642
t441	TRUE	4.317942332799717
t443	TRUE	5.360160683722555
t467	TRUE	3.2609440549277764
t472	TRUE	6.444177784563067
t476	TRUE	1.305383143895284
t481	TRUE	3.8558667913774656
t485	TRUE	6.208916248645849
t488	TRUE	3.657128794816572
t515	TRUE	7.194236044915954
t517	TRUE	3.3792620255454153
t536	TRUE	1.6905080086168454
t539	TRUE	2.465397573264653
t542	TRUE	0.6731671250122275
t543	TRUE	8.320338662394676
t544	TRUE	5.423405115286016
t560	TRUE	0.7044850686453117
t581	TRUE	3.8765719210992557
t598	TRUE	2.2290337396748754
t686	TRUE	3.011383774144008
t697	TRUE	0.9035304689972321
t700	TRUE	1.3085422364462431
