Species	Extant	SampT
t1	TRUE	57.1904738360997
t8	FALSE	61.94709226469763
t10	FALSE	20.93111468515781
t20	FALSE	30.084512918411775
t21	TRUE	18.632958525814573
t25	FALSE	26.405405398575425
t49	TRUE	2.2639653445127266
t58	FALSE	9.816814610851765
t61	FALSE	13.911040294310254
t78	TRUE	8.795703075509351
t79	TRUE	8.368362938841855
t115	TRUE	3.9122669356552393
t119	TRUE	7.199939067450472
