Species	Extant	SampT
t1	FALSE	64.80080381862422
t13	TRUE	7.166800464583673
t24	FALSE	38.49541900441005
t31	TRUE	11.204837561334315
t34	TRUE	5.703508560090327
t38	FALSE	39.51934991483104
t44	TRUE	6.489389856138601
t58	TRUE	8.432974410019511
t65	TRUE	6.375183079398255
t68	TRUE	3.8405671788591604
t70	TRUE	8.739733748494217
t108	FALSE	5.577473437342377
t112	TRUE	5.181621740675595
t131	TRUE	2.7298550558495833
t141	TRUE	2.1433728902703137
