Species	Extant	SampT
t11	FALSE	31.940374304172053
t34	TRUE	8.133358385069236
t38	FALSE	10.385150867396476
t45	TRUE	2.415204070849967
t58	TRUE	9.870255263117016
t65	FALSE	8.315577617925825
t73	TRUE	6.240883846802177
t87	TRUE	11.234561967172873
t99	TRUE	10.497916928141443
t104	TRUE	3.2158472176982116
t133	TRUE	0.7329863069816867
