Species	Extant	SampT
t1	TRUE	23.054035173051226
t4	TRUE	22.865713280185616
t9	TRUE	18.092659340489227
t11	TRUE	0.7247286598679707
t14	TRUE	11.967509285451484
t19	TRUE	11.65782202702917
t29	FALSE	31.771627709509353
t30	TRUE	23.36695378108856
t63	TRUE	2.9864232277861404
t90	TRUE	10.792889202824156
t97	TRUE	4.145845181618505
t124	FALSE	6.844043797308977
t144	TRUE	0.5887445615151918
