Species	Extant	SampT
t2	FALSE	56.360293142401275
t5	TRUE	42.99109034468471
t21	FALSE	24.205863573546296
t30	FALSE	22.726457027762734
t41	TRUE	2.102204079104098
t55	TRUE	22.643843289029157
t74	FALSE	3.16600982019704
t76	TRUE	4.597790341660691
t84	TRUE	6.921732075771075
t127	TRUE	2.7320071906420935
