Species	Extant	SampT
t1	FALSE	65.19019938647301
t13	FALSE	25.446643170698252
t17	TRUE	49.90003675419283
t20	TRUE	15.783693894272808
t25	TRUE	4.394318850342984
t25	TRUE	2.9823089368686624
t27	TRUE	6.595135508685004
t52	TRUE	9.963472079419162
t54	TRUE	19.554677955600972
t54	TRUE	4.493324901703346
t61	TRUE	30.330985684738636
t70	FALSE	14.669909810386649
t82	TRUE	6.713733534852736
t115	TRUE	12.005991434999217
t130	TRUE	0.42200128121282887
t132	FALSE	18.411462151440034
t136	TRUE	1.3669691467666212
t137	FALSE	10.874980677301735
t142	FALSE	6.379065369113711
t151	TRUE	8.132143738892069
t156	TRUE	6.357675061321778
t169	TRUE	12.073948991764546
t170	TRUE	0.7246343775654509
t173	FALSE	20.812073749671228
t189	TRUE	6.261165095326106
t196	TRUE	10.557212843731847
t203	FALSE	15.14054393176913
t215	TRUE	22.09465819446487
t218	TRUE	5.773513743744829
t230	TRUE	24.35970887773515
t230	TRUE	3.409975015081784
t230	TRUE	0.3194704116213529
t252	FALSE	2.6845548485720485
t254	TRUE	2.556252526291516
t263	FALSE	11.722909951767463
t277	TRUE	1.3519824596473455
t294	FALSE	4.844193626617013
t299	TRUE	1.9687130378064523
t303	TRUE	4.071211689604198
t339	TRUE	0.6985045590241725
t350	TRUE	9.262270918716503
t355	TRUE	15.383773543704848
t416	TRUE	4.221109276777767
t418	TRUE	8.470344050138756
t422	TRUE	1.477279094474909
t433	TRUE	5.853013764794838
t442	TRUE	2.1811723817706223
t467	TRUE	0.2380243137779985
t475	FALSE	1.570540454517726
t497	TRUE	3.9771102100169458
t509	TRUE	6.6946720199780145
t510	FALSE	5.920455245211201
t520	TRUE	2.474777156326425
t565	TRUE	2.6415108186975687
t570	TRUE	2.8733168266545164
t588	TRUE	0.39839451995116804
t595	TRUE	0.08375615451772944
t607	TRUE	2.678282419223592
t611	TRUE	2.801738030907586
t624	TRUE	3.6613264489106996
