Species	Extant	SampT
t2	TRUE	40.497391589286934
t3	FALSE	37.977576102156746
t3	FALSE	14.091736431811754
t6	TRUE	22.424936345206028
t17	TRUE	20.666111999067667
t30	FALSE	33.930921188654
t31	FALSE	49.900639257873635
t35	FALSE	17.35102457390566
t45	FALSE	17.027713764652724
t48	TRUE	24.031207565971123
t48	TRUE	9.778551892199026
t50	FALSE	18.415960134794517
t50	FALSE	11.189928464951919
t69	TRUE	12.545651708421673
t74	TRUE	16.78715797097273
t78	FALSE	26.733682361896236
t79	FALSE	30.23809534637173
t87	TRUE	10.780786928156843
t91	FALSE	10.375925774489524
t94	FALSE	30.27177379640615
t95	TRUE	31.984500677975568
t96	TRUE	3.0258913497940227
t98	TRUE	17.69317577373962
t99	FALSE	18.267250103439906
t139	FALSE	2.824180050140896
t163	TRUE	7.869302221066057
t177	TRUE	3.469326292139286
t178	TRUE	6.094440603133428
t201	TRUE	17.690203258697856
t205	TRUE	14.56347138849086
t208	TRUE	13.75175045390219
t214	TRUE	5.568987446176777
t237	TRUE	1.0569666957978683
t241	FALSE	12.157800555235163
t253	TRUE	4.329839270735349
t254	TRUE	7.33518294746478
t270	TRUE	8.516528857812595
t272	TRUE	1.3500125565313539
t286	TRUE	9.328610240092786
t289	TRUE	2.7062032103415135
t296	TRUE	5.781647750285174
t299	TRUE	14.164118551999053
t300	TRUE	2.346241188489614
t312	TRUE	1.4542634894958724
t314	FALSE	8.953798934572717
t326	TRUE	4.473844895489471
t327	TRUE	3.503654754325879
t336	TRUE	15.409673973971863
t343	TRUE	4.700777192451682
t372	TRUE	12.385977655710896
t387	TRUE	0.028050046437172682
t389	TRUE	4.199290072973099
t395	TRUE	10.749898798626035
t409	TRUE	11.9379867981688
t436	TRUE	1.6890982023673615
t437	TRUE	7.6407784591636485
t478	TRUE	6.2938332548939755
t501	TRUE	1.5801254732823367
t518	TRUE	0.8865960596697704
t523	TRUE	4.801603318629503
t530	TRUE	3.3658709883504656
t530	TRUE	0.8618623524719027
t549	TRUE	2.297551947494142
t603	TRUE	0.5528937354968093
t617	TRUE	2.7921326496761054
