Species	Extant	SampT
t6	TRUE	29.392127597539826
t7	FALSE	63.96002499183933
t15	FALSE	61.67403556669424
t16	FALSE	58.86973357104027
t19	TRUE	33.266179402985216
t21	FALSE	14.473024318109879
t26	TRUE	5.730950824001766
t29	TRUE	17.656173631258312
t40	FALSE	32.3453719170053
t46	TRUE	41.829887936234854
t55	TRUE	6.9318082455186385
t59	TRUE	23.662729939959696
t60	TRUE	15.308727797629516
t84	TRUE	1.6631998237724304
t93	TRUE	23.888195697071204
t94	FALSE	26.256398595063985
t102	TRUE	10.761727278221002
t108	TRUE	0.484960741880343
t123	FALSE	12.138325743821412
t127	TRUE	17.85821617659957
t133	TRUE	0.9394923523455532
t138	TRUE	0.46507441594506815
t144	FALSE	15.000744827023922
t148	TRUE	12.606965756319724
t155	TRUE	4.237933325737075
t155	TRUE	2.516804783760861
t179	TRUE	16.19052286408538
t186	TRUE	1.8423792788809976
t189	FALSE	4.90535997543995
t198	TRUE	5.601452422685725
t206	FALSE	20.66525613475173
t212	FALSE	10.270162336052621
t248	TRUE	12.288664995777609
t254	TRUE	23.013862569460848
t257	TRUE	1.1744349174667548
t263	TRUE	5.297680126383611
t272	TRUE	9.612013685519628
t273	FALSE	15.197571900046569
t277	FALSE	15.69861147453409
t284	TRUE	10.880000133237388
t294	FALSE	14.43040825317668
t307	TRUE	8.520605994695941
t312	TRUE	6.7064735424928585
t318	TRUE	0.534857538184113
t320	FALSE	17.515578625917072
t334	TRUE	1.2156619484972708
t342	TRUE	1.1679973798638912
t355	TRUE	8.879912084340333
t355	TRUE	3.679942811787413
t376	FALSE	10.97151970313594
t378	TRUE	14.228591949903802
t379	TRUE	3.3630068145506016
t386	TRUE	5.188848241351224
t386	TRUE	4.358084911125886
t390	FALSE	8.894109257695703
t407	TRUE	3.8603627855339937
t424	FALSE	13.929045122554925
t436	TRUE	3.115712250401515
t446	TRUE	11.818008165726368
t463	TRUE	4.960051105457893
t472	TRUE	1.0925657156711708
t486	TRUE	3.943466412496079
t487	TRUE	0.19702609543440985
t510	FALSE	7.594865476447865
t559	TRUE	5.11592604963414
t570	TRUE	6.422336801780233
t578	TRUE	7.552530962643601
t586	FALSE	4.5148625268889475
t608	TRUE	0.3204676729557008
t625	TRUE	2.3802349533314384
t662	TRUE	1.2916409634484864
