Species	Extant	SampT
t2	FALSE	69.36725672425226
t14	FALSE	76.72586919205901
t25	TRUE	11.089015622118211
t36	TRUE	4.780115693410835
t38	FALSE	15.3570307837861
t56	TRUE	18.700979892306634
t79	TRUE	8.228836943689885
t83	TRUE	5.303627925535196
t89	FALSE	8.728686984186268
t131	TRUE	3.084797534875932
