Species	Extant	SampT
t5	FALSE	35.43601960818883
t6	FALSE	61.37740300660991
t7	FALSE	52.32648167106102
t8	FALSE	61.480941266030996
t8	FALSE	49.78439357711467
t9	FALSE	47.943790319074004
t18	TRUE	38.21379778507156
t18	TRUE	37.42763356837435
t29	FALSE	25.616251744448334
t32	FALSE	40.362811925722795
t32	FALSE	17.78913531349464
t33	TRUE	46.37189011964615
t37	TRUE	13.439837427112408
t48	TRUE	33.775864052939895
t50	FALSE	36.07280855131283
t54	TRUE	12.362789791955194
t56	FALSE	23.011051165720502
t59	FALSE	10.409623535150118
t74	TRUE	11.302155279114999
t75	TRUE	1.4566316170346312
t78	TRUE	25.07011995535045
t81	TRUE	14.988239285796553
t118	TRUE	8.250668171085579
t126	FALSE	18.790899517753246
t129	TRUE	4.904568228282642
t137	TRUE	29.876130920240612
t154	TRUE	18.215835283182273
t159	TRUE	11.777757986869304
t163	TRUE	25.393100861590824
t187	TRUE	3.1920683684966065
t196	TRUE	7.59528771264236
t196	TRUE	1.9983445595739369
t206	FALSE	17.98373584078729
t206	FALSE	16.052064879559907
t236	TRUE	11.993801204581231
t247	TRUE	15.187211674610722
t257	FALSE	12.978490464105477
t258	TRUE	2.6409895240284698
t260	TRUE	1.820309957425593
t279	TRUE	7.140679370958182
t283	FALSE	23.06575292603175
t287	TRUE	1.7540960280473001
t292	TRUE	17.797529083327376
t292	TRUE	9.65597917384001
t300	TRUE	6.625375046136298
t309	TRUE	3.1202698208430633
t315	FALSE	22.421442553485292
t322	FALSE	11.736301143131527
t324	TRUE	1.5138892432752726
t327	TRUE	3.735612039732345
t336	TRUE	15.890530973953616
t361	FALSE	19.264775489605896
t362	TRUE	11.570920808166505
t362	TRUE	11.503599457368495
t364	TRUE	7.856361140287092
t365	TRUE	7.192227310711189
t373	TRUE	9.160016898130081
t391	FALSE	9.05205272180261
t408	TRUE	11.864383753219428
t438	TRUE	2.6406819688093606
t454	TRUE	4.5688786216981185
t464	TRUE	3.1548587909579737
t464	TRUE	0.61895007515852285
t476	TRUE	4.130074982187367
t490	TRUE	9.360724158624791
t497	TRUE	4.315651981934124
t530	TRUE	1.34375072195715
t541	TRUE	7.465265395864904
t561	TRUE	2.8684191141582716
t569	TRUE	3.133096601579723
t572	TRUE	5.359547902211958
t604	TRUE	0.050921694444014065
t627	TRUE	2.0124586004263847
