Species	Extant	SampT
t8	FALSE	36.352205573866044
t25	TRUE	9.402937886949374
t27	FALSE	22.995723994339215
t40	TRUE	3.7474967309890133
t49	TRUE	17.31129628404006
t61	FALSE	8.960194054832307
t66	TRUE	16.822047688344874
