Species	Extant	SampT
t2	FALSE	34.548512048546854
t14	TRUE	32.87079306728655
t17	FALSE	24.869133658972963
t20	FALSE	31.749913746558512
t23	FALSE	17.636258221237455
t24	FALSE	30.540256474624798
t33	TRUE	2.615934459635284
t35	TRUE	18.443081581696163
t41	TRUE	12.707020221759109
t49	FALSE	36.768551514926855
t55	FALSE	25.53243828063546
t67	TRUE	1.6903363006270524
t68	TRUE	33.2311999485882
t69	FALSE	7.775586891956976
t70	FALSE	14.63237495435635
t73	FALSE	33.483349955349624
t87	FALSE	37.86003872497737
t96	TRUE	15.604594049900356
t96	TRUE	2.513666156001804
t102	TRUE	0.33628092665517784
t113	TRUE	6.5350224997571615
t114	TRUE	9.285148715380373
t115	FALSE	16.44807305285093
t121	FALSE	34.29418503930846
t125	TRUE	15.94908166464316
t128	TRUE	12.081237465595805
t132	TRUE	2.1090566339347276
t139	TRUE	7.6741217272662965
t167	FALSE	28.673650528027586
t171	TRUE	26.9462201628253
t172	FALSE	24.544596563830922
t183	TRUE	5.16375162242727
t187	TRUE	23.69928549497429
t187	TRUE	14.87955207458738
t205	TRUE	9.105066705532721
t212	TRUE	0.14273996971346037
t221	TRUE	12.822039864245937
t224	FALSE	3.6626106642648892
t233	TRUE	9.719433635121987
t238	FALSE	21.30818534173612
t238	FALSE	18.557361555253905
t245	TRUE	7.5971838841166175
t276	FALSE	10.675659493789183
t277	FALSE	17.94556621249663
t280	FALSE	10.136704036122794
t296	TRUE	2.4629332940932898
t300	TRUE	0.47273539746026927
t319	FALSE	16.66495789499082
t326	TRUE	5.037259653573315
t326	TRUE	3.0475416857650686
t328	FALSE	8.977563645122032
t372	TRUE	4.994872576498523
t379	FALSE	3.778768164084056
t411	TRUE	2.5419373018715987
t420	TRUE	0.3026841712748194
t430	FALSE	14.541969723895647
t465	TRUE	0.24946355755285765
t547	TRUE	6.78666049153621
t549	TRUE	2.5276331571079282
t557	TRUE	0.20986216685467696
t593	TRUE	5.199245568079732
t624	TRUE	0.43754835334355846
t627	TRUE	5.2294043649229565
t648	TRUE	2.235397163001551
t669	TRUE	0.2454347955307128
