Species	Extant	SampT
t8	TRUE	3.9557426829340017
t34	TRUE	20.020268141850366
t49	TRUE	1.6152475727254085
t56	TRUE	3.641702386491019
t58	TRUE	4.284749910591806
t87	TRUE	13.67175632383826
t87	TRUE	12.223751770743753
t100	FALSE	10.68712542432494
t101	TRUE	9.575472399362141
t101	TRUE	0.8944524408486814
t126	TRUE	1.040064261288208
