Species	Extant	SampT
t7	FALSE	84.14619104699838
t16	TRUE	6.490400609929182
t21	FALSE	31.477129379236146
t37	FALSE	6.834442145123134
t38	TRUE	22.6261002238153
t41	FALSE	26.72807424693329
t41	FALSE	24.430755194192358
t41	FALSE	20.121056441133447
t41	FALSE	11.469929193993636
t52	FALSE	10.8231434903593
t65	FALSE	3.6897418195729443
t91	TRUE	1.1288256992796875
