Species	Extant	SampT
t2	TRUE	20.618679216064294
t3	TRUE	10.265433969267686
t9	FALSE	10.96409657075953
t15	FALSE	20.241690965310447
t23	FALSE	23.478515753967354
t25	TRUE	19.331849804500898
t28	TRUE	12.340939525877413
t35	TRUE	7.8125647276106065
t35	TRUE	3.7936213898869937
t38	TRUE	15.6387322320973
t44	TRUE	3.1974208679354277
t51	FALSE	19.875806082658848
t60	TRUE	5.685784746951455
t75	TRUE	10.67427539230809
