Species	Extant	SampT
t1	FALSE	60.02356337227219
t5	FALSE	21.445362168635086
t16	FALSE	23.785365035489264
t20	FALSE	30.52018904516541
t40	TRUE	23.41944129932225
t48	TRUE	6.722045136044748
t67	TRUE	6.237683486730802
t78	TRUE	6.710167552415385
t79	TRUE	10.271334491531384
t107	TRUE	3.02769523078139
t117	TRUE	1.797386333076659
t132	TRUE	2.9783492939368017
