Species	Extant	SampT
t2	TRUE	44.84436569716644
t5	TRUE	17.375147792987434
t13	FALSE	40.26097015556705
t30	TRUE	16.86157977095931
t34	TRUE	28.15836592656386
t34	TRUE	1.5271040886694465
t35	FALSE	30.285147247694553
t49	TRUE	24.583814758857677
t67	TRUE	6.82665719958171
t78	TRUE	10.233960686881815
t93	FALSE	10.33825656072053
t103	FALSE	9.997476543754068
t114	TRUE	7.251085236795049
t141	TRUE	6.407851989671492
t143	TRUE	7.2667736232587075
t158	TRUE	1.7326505271686443
