Species	Extant	SampT
t12	TRUE	19.33583676176451
t13	FALSE	36.4900949610843
t22	FALSE	11.02693239527651
t36	TRUE	4.880330012127146
t42	TRUE	6.77254654370109
t49	TRUE	11.133972717824967
t58	TRUE	7.696094782081268
t63	TRUE	0.031360002761488204
t93	TRUE	4.992811356621786
t95	TRUE	0.44312472276985204
t100	TRUE	2.343205528901123
t113	FALSE	5.092203480733588
t122	TRUE	3.1765895366592787
