Species	Extant	SampT
t2	FALSE	29.751076856013427
t17	TRUE	2.3646934631293632
t26	TRUE	23.356827914876103
t32	TRUE	19.84029266412496
t85	TRUE	4.8496647285556165
t93	TRUE	7.521321268521682
t98	TRUE	8.001191201562413
t124	TRUE	1.7948798269951567
t129	TRUE	2.9843327412415164
