Species	Extant	SampT
t1	FALSE	32.54691776026364
t12	FALSE	14.853737303115466
t15	FALSE	20.929994202829405
t23	FALSE	10.724971442278871
t36	FALSE	20.989866382581027
t49	FALSE	13.98205687724213
t53	TRUE	14.048526939948289
t60	FALSE	11.574454917073979
t75	TRUE	1.6160661581766789
t77	TRUE	11.237430120640056
t81	FALSE	7.936563350791005
t82	TRUE	2.052258408433815
t95	TRUE	8.310697773916488
t95	TRUE	5.800273365620768
t99	TRUE	2.4295352350760453
t103	TRUE	4.275710749609786
t118	TRUE	5.871583509090442
