Species	Extant	SampT
t18	TRUE	3.733442096261655
t22	FALSE	10.426135016723258
t26	TRUE	20.95003178438995
t75	FALSE	8.878166263681337
t77	TRUE	14.885107868132494
t109	TRUE	4.71243933362679
t126	TRUE	0.5582802337863484
