Species	Extant	SampT
t1	TRUE	21.3702823808744
t15	TRUE	31.936817432768116
t22	FALSE	27.8061289481712
t22	FALSE	11.774230168782637
t23	TRUE	29.512432691278285
t31	TRUE	20.835803899417172
t37	TRUE	12.620597782915787
t50	TRUE	21.2434828469175
t50	TRUE	5.434608041699633
t53	TRUE	13.32093910982028
t56	TRUE	0.9760465851422566
t87	TRUE	3.16678207914471
