Species	Extant	SampT
t8	TRUE	13.944183601354467
t12	TRUE	2.012676839282072
t21	TRUE	5.173652521048631
t23	FALSE	29.776671590077633
t27	TRUE	0.34063519173313495
t34	TRUE	6.433869442684745
t67	TRUE	4.752263384447581
