Species	Extant	SampT
t2	TRUE	73.45114340037132
t2	TRUE	39.89235255330886
t3	FALSE	59.02955616275938
t4	FALSE	51.48457274355289
t16	FALSE	50.87505272139898
t26	TRUE	45.93374764129815
t38	TRUE	0.9826417085657226
t54	TRUE	1.6508814050390441
t58	TRUE	7.583132141335412
t70	FALSE	1.4382719319666393
t72	FALSE	11.891442925734921
t91	TRUE	8.379700917502078
t98	TRUE	8.96290011424594
t123	TRUE	0.5773956560606308
t157	TRUE	0.6697079011198355
