Species	Extant	SampT
t1	FALSE	52.46907710696207
t8	FALSE	27.384279422858818
t14	TRUE	32.45085929757039
t14	TRUE	12.616281943255537
t16	TRUE	15.752651067460093
t51	FALSE	37.88238954905157
t52	TRUE	26.090082887596566
t77	FALSE	12.38460537306586
t80	TRUE	2.342739219587237
t82	FALSE	16.46620850713262
t84	FALSE	15.749910587631646
t92	TRUE	2.6942271504994935
t117	TRUE	3.8018688522428903
t120	TRUE	8.459158381700433
t166	TRUE	0.4420563238327091
