Species	Extant	SampT
t10	FALSE	17.660445998222542
t20	TRUE	8.726897962144214
t22	TRUE	23.912300409822997
t30	FALSE	19.805598774920476
t42	TRUE	17.850442866364446
t46	TRUE	13.980386127526806
t58	FALSE	17.656353093119314
t58	FALSE	17.19584885716221
t62	FALSE	17.333131122365266
t64	TRUE	3.540250662304153
t72	TRUE	13.022386136031919
t73	TRUE	7.085983027865112
t134	FALSE	4.055239088493032
t136	TRUE	2.2945802597339338
