Species	Extant	SampT
t2	TRUE	22.99974492309301
t2	TRUE	9.879001942702224
t10	TRUE	24.417313199872993
t30	FALSE	15.214913844548
t31	TRUE	7.7471374831086095
t52	TRUE	1.2838722865267798
t54	FALSE	8.490194104078235
t59	TRUE	5.119856695091997
t65	TRUE	11.96970790755627
t65	TRUE	4.86532081458612
t103	TRUE	6.653690419796533
t123	TRUE	4.8143992195611105
