Species	Extant	SampT
t2	FALSE	59.450428029669546
t9	FALSE	34.929874259029965
t17	FALSE	38.7739910829583
t17	FALSE	34.69569654728225
t26	FALSE	20.482715408376777
t27	TRUE	12.933736482756075
t34	TRUE	17.682229452523146
t47	TRUE	22.734006608993937
t47	TRUE	14.622796767548849
t59	TRUE	2.9670891624799367
t80	TRUE	7.8035921515231905
t86	TRUE	5.575958383885464
t107	TRUE	6.178961892260446
