Species	Extant	SampT
t8	FALSE	44.37928066318532
t14	TRUE	27.263278514274447
t31	TRUE	2.7890246800114795
t35	TRUE	1.7479801503717312
t38	FALSE	10.624331481316602
t39	TRUE	4.405125331548604
t44	TRUE	3.553151717239473
t49	TRUE	0.14418632914639318
t52	TRUE	7.426305834316231
t58	TRUE	1.3704267175121174
t68	TRUE	4.619977298134202
t91	TRUE	3.2349996509454684
t96	FALSE	11.820800214596922
t106	TRUE	0.529275165419719
t112	TRUE	1.709557537864157
