Species	Extant	SampT
t1	TRUE	16.78347269867848
t1	TRUE	12.31230188326942
t4	FALSE	25.625461502406168
t9	FALSE	17.635454722239004
t10	FALSE	20.429732372031914
t11	FALSE	55.1031036288787
t14	TRUE	27.219707903987526
t23	FALSE	20.917587059066577
t58	TRUE	18.864153143853827
t70	TRUE	3.6837156140152985
t89	TRUE	1.1041857047214165
t97	FALSE	15.875915199232395
t98	FALSE	16.204045845450857
t106	TRUE	10.000775503066052
t156	TRUE	1.109783148634186
t160	TRUE	2.5687416026267087
