Species	Extant	SampT
t4	FALSE	27.462630877227973
t6	FALSE	22.027734907609826
t21	FALSE	8.113616177599887
t36	TRUE	17.698359396698848
t46	TRUE	10.749866641410392
t54	TRUE	1.3247121997482907
t55	TRUE	8.71454302236534
t59	TRUE	11.654493024168353
t61	TRUE	12.968876186568977
t62	TRUE	0.4265299282329593
t86	TRUE	6.872526249781515
t90	TRUE	7.084176992055369
t104	TRUE	3.319745712848402
