Species	Extant	SampT
t2	FALSE	30.91260613109757
t10	TRUE	2.555001657625688
t23	TRUE	3.1813806574559607
t30	FALSE	7.405441518073175
t37	TRUE	3.9191625313530523
t44	TRUE	0.15223682127572857
t46	TRUE	1.9828924197694136
