Species	Extant	SampT
t14	FALSE	79.64084566132559
t26	FALSE	75.87168426781102
t31	TRUE	38.32007524084504
t40	FALSE	52.69378067918326
t41	FALSE	38.34322547574831
t45	TRUE	17.237710782599805
t48	FALSE	26.443588738726362
t70	TRUE	23.680183162992762
t77	FALSE	34.43427777962523
t77	FALSE	21.647619159163412
t95	FALSE	27.871446132042962
t103	FALSE	4.399533731123597
t111	FALSE	4.341464093168085
t170	TRUE	1.2591196765161925
t171	TRUE	6.2358762547352455
