Species	Extant	SampT
t3	TRUE	59.30505809642651
t3	TRUE	42.63358209550657
t10	TRUE	32.70534513828721
t12	FALSE	47.57568919452383
t16	FALSE	8.623723566087719
t24	FALSE	36.896809036079524
t27	FALSE	31.430761588493908
t29	FALSE	24.396905908763173
t42	FALSE	19.805438732926405
t53	FALSE	24.237173337737723
t74	FALSE	11.83740707804914
t88	TRUE	13.831847674025681
t88	TRUE	7.715895954634362
t91	TRUE	12.867334951458957
t95	TRUE	3.100479764837729
t101	TRUE	15.031336981819521
t159	TRUE	0.6081791725890326
