Species	Extant	SampT
t2	FALSE	27.575661126860012
t21	FALSE	38.86619252371496
t23	FALSE	43.68920653430168
t23	FALSE	39.119785757040425
t27	FALSE	26.116537616879356
t27	FALSE	14.58711753349067
t31	TRUE	0.7894230085981064
t44	TRUE	6.096290479855213
t54	TRUE	30.597002414697798
t62	FALSE	9.212965383548678
t71	TRUE	4.118561010420677
t104	TRUE	3.123915353938486
t105	TRUE	8.952118742822407
t128	TRUE	0.843486349587323
t153	TRUE	3.217050564543726
