Species	Extant	SampT
t7	TRUE	5.1177175340220344
t12	FALSE	45.62835610645027
t16	FALSE	26.08860396797825
t20	FALSE	50.63779439543821
t28	FALSE	35.892054476402464
t28	FALSE	26.068571662692555
t28	FALSE	19.847599264396564
t46	TRUE	1.8618306336758508
t48	FALSE	55.4591801716134
t52	FALSE	23.747584941844288
t54	FALSE	55.829105359440945
t56	TRUE	39.937946507425615
t63	TRUE	20.2399123533489
t69	FALSE	31.223526443881752
t69	FALSE	26.79222324026692
t72	FALSE	24.44244676385948
t81	TRUE	18.998092241864157
t90	FALSE	16.369458294805156
t102	TRUE	37.04054979507772
t104	TRUE	22.647875940699862
t104	TRUE	12.783180244539665
t118	FALSE	38.761625259633014
t119	FALSE	21.267138090734974
t126	TRUE	10.091720184241836
t132	FALSE	19.368340427643773
t132	FALSE	11.19564103766453
t138	FALSE	30.470986108207093
t147	TRUE	15.06827904413342
t154	TRUE	12.706121312118398
t157	TRUE	8.476390774218956
t158	TRUE	5.391480188162717
t159	TRUE	2.7877416634352414
t165	TRUE	27.592262475457588
t169	TRUE	0.15173919631234867
t178	FALSE	10.83805869492636
t182	FALSE	4.5244995465449875
t192	TRUE	1.232282140052746
t197	FALSE	12.286258589776466
t206	FALSE	22.094857285021945
t208	TRUE	1.4116059880217193
t214	TRUE	11.46701224246138
t225	FALSE	8.708882295215489
t239	FALSE	17.84086473181968
t243	FALSE	15.057896920183723
t248	TRUE	16.236610654830088
t261	TRUE	7.5152546382955165
t262	TRUE	20.394588814182185
t268	TRUE	4.350630164255563
t274	FALSE	26.839363826520135
t275	TRUE	9.045598539266138
t286	TRUE	13.672641002036116
t299	TRUE	0.43519118991247296
t307	TRUE	14.289213262219391
t310	TRUE	6.865046824111374
t325	TRUE	0.5438426047189893
t327	FALSE	14.533432361535986
t328	TRUE	7.099189192668135
t331	TRUE	14.660448861659859
t331	TRUE	9.555381359675494
t349	TRUE	10.66330747706671
t372	TRUE	4.226103098866105
t373	TRUE	5.01125581830496
t383	TRUE	17.474616132811818
t386	TRUE	13.737507924161548
t399	TRUE	6.26679710891932
t404	FALSE	15.080017844566498
t423	TRUE	1.5412741622926376
t455	TRUE	1.4076035688681685
t487	TRUE	4.993488507567207
t490	TRUE	1.4999266459202119
t497	TRUE	5.416663283425606
t498	TRUE	2.7998492728252415
t529	TRUE	1.8322979976701248
t531	TRUE	1.2166210596687108
t543	TRUE	3.9753790628429186
t560	TRUE	7.668184366978409
t574	TRUE	10.290895023144643
t580	TRUE	3.556017958054653
t648	TRUE	0.41921420562489686
t679	TRUE	3.5881254224721886
t707	TRUE	0.7189419319291943
t732	TRUE	0.11494254254981229
