Species	Extant	SampT
t10	TRUE	9.587262823071725
t18	TRUE	8.403752640263932
t30	TRUE	5.131948371645493
t38	FALSE	12.7121914124358
t44	TRUE	7.9604224609750815
t51	TRUE	16.37347904104581
t72	FALSE	4.444672870853353
t112	TRUE	1.1569254087939527
