Species	Extant	SampT
t4	FALSE	23.435410402503237
t15	FALSE	12.377412111706533
t34	TRUE	21.735919982592613
t37	FALSE	17.66335811669721
t46	FALSE	21.137440160907246
t46	FALSE	4.765529088167668
t73	FALSE	17.393090907103357
t91	TRUE	0.45732823675369616
t102	FALSE	15.13100696808388
t102	FALSE	14.40883396715796
t128	TRUE	5.450312645321148
