Species	Extant	SampT
t6	FALSE	55.95064273173861
t15	TRUE	0.30051407092391
t22	TRUE	19.822252138671743
t22	TRUE	2.9981597592719282
t27	TRUE	15.914459775437365
t27	TRUE	9.266717422941227
t42	FALSE	9.21148366538469
t50	TRUE	3.505960029721642
t52	FALSE	14.798274846558932
t55	TRUE	18.64734607354177
t59	TRUE	0.5846802269226998
t65	TRUE	4.815108288950839
t86	TRUE	7.927414724497837
t115	TRUE	4.364003711710886
