Species	Extant	SampT
t25	FALSE	51.567043592190814
t26	FALSE	42.33271430083988
t28	FALSE	33.37589624759765
t39	FALSE	44.81092942347452
t46	FALSE	29.91211833905902
t46	FALSE	19.27679486991532
t48	FALSE	35.8159943999886
t50	TRUE	10.109085322829415
t56	FALSE	43.20869712632623
t56	FALSE	35.24584047139456
t63	FALSE	42.8125652899533
t65	FALSE	28.427290572510472
t74	TRUE	27.257772425071423
t80	TRUE	10.857569765058557
t86	TRUE	10.161896453909122
t87	TRUE	6.847233592739158
t87	TRUE	0.40642156938260143
t90	FALSE	16.470261677977277
t93	TRUE	37.668476129763846
t93	TRUE	5.74855854269039
t103	FALSE	12.042156092883019
t114	TRUE	19.098440704469823
t114	TRUE	8.436944994678043
t124	TRUE	21.13354321904778
t131	FALSE	21.901727784421865
t147	FALSE	14.463817784737387
t157	FALSE	21.772060317394136
t172	TRUE	16.077414773867858
t176	TRUE	9.007591887398036
t188	TRUE	3.934598162343576
t192	FALSE	20.252252152331977
t216	FALSE	27.411509321812034
t244	TRUE	7.317451799612073
t248	FALSE	17.010270814381613
t248	FALSE	7.992169364325775
t265	TRUE	8.722666537634453
t282	TRUE	18.10140231623008
t292	TRUE	5.983942410414684
t304	FALSE	11.345203215871308
t304	FALSE	11.113399262223695
t312	TRUE	3.349179327670413
t314	TRUE	11.851653568629104
t319	TRUE	1.3530125360409642
t319	TRUE	0.4048490881393576
t335	TRUE	8.453077898440185
t350	TRUE	13.84148147827706
t364	TRUE	7.067252691814701
t368	TRUE	7.052527348169704
t372	TRUE	7.791854318200976
t381	TRUE	17.542221932193286
t397	TRUE	0.794867557461572
t426	TRUE	9.095178657409392
t426	TRUE	7.369928449914852
t430	TRUE	3.375298369265579
t441	FALSE	9.767182876603968
t442	FALSE	13.131066807864741
t442	FALSE	5.942680617182091
t488	TRUE	0.029163746353461306
t489	TRUE	3.6505637221957983
t534	TRUE	5.392986492148296
t537	TRUE	3.655460712770875
t541	FALSE	6.179446856295485
t565	FALSE	7.430863924240128
t574	TRUE	5.6043479611373925
t584	TRUE	2.2720779844676002
t600	TRUE	5.744377615179076
t603	TRUE	4.044569231198508
t645	TRUE	3.674763633561085
t657	TRUE	4.560049851841882
t700	TRUE	3.363016808855221
t720	TRUE	4.022366362197644
t745	TRUE	3.694370408412084
t752	TRUE	0.062474387510732754
t752	TRUE	0.060394946273746086
