Species	Extant	SampT
t1	FALSE	89.46925439300796
t2	TRUE	27.447938429069126
t2	TRUE	20.997227284934723
t4	FALSE	86.6285016008256
t30	FALSE	61.70551271144478
t30	FALSE	39.23798757729766
t34	TRUE	31.373438901761972
t39	TRUE	31.6171955442083
t39	TRUE	25.544399771240762
t41	TRUE	26.06374481838722
t45	FALSE	34.307028895679665
t51	FALSE	27.44383864559333
t54	FALSE	44.565232681526425
t55	TRUE	41.43220133272011
t56	TRUE	6.164131929474067
t67	TRUE	7.908086530590083
t70	FALSE	18.326634639966514
t70	FALSE	16.74656132804158
t86	FALSE	21.898650285993185
t87	TRUE	21.555233213416273
t96	TRUE	13.801140992050577
t97	TRUE	15.06712603972305
t98	FALSE	27.82136625268508
t109	FALSE	34.949642472098105
t113	TRUE	19.1617910823596
t122	TRUE	11.27455860539456
t135	TRUE	0.340759993632787
t139	FALSE	10.215231173098388
t149	FALSE	19.060752973696367
t149	FALSE	16.146783870470713
t167	TRUE	8.522707294706265
t167	TRUE	5.248194584656517
t169	TRUE	7.17827636201919
t184	TRUE	11.691198270884016
t185	TRUE	2.79231097788373
t194	FALSE	12.329835799912544
t198	TRUE	11.663311118106336
t199	FALSE	12.308754369822424
t204	TRUE	14.455939366144676
t214	FALSE	23.18908938826867
t217	TRUE	13.160374284184414
t219	TRUE	2.9175005762595845
t232	TRUE	2.631311651766879
t233	TRUE	21.913699635752124
t242	TRUE	4.064211969229177
t243	TRUE	5.479324429055254
t248	TRUE	14.104567177584912
t256	TRUE	2.3940531922120982
t300	TRUE	17.067717369991783
t300	TRUE	5.1924165018484985
t311	FALSE	5.555836365666082
t331	TRUE	2.2379235804381494
t335	TRUE	2.7207690575200587
t369	TRUE	8.52616029720096
t387	TRUE	6.634128277684695
t392	TRUE	11.418860092827288
t400	FALSE	8.647612048454732
t416	FALSE	5.5483357182638144
t419	TRUE	0.791525910612819
t420	TRUE	15.071886835028806
t420	TRUE	12.650093027730861
t428	TRUE	7.82118554282205
t432	TRUE	1.2752588592817062
t437	TRUE	9.051110370847681
t437	TRUE	0.2988056361855058
t456	TRUE	0.9700965303708529
t461	TRUE	0.07275057574813104
t474	FALSE	8.474366676377471
t492	TRUE	1.6383320869314417
t528	TRUE	6.144863318490195
t547	TRUE	9.039566926373112
t561	TRUE	3.4848525816955203
t586	TRUE	5.4754564128378576
t622	TRUE	4.4069714189748765
t653	TRUE	2.934744347223301
t659	TRUE	0.38646191557157294
