Species	Extant	SampT
t5	FALSE	27.026165746048292
t18	TRUE	12.324957464856936
t31	TRUE	17.092994713189583
t62	FALSE	15.379545216049266
t64	FALSE	12.368534199570384
t65	FALSE	17.72867890891125
t70	TRUE	11.14685641149164
t94	TRUE	8.938335968009888
t102	FALSE	11.16024533825665
t108	TRUE	6.230293174378296
