Species	Extant	SampT
t1	TRUE	78.07094251524448
t5	FALSE	67.7154040039388
t5	FALSE	64.9543254245875
t7	TRUE	1.6168660650081534
t9	TRUE	5.394358034826581
t18	FALSE	30.965739927244094
t27	TRUE	28.935416585750474
t34	FALSE	31.504288833900247
t36	TRUE	2.4644169747240596
t38	TRUE	62.40306339869595
t52	TRUE	0.5311447082139154
t55	FALSE	51.49242902727437
t58	FALSE	45.36211934234181
t60	FALSE	29.703647074086142
t63	TRUE	3.651670406853256
t64	TRUE	29.509522583105152
t67	TRUE	50.01706546963475
t67	TRUE	33.86167684429608
t68	TRUE	14.619964386638301
t68	TRUE	12.008436329033273
t73	FALSE	14.0087902468576
t82	TRUE	3.3531705014024737
t97	FALSE	45.26183025372912
t119	FALSE	25.04931737074793
t123	FALSE	10.822209284691553
t126	TRUE	13.952109483323582
t126	TRUE	11.470486439232744
t129	FALSE	19.11419311201901
t142	TRUE	23.775720881104625
t165	TRUE	6.73700922847695
t186	TRUE	16.030512477435693
t187	TRUE	9.508628321464755
t188	TRUE	10.441339861002348
t190	TRUE	7.3279155432500005
t192	FALSE	23.55705780754277
t199	TRUE	4.87053666293842
t212	TRUE	7.441263352202981
t215	TRUE	4.92042671444851
t237	TRUE	16.116092344533072
t241	TRUE	14.848186910405317
t247	FALSE	3.5675955421595376
t258	TRUE	11.737956221105875
t263	FALSE	4.689673484016197
t272	FALSE	17.59558803315943
t278	FALSE	19.06685203406336
t293	TRUE	24.007039334110026
t295	FALSE	20.77655947845961
t308	TRUE	11.318270164768435
t314	TRUE	9.139914023440937
t321	FALSE	18.35432388205031
t323	TRUE	8.381882204986098
t332	FALSE	22.881378442839
t350	TRUE	4.9583695495117155
t350	TRUE	4.09022935684456
t354	TRUE	6.248024290650946
t355	TRUE	5.735821819777868
t362	TRUE	6.960532851491195
t382	TRUE	16.87958593591813
t389	TRUE	1.0639862209483084
t395	TRUE	5.484866476774187
t402	TRUE	7.798386124562796
t413	TRUE	15.235432722412199
t417	FALSE	15.271775120368176
t464	TRUE	0.7085181640766223
t468	TRUE	8.872466540125842
t492	TRUE	5.688339022602847
t521	TRUE	3.670629634125916
t526	TRUE	7.585685090113515
t558	TRUE	7.802868369439693
t608	TRUE	5.663148664555322
t615	TRUE	5.456049624079924
t625	TRUE	7.449816786937006
t634	TRUE	0.21261799874748988
t670	TRUE	3.961386751301319
t707	TRUE	2.6825505450580067
t739	TRUE	0.0393963338459713
t758	TRUE	2.792087601284777
