Species	Extant	SampT
t2	FALSE	66.12112018598003
t8	FALSE	63.218943657651124
t13	FALSE	54.78567637516964
t15	FALSE	50.47219293858476
t19	FALSE	57.19220866596689
t33	TRUE	22.514408738069548
t47	TRUE	15.411980148926801
t59	FALSE	5.984754774547383
t71	TRUE	5.588122722409977
t76	TRUE	2.670787162104091
t110	TRUE	6.611935896966415
t113	TRUE	10.058606258043483
