Species	Extant	SampT
t10	FALSE	62.46943243452064
t11	FALSE	63.12201870317414
t19	FALSE	41.53371512622282
t20	TRUE	5.070686071633318
t27	FALSE	53.70907773263246
t30	TRUE	26.393449861751705
t31	TRUE	31.930930942150596
t36	TRUE	27.060436393587814
t36	TRUE	3.5435931584676297
t46	FALSE	45.17660909204908
t63	FALSE	46.125390635510335
t64	FALSE	27.156890688406328
t68	FALSE	42.47168556857283
t71	FALSE	24.949205878538308
t75	FALSE	5.998865932318253
t91	TRUE	6.935740448824234
t94	TRUE	0.7842576744381375
t102	FALSE	36.78101766462586
t105	TRUE	0.7468692227327551
t106	TRUE	43.781660648622186
t109	TRUE	18.051419632871728
t126	TRUE	17.20319539573059
t135	FALSE	35.509885223883366
t136	TRUE	10.087563939427994
t136	TRUE	6.430730460247062
t148	TRUE	11.079791695055548
t161	FALSE	34.99769901109006
t173	TRUE	4.20420359267986
t174	FALSE	28.820345939874855
t175	TRUE	1.5484316538919103
t182	FALSE	20.603847221604653
t182	FALSE	13.831268143605413
t189	TRUE	16.777392335215254
t191	TRUE	9.730398727158118
t257	TRUE	16.1322375590412
t258	TRUE	9.660596840438785
t265	FALSE	22.55278911955636
t278	TRUE	0.7382192313443596
t281	FALSE	14.463966390095251
t283	FALSE	3.6983310335746467
t292	TRUE	0.9299004057063485
t300	TRUE	20.13305886286804
t301	TRUE	25.208710674208632
t306	TRUE	6.323923960412657
t317	FALSE	23.697124885647696
t333	FALSE	15.948935135661884
t338	TRUE	13.557102279932622
t341	TRUE	4.644623164996105
t346	TRUE	5.053050355295568
t354	FALSE	12.776212570210035
t359	FALSE	11.435238055388623
t370	TRUE	17.07461573931917
t377	TRUE	2.6703616836617954
t382	TRUE	2.841492604024353
t406	TRUE	6.757275729400661
t413	TRUE	10.386026815112487
t422	TRUE	14.745966853657194
t430	FALSE	11.879206244960116
t438	TRUE	0.1633897703404017
t460	FALSE	7.676508379667197
t484	TRUE	7.877589804078198
t504	TRUE	5.513419763164265
t515	TRUE	13.015372594578608
t522	TRUE	4.7704324963564915
t539	TRUE	2.0132094733070005
t541	TRUE	5.650070325381108
t548	TRUE	15.347358476195595
t554	FALSE	15.328963144380936
t566	FALSE	14.214573055665568
t569	TRUE	2.270512078993889
t577	TRUE	2.4710130966923316
t579	TRUE	1.9546865243650728
t609	TRUE	0.6065076896787076
t634	TRUE	0.9205344718582182
t638	TRUE	10.36259185222275
t647	TRUE	4.903473063179504
t650	TRUE	6.714408766363775
t653	TRUE	4.831805491819907
t657	TRUE	5.0512143810486805
t677	TRUE	2.8735750476477477
t689	TRUE	1.8042879142042665
