Species	Extant	SampT
t9	FALSE	86.63163562542884
t12	FALSE	79.56500474473698
t22	FALSE	42.400943019506215
t35	FALSE	54.39070526164598
t36	FALSE	72.23294050584883
t45	FALSE	41.01443119384932
t46	TRUE	43.10504208556782
t46	TRUE	27.532777559142602
t46	TRUE	19.234288107734216
t47	FALSE	22.612668290987074
t48	TRUE	24.979395770984098
t55	FALSE	50.30705840830343
t72	FALSE	11.685657562017923
t77	FALSE	21.270466298186705
t88	TRUE	16.399119235693377
t89	TRUE	4.616429451553671
t103	TRUE	40.4983292601067
t104	FALSE	23.225545812766114
t115	TRUE	34.807460381510865
t140	TRUE	12.905582526796962
t144	TRUE	1.1962519102707176
t155	FALSE	25.064097468326196
t156	TRUE	6.766853730710551
t157	TRUE	14.07355381823919
t158	FALSE	13.039677662930018
t184	TRUE	10.282565239798316
t188	TRUE	26.53273254893878
t188	TRUE	22.888603706659467
t189	TRUE	7.882406254337411
t190	TRUE	20.056970537536728
t191	TRUE	21.31808475022106
t195	TRUE	7.508721409790525
t197	TRUE	15.370381247187709
t210	TRUE	3.412622076664263
t224	TRUE	2.8431906439935233
t229	FALSE	25.62143580595648
t230	TRUE	21.02340626701448
t230	TRUE	20.888733651639853
t230	TRUE	7.773730612017999
t247	TRUE	5.23761518143246
t258	TRUE	8.571065317352492
t259	TRUE	23.89388609429264
t259	TRUE	4.7474884775784005
t264	TRUE	6.422894786368374
t286	TRUE	15.535931976569202
t286	TRUE	1.4308888819639947
t290	FALSE	14.246760605053339
t298	TRUE	8.46468621312917
t312	TRUE	2.0283603740311094
t313	TRUE	3.5103074518046924
t314	TRUE	21.41469855775341
t315	FALSE	9.14562289600488
t319	FALSE	3.8337746952867917
t344	TRUE	0.023731498195161294
t351	TRUE	4.705564566700019
t356	FALSE	19.54168418882037
t381	TRUE	4.622146437681579
t383	TRUE	4.499552873560447
t402	TRUE	5.997279118089523
t402	TRUE	0.07513106734916164
t404	TRUE	1.6071345434612851
t409	TRUE	4.50919295767676
t429	TRUE	6.523072540077635
t430	TRUE	4.590254086095797
t435	TRUE	1.5348021616196377
t459	TRUE	4.282450651155045
t479	FALSE	10.799833443934546
t479	FALSE	6.679006070817337
t487	FALSE	3.496066083553842
t496	TRUE	5.321449977897032
t519	TRUE	0.4501028171609107
t540	TRUE	2.664003782199302
t581	TRUE	5.664736373571827
