Species	Extant	SampT
t2	FALSE	70.18084804010765
t7	FALSE	49.14522289923147
t7	FALSE	11.425938930740031
t8	FALSE	31.024135126076217
t16	FALSE	29.12405042341645
t19	FALSE	40.84874910232579
t24	TRUE	19.867772665912668
t24	TRUE	17.35103806584553
t33	FALSE	25.91660589921581
t46	TRUE	9.370610806285981
t52	FALSE	16.287909369034125
t57	FALSE	25.979293555822963
t74	FALSE	10.484869000015422
t84	TRUE	7.776997214053566
