Species	Extant	SampT
t2	FALSE	38.184507816561286
t2	FALSE	34.05311262207474
t10	FALSE	29.316005605394764
t14	FALSE	40.512798931154535
t30	FALSE	9.707149120757236
t59	TRUE	16.497244584047166
t64	TRUE	20.227515555696442
t78	TRUE	5.095044827180033
t83	TRUE	5.257470154821874
t84	TRUE	3.0341300232496593
t96	FALSE	16.175320026868775
t97	FALSE	6.519713665136948
t119	TRUE	12.954158969318513
t164	TRUE	1.961388396406491
