Species	Extant	SampT
t4	TRUE	16.60208045607598
t15	FALSE	36.7252955259329
t17	TRUE	25.17057682752695
t20	TRUE	11.959256003029168
t50	TRUE	0.7235106587762772
t53	TRUE	5.38918351974462
t63	FALSE	18.27700406434431
t65	TRUE	11.354661295725954
t72	FALSE	16.81486202466882
t100	TRUE	2.7202584945137716
t105	FALSE	5.7336944185700816
t119	FALSE	10.202681246499566
