Species	Extant	SampT
t1	FALSE	69.75059378167812
t8	FALSE	35.50451712718858
t11	FALSE	29.857214953119865
t25	TRUE	11.847710812186733
t25	TRUE	10.010605341719334
t37	FALSE	29.440299566396007
t59	TRUE	27.27766328646392
t67	TRUE	22.010004922431158
t90	TRUE	3.07441917957928
t104	TRUE	6.572649685083903
t121	TRUE	2.113711921463377
t124	TRUE	4.695436933142176
t134	TRUE	5.6492335910687785
