Species	Extant	SampT
t11	FALSE	25.469088142873503
t21	TRUE	8.1479393124511
t31	FALSE	23.027723917574328
t39	TRUE	7.791791934722909
t42	FALSE	31.22824513192635
t51	TRUE	21.275575633303404
t53	TRUE	5.261264615955213
t63	TRUE	9.763773646193386
t100	TRUE	5.374489384500222
t152	TRUE	5.350616026154384
