Species	Extant	SampT
t4	FALSE	33.546640007757134
t15	FALSE	30.596353624299105
t15	FALSE	23.430116426482734
t17	TRUE	9.157671065174952
t19	TRUE	39.61921052163097
t19	TRUE	24.28582424385103
t26	TRUE	28.04037916603228
t41	TRUE	1.8752204655732498
t43	TRUE	1.161604138614905
t43	TRUE	0.6285665573213066
t49	TRUE	2.7388493854907168
t73	TRUE	11.636999151508284
