Species	Extant	SampT
t2	FALSE	46.82251839946679
t7	TRUE	12.973644482195795
t23	TRUE	12.25571476604911
t26	TRUE	19.41660314930526
t49	TRUE	2.490727349486974
t55	TRUE	12.695927304531878
t58	TRUE	6.899484524291353
