Species	Extant	SampT
t5	TRUE	16.59857828701972
t8	TRUE	19.624749791028364
t9	FALSE	12.691371660410752
t16	FALSE	18.920958666303846
t20	TRUE	23.370758797525404
t42	TRUE	12.26906730460992
t43	TRUE	1.190626724354317
t46	FALSE	7.442165540024305
t56	FALSE	4.6172962631113705
t57	FALSE	14.285128062126773
t93	TRUE	0.27321383172674985
