Species	Extant	SampT
t1	FALSE	99.7944816650687
t6	FALSE	70.37714459092531
t6	FALSE	58.144528294465246
t11	FALSE	53.64160794129026
t37	TRUE	10.214461401574653
t39	FALSE	12.164465369582757
t58	TRUE	0.5420399141851249
t60	FALSE	11.466509911954546
t94	TRUE	6.355829336244895
t108	TRUE	3.55063280995563
t109	TRUE	6.268793861114943
