Species	Extant	SampT
t2	TRUE	38.80936387365884
t5	TRUE	0.8987430542141794
t7	FALSE	36.857996922692614
t8	FALSE	24.172334289079487
t8	FALSE	21.382767024760888
t9	TRUE	19.715445670074182
t9	TRUE	11.249771523064332
t21	TRUE	17.130249898147575
t32	FALSE	7.0229566988901695
t41	TRUE	20.271230303572835
t45	TRUE	2.806350940330802
t55	TRUE	7.508605677892454
t73	TRUE	2.4684235993584025
t91	FALSE	8.219669468193231
t93	TRUE	11.984031367821949
t100	TRUE	2.0295829594974037
t113	TRUE	6.361878780292493
