Species	Extant	SampT
t1	FALSE	51.39626883223585
t10	TRUE	12.28676592305429
t15	TRUE	29.466568571095344
t35	TRUE	9.512515299872078
t37	TRUE	9.334615250746722
t39	TRUE	17.048824577065474
t41	TRUE	7.384686316836593
t53	TRUE	10.74052813032118
t58	FALSE	27.141734772336093
t59	TRUE	6.371698577080451
t77	FALSE	5.830604953939456
t97	TRUE	2.257114292822365
t107	FALSE	5.931127654348813
t110	TRUE	1.1990046126489915
t118	TRUE	2.631975871217435
t119	FALSE	2.771096730311399
