Species	Extant	SampT
t7	TRUE	38.72583713261335
t14	FALSE	13.932109262743431
t16	TRUE	2.180751307344295
t19	TRUE	9.47973122684212
t21	TRUE	16.044153498486082
t28	TRUE	3.4278593012810035
t28	TRUE	2.9666316852855203
t42	TRUE	7.189798677753984
t48	TRUE	8.515373131938972
t109	TRUE	0.557317583915804
