Species	Extant	SampT
t4	TRUE	15.558257516160808
t6	TRUE	1.569399400127942
t7	TRUE	17.826774196807285
t30	TRUE	16.35637765701663
t44	TRUE	11.269736196774211
t67	TRUE	5.839704130047636
t94	TRUE	2.8495441358875695
