Species	Extant	SampT
t12	TRUE	27.953507937047164
t14	FALSE	50.946790908780855
t14	FALSE	45.445300768650284
t32	TRUE	26.92768921192156
t37	FALSE	41.508465905060035
t45	TRUE	26.51824191073225
t51	FALSE	22.286065956636058
t55	TRUE	11.960676033300714
t60	TRUE	21.753649271346973
t61	TRUE	28.351454136768645
t65	TRUE	3.866842421615189
t71	TRUE	23.30519226105163
t74	FALSE	23.41734886194523
t82	TRUE	5.285153632092829
t82	TRUE	0.3555162391530473
t84	TRUE	0.4939363127544425
t93	TRUE	15.703670457038534
t98	FALSE	35.377439927866746
t100	FALSE	6.962995324810862
t102	TRUE	22.577088860550973
t103	FALSE	12.674974522428869
t114	TRUE	24.039643870052856
t133	FALSE	29.621611654374348
t148	FALSE	27.940808212252712
t152	TRUE	3.1789628579982434
t183	FALSE	8.920386861357741
t183	FALSE	6.1265531347214335
t200	TRUE	6.873532303321028
t203	FALSE	19.78745476574283
t204	TRUE	12.511116934461711
t210	TRUE	9.421310369113485
t213	TRUE	13.402779712865069
t254	TRUE	9.094535809945938
t266	TRUE	10.210252535574526
t279	FALSE	14.797159600817267
t280	TRUE	0.6368592918544778
t294	TRUE	10.354053126719862
t294	TRUE	2.4967645668211276
t299	TRUE	14.19455616300938
t303	TRUE	4.713833725216247
t317	FALSE	15.047255248053517
t350	TRUE	12.752818619693826
t365	TRUE	15.714235460797532
t373	TRUE	6.921961823090541
t373	TRUE	2.1413120101984617
t419	FALSE	7.3421659364756096
t443	TRUE	2.198007960615513
t443	TRUE	0.5794310726205083
t485	TRUE	9.726993714151547
t563	TRUE	1.560324404929915
t596	TRUE	6.497213509274701
t640	TRUE	5.973158265771588
t690	TRUE	2.236677375361765
t691	TRUE	1.857031355794149
t722	TRUE	0.762919016815232
