Species	Extant	SampT
t2	FALSE	89.12887746764994
t5	FALSE	85.37918179383415
t11	FALSE	37.29831416355343
t12	FALSE	45.902009883056294
t25	FALSE	43.233500195801476
t33	FALSE	42.3731172065414
t37	TRUE	28.97530248983368
t38	FALSE	57.38527320264434
t41	FALSE	50.0852588969006
t44	FALSE	52.73451903350045
t45	FALSE	24.672159068853716
t68	TRUE	45.77142972796729
t68	TRUE	39.36500525399616
t74	TRUE	9.517426313943574
t91	FALSE	9.942916785341382
t93	FALSE	31.132365247111537
t98	FALSE	16.690804915562154
t105	FALSE	14.844263441409822
t140	TRUE	19.000393254826022
t149	TRUE	12.90247128599718
t158	TRUE	3.446354300077843
t175	FALSE	25.459239638934022
t179	FALSE	22.570539386983782
t180	FALSE	23.851311000952066
t188	TRUE	12.856719710955588
t196	FALSE	22.65683790229123
t197	TRUE	20.741701136136868
t197	TRUE	7.955014704973138
t201	FALSE	15.670733351166248
t205	FALSE	19.52108112765849
t208	TRUE	18.267153198668723
t219	FALSE	20.8071821544075
t236	TRUE	3.846107103053143
t242	TRUE	15.545547167456121
t249	TRUE	2.4168290931487064
t252	TRUE	10.504530800598857
t261	FALSE	9.677833122966234
t271	FALSE	17.709078938781445
t278	TRUE	3.074061170967312
t282	TRUE	3.218864974955139
t293	TRUE	14.081277308003322
t296	TRUE	3.4012928710229176
t318	TRUE	5.039832750451325
t323	TRUE	7.7700187327684205
t340	TRUE	3.314963219373041
t349	TRUE	10.216008299322581
t350	TRUE	3.248620233936549
t359	TRUE	5.057457453501996
t372	TRUE	4.570851244666287
t373	TRUE	14.60174139489294
t374	TRUE	7.867007839063419
t374	TRUE	4.871255342418564
t384	FALSE	12.97453794275269
t387	TRUE	12.831485226396893
t412	TRUE	16.742527393568835
t415	TRUE	1.2052649626562015
t452	TRUE	19.247506825505454
t467	TRUE	8.766423170874347
t487	TRUE	2.976173349176335
t492	TRUE	9.771286804093918
t516	TRUE	5.895225103773953
t523	TRUE	1.8402870277847256
t530	TRUE	10.316245677766645
t534	TRUE	8.155432838875413
t534	TRUE	5.068376550379753
t541	TRUE	2.4625492554826565
t555	TRUE	2.6911891007681845
t556	TRUE	1.3202407183538867
t563	TRUE	7.031730368869262
t563	TRUE	4.508425986530142
t564	TRUE	0.151927515657448
t582	TRUE	11.72411318612555
t605	TRUE	2.4722249184939074
t628	TRUE	7.910899671084792
t630	TRUE	0.8390246104279413
t648	FALSE	10.19341094007882
t663	TRUE	1.27137012367659
t678	TRUE	4.7014335228730175
t683	TRUE	9.293812835385282
t684	TRUE	6.740630100079898
t688	TRUE	2.183633785102657
t741	TRUE	3.413658863754435
t758	TRUE	7.255766633645621
t786	TRUE	0.32322433335265544
t829	FALSE	1.9817030785678043
