Species	Extant	SampT
t1	FALSE	53.208253111197294
t2	FALSE	68.87241520851379
t16	FALSE	11.36187778398336
t17	FALSE	49.98624323675053
t25	TRUE	9.67850051985073
t30	TRUE	25.822587403687777
t30	TRUE	19.461494094727428
t39	FALSE	23.984800045420258
t41	FALSE	27.394633146557865
t41	FALSE	11.468345222182634
t44	FALSE	17.000651972062514
t55	TRUE	7.73638651175979
t56	TRUE	15.267704766528638
t56	TRUE	6.053722061365349
t63	FALSE	17.77421785205935
t69	FALSE	35.12111270412744
t71	FALSE	8.482812526703029
t77	FALSE	27.6864135588297
t81	FALSE	38.23873032996669
t84	TRUE	2.8065966095268493
t86	TRUE	2.186064055722923
t101	FALSE	9.779017270487117
t102	TRUE	3.6487076223923367
t123	FALSE	8.923020475646695
t138	FALSE	19.487672273016116
t151	TRUE	4.705874151238788
t156	FALSE	18.01294774495257
t158	TRUE	13.718715107693896
t169	TRUE	20.125019776137293
t173	TRUE	23.786388710916484
t175	TRUE	17.634138703035077
t181	FALSE	14.849955405277257
t192	TRUE	27.698956198047583
t232	FALSE	16.863847321162055
t233	TRUE	14.986989764366896
t237	TRUE	19.29545521850467
t242	TRUE	14.370285972933345
t247	TRUE	16.03739444168076
t247	TRUE	11.680020634101481
t255	FALSE	17.19692665375176
t264	TRUE	8.617615226322684
t266	FALSE	9.777389863225835
t274	TRUE	1.00110100329114
t291	FALSE	8.257791693719838
t323	TRUE	8.2749503961914
t346	FALSE	17.996013095565814
t352	FALSE	13.782774610505854
t355	TRUE	7.422514473046121
t370	TRUE	15.266897562346315
t375	TRUE	6.932103890598299
t375	TRUE	3.311382564641704
t388	TRUE	4.026418638605733
t393	TRUE	7.586851701470096
t404	FALSE	14.530563337916092
t409	TRUE	4.672967808552258
t434	TRUE	2.5135339812377993
t444	FALSE	9.519777709375873
t454	TRUE	5.948981998595599
t454	TRUE	5.084500910821561
t488	TRUE	3.9706662965215287
t519	TRUE	5.264381505102278
t520	TRUE	5.443815242167233
t525	TRUE	0.6372955629983181
t599	TRUE	9.750930923319416
t610	TRUE	4.062159800038273
t624	FALSE	7.541591522131029
t632	TRUE	6.163405549676028
t665	TRUE	4.330432388975808
