Species	Extant	SampT
t5	FALSE	23.467242112071162
t5	FALSE	7.569255045796112
t5	FALSE	7.443775999540762
t9	TRUE	37.4111823272396
t13	FALSE	14.170367456210897
t25	FALSE	55.45627390245165
t25	FALSE	37.684640979638345
t29	TRUE	4.78341351396918
t32	TRUE	39.594289153383954
t33	FALSE	31.456910849827665
t38	TRUE	18.479632084727356
t43	FALSE	63.44614556285694
t47	FALSE	42.03145210800976
t47	FALSE	36.63140319211733
t50	TRUE	46.199368773253845
t50	TRUE	29.031189525725523
t58	FALSE	33.129625201109576
t61	FALSE	28.737097522813116
t79	FALSE	37.63468783835435
t85	FALSE	28.5522393154195
t88	FALSE	17.191115037893596
t109	TRUE	30.885802131135918
t119	TRUE	11.866458413016261
t119	TRUE	3.876095591869415
t123	TRUE	16.666282432064094
t132	TRUE	18.53756147570911
t136	FALSE	31.788103019836896
t138	FALSE	3.2269735308299374
t140	FALSE	23.4786498814576
t141	TRUE	0.4236391965345092
t148	TRUE	0.01721965868509301
t163	FALSE	14.9532409346279
t168	FALSE	13.393886087903809
t173	FALSE	22.050231566101928
t176	TRUE	13.131725514359161
t185	FALSE	9.648462804209103
t189	TRUE	6.594239014429718
t196	TRUE	23.19863314288881
t199	FALSE	6.737166569939745
t204	TRUE	25.934394523567633
t211	TRUE	12.64551513182289
t213	FALSE	18.568043265039265
t215	TRUE	8.0595009947005
t216	TRUE	16.980830697616838
t217	TRUE	6.354270953652673
t220	TRUE	26.255535199568072
t229	FALSE	29.715259027872435
t231	TRUE	10.408738632800393
t236	TRUE	12.309975810170059
t239	FALSE	8.349702024310858
t255	TRUE	25.99860961239851
t262	FALSE	5.343481858904397
t271	TRUE	3.6449253171495144
t271	TRUE	0.2998949802495332
t294	TRUE	7.831665309872733
t309	FALSE	15.391605445299405
t323	TRUE	11.776594254347899
t328	TRUE	1.7273567905689333
t333	FALSE	25.442467556771817
t339	TRUE	17.529612578479117
t356	FALSE	6.844150310630454
t395	FALSE	7.165653026245636
t416	FALSE	10.150427531313426
t427	TRUE	11.951882686453217
t430	TRUE	2.995162237677448
t432	TRUE	1.3900474516808288
t435	FALSE	12.509198936107893
t443	TRUE	8.151123612869057
t449	TRUE	5.670837112780845
t458	TRUE	1.2092253277252922
t461	TRUE	10.925615092293327
t461	TRUE	1.1713412679565494
t468	TRUE	9.969671379322293
t468	TRUE	5.934323682353963
t488	TRUE	0.19326865653047776
t490	FALSE	16.399046594315436
t505	FALSE	12.718395354899556
t516	TRUE	3.8608236648018845
t530	FALSE	13.15704265003933
t571	TRUE	11.00789136153952
t595	TRUE	5.638146602682468
t601	FALSE	7.326114502967883
t627	TRUE	2.5830646385590086
t630	TRUE	0.6064000398692286
t649	TRUE	2.320998328824615
t663	TRUE	0.6527708260829002
