Species	Extant	SampT
t10	FALSE	82.84201157167318
t18	FALSE	37.33879584256236
t18	FALSE	33.70538172680561
t37	FALSE	63.07054361483125
t38	FALSE	47.685470403138254
t41	FALSE	62.48153616163129
t47	FALSE	52.177757484103594
t49	FALSE	12.086796662006535
t54	TRUE	24.70182036322494
t63	TRUE	11.937754946661002
t69	FALSE	7.807533391387892
t72	FALSE	38.89169416722645
t78	TRUE	1.4110366062878796
t84	FALSE	34.08656480929234
t88	FALSE	42.378455025299104
t104	FALSE	37.144393353294646
t106	TRUE	9.117452018465912
t117	TRUE	38.812775549279436
t126	TRUE	35.52903154100659
t130	FALSE	22.755441241592536
t136	TRUE	33.71963606737717
t137	TRUE	28.311027442887436
t150	TRUE	4.3123462130398735
t157	TRUE	34.25108003774865
t158	FALSE	29.370203689864326
t164	TRUE	15.624839412059927
t187	TRUE	4.187915341451529
t189	TRUE	9.131086552618768
t194	FALSE	12.54825570772691
t203	FALSE	9.629867872745564
t210	FALSE	3.5694436651258314
t222	FALSE	29.17701572763326
t224	TRUE	14.361750183413903
t224	TRUE	2.57183396049885
t225	FALSE	15.945872307482475
t230	FALSE	9.53697974711676
t246	FALSE	13.673155116640572
t253	TRUE	9.287295548436404
t254	TRUE	16.17103338032777
t288	FALSE	27.292880735233624
t296	TRUE	11.457068898466574
t301	TRUE	9.665758976625554
t316	TRUE	0.21834418353915908
t323	FALSE	11.193380129061524
t326	TRUE	18.95463751490786
t329	TRUE	4.948465771056789
t343	TRUE	2.573414784362555
t357	TRUE	16.644792040859173
t386	FALSE	14.609042368154732
t387	FALSE	12.198300812650231
t388	FALSE	10.32029721064481
t390	FALSE	13.125405907325813
t394	TRUE	4.397558484175477
t401	TRUE	7.849037787557307
t406	TRUE	1.6657856252766692
t415	TRUE	13.584585172046062
t419	FALSE	13.088047813112155
t432	TRUE	2.7655054855646597
t456	TRUE	12.705810409132042
t456	TRUE	10.006348177883424
t514	TRUE	1.8945294543017894
t528	TRUE	3.6887839909893927
t583	TRUE	2.9522219444035898
t583	TRUE	2.241115562254606
t583	TRUE	1.0844100374822006
t604	TRUE	2.351851141165369
t605	TRUE	0.4751495885223562
t617	FALSE	1.5464669469263441
t674	TRUE	5.509633646538191
t695	TRUE	4.21881717857525
t706	TRUE	0.5068006574703929
t724	FALSE	5.533067923055796
t747	TRUE	0.6541445442297089
t758	TRUE	2.834937185800456
