Species	Extant	SampT
t2	FALSE	88.43120232945279
t8	FALSE	97.49558627860591
t13	FALSE	81.09044831805103
t16	FALSE	89.44371475161955
t20	FALSE	42.32357411347192
t26	FALSE	64.7760089012728
t29	FALSE	16.045664838839542
t38	TRUE	9.669062584604092
t39	FALSE	28.641739133495847
t44	FALSE	59.0060186198021
t46	FALSE	36.359758709018635
t46	FALSE	2.4632355071804994
t47	FALSE	66.9784688773172
t47	FALSE	62.62140515358914
t48	TRUE	49.11728632548305
t92	FALSE	31.857758585479914
t95	TRUE	28.490762230492678
t95	TRUE	27.13963187155953
t100	FALSE	32.94763501437407
t106	FALSE	45.83075679970902
t107	FALSE	21.246973727121812
t128	FALSE	22.192340222905372
t140	FALSE	43.08001828917254
t157	FALSE	15.416127996793492
t167	FALSE	32.98995583966368
t168	FALSE	40.03163022214363
t186	TRUE	17.169538596640365
t189	FALSE	37.953772983350234
t197	TRUE	17.350340813840404
t216	FALSE	24.258024534591343
t233	FALSE	26.332337609067523
t254	FALSE	17.636774493496503
t263	TRUE	5.954208761418315
t277	TRUE	21.96339442714057
t277	TRUE	0.5271786762674822
t280	TRUE	3.982837051220841
t281	TRUE	27.550370232626335
t292	FALSE	18.17677008555789
t294	FALSE	29.522033165468983
t295	FALSE	32.74018906247744
t301	FALSE	23.230459948921663
t311	TRUE	16.27922137477516
t312	FALSE	25.60727541787206
t312	FALSE	24.38880372347647
t332	TRUE	19.366632786726854
t340	TRUE	10.345336077257627
t342	TRUE	7.259375385684308
t351	FALSE	19.301121233465807
t381	FALSE	9.205616585917838
t386	TRUE	24.612120306160463
t405	TRUE	11.141967197850079
t410	TRUE	5.565689545699499
t433	FALSE	7.338132863538391
t437	TRUE	22.281358409633555
t488	TRUE	17.248238055388413
t488	TRUE	2.758110212515078
t491	FALSE	20.540166871303143
t495	TRUE	5.444636903910009
t550	TRUE	12.454354876596653
t570	TRUE	0.8013826061062588
t598	TRUE	3.307863238817802
t604	TRUE	5.728615220449612
t648	TRUE	0.5731187603928163
t657	TRUE	0.5106266214322801
t673	TRUE	8.85713635086914
t673	TRUE	4.238568563758335
t678	FALSE	8.917794029275257
t679	TRUE	5.705594552046776
t680	TRUE	0.49775819708069946
t684	TRUE	1.7733860855379646
t880	TRUE	3.809982927260606
t894	TRUE	0.8695121307829226
