Species	Extant	SampT
t1	FALSE	87.92784985956398
t4	TRUE	89.74962465842947
t4	TRUE	13.915666113880562
t5	TRUE	47.02690692107055
t5	TRUE	43.3385358792809
t7	TRUE	28.107656017094698
t8	TRUE	19.905014780745987
t8	TRUE	4.134960483298727
t10	FALSE	53.534894021281445
t15	FALSE	45.7433092077342
t18	TRUE	10.703052384617948
t21	FALSE	43.86851556977976
t23	FALSE	44.555671808947494
t37	TRUE	26.328464598278543
t40	FALSE	18.34769939962885
t41	TRUE	14.272607389776638
t59	FALSE	23.578794176372497
t60	TRUE	32.66392018285849
t66	TRUE	9.218080969462633
t66	TRUE	0.9612259183039527
t77	FALSE	36.263495423649886
t86	FALSE	53.34269633370876
t97	FALSE	43.14877182433632
t118	TRUE	7.3446177093887
t129	FALSE	40.48030829575879
t129	FALSE	18.54182602217304
t130	FALSE	16.024770350994572
t134	TRUE	21.27725273128293
t144	FALSE	19.64396569615876
t146	TRUE	23.213248371437047
t152	TRUE	0.7808064820234364
t153	FALSE	35.369322672800635
t164	TRUE	25.442040174493584
t173	FALSE	26.17806784821768
t183	FALSE	13.29450869190974
t188	FALSE	19.990776787803313
t188	FALSE	15.223199344531437
t199	FALSE	14.141812009443143
t200	TRUE	10.48084507907565
t204	TRUE	8.929159280918938
t207	TRUE	3.639207017726335
t227	TRUE	22.38983299550425
t232	TRUE	17.98846256474542
t233	TRUE	2.672103552932313
t236	FALSE	22.663043989620434
t245	TRUE	16.88726136507067
t247	TRUE	10.656150428191694
t251	TRUE	22.542871981656305
t280	FALSE	28.726204772039466
t281	FALSE	20.9554229358786
t294	TRUE	2.8082743286622076
t305	TRUE	13.064469463961359
t310	FALSE	16.032971352069552
t315	FALSE	14.151887899261524
t322	FALSE	5.240373679261651
t323	TRUE	3.4287531827241224
t332	TRUE	2.6539794226255395
t347	FALSE	24.518000528775346
t351	TRUE	3.0245996311822836
t352	FALSE	14.547746876197863
t366	TRUE	4.943389398427115
t369	FALSE	14.784613762835008
t376	TRUE	7.711265316524347
t376	TRUE	1.410270003893217
t403	FALSE	17.937974325136537
t406	TRUE	10.703332327256703
t440	TRUE	10.827396681364576
t456	TRUE	2.4019357861982797
t468	TRUE	9.541197287345682
t479	TRUE	13.491439016489593
t479	TRUE	4.615015665022938
t484	TRUE	8.455150176321837
t537	TRUE	7.842396093790498
t537	TRUE	4.487949744725938
t538	FALSE	5.232575059800098
t553	TRUE	11.943314894157666
t553	TRUE	10.90891227969827
t562	FALSE	8.528135736274152
t601	FALSE	7.79798203998557
t630	TRUE	3.268653918085249
t664	TRUE	5.1621251201396205
t675	FALSE	9.388570140953519
t794	TRUE	4.556143746162164
t844	TRUE	0.7719976772157082
