Species	Extant	SampT
t12	TRUE	18.163846269137395
t15	FALSE	77.50711231447306
t16	FALSE	38.636468647389876
t22	FALSE	75.40440206902879
t34	TRUE	9.037288320887342
t35	TRUE	10.267206745617145
t36	TRUE	5.600301489609976
t42	TRUE	14.120725678496726
t43	FALSE	27.072310017637562
t50	FALSE	38.760053051175746
t64	FALSE	51.28269072722179
t66	TRUE	13.778942788292099
t68	TRUE	67.78340475198866
t70	FALSE	56.04278346861287
t83	FALSE	59.8906367936908
t85	TRUE	37.56046255620076
t85	TRUE	3.9165956204558796
t85	TRUE	3.5618035824771113
t100	TRUE	9.261887390894486
t103	FALSE	17.008268992489505
t115	FALSE	23.96018964572616
t123	FALSE	11.96080134116555
t141	FALSE	43.009988430934655
t143	FALSE	43.434327691382066
t146	FALSE	28.07728857834789
t147	FALSE	33.03479234789464
t163	TRUE	2.7317767165107654
t171	TRUE	1.2200025620243622
t174	FALSE	27.035642276734777
t179	TRUE	18.597481931510146
t182	FALSE	22.178773170616694
t185	FALSE	16.21482274397833
t193	FALSE	19.81362685565057
t203	TRUE	4.239907017959837
t209	FALSE	24.800841317172598
t214	FALSE	32.756010431543615
t215	TRUE	9.385528781198587
t217	FALSE	33.62927240885638
t221	FALSE	17.669201362073764
t225	FALSE	33.19109378522455
t228	TRUE	26.65037845778886
t230	FALSE	26.79517717134101
t243	TRUE	12.130856750634265
t249	FALSE	4.9346551075411185
t261	TRUE	12.963335133053675
t261	TRUE	9.864431164123431
t263	FALSE	11.271664891922285
t267	FALSE	25.984163595044706
t279	TRUE	7.578845365899966
t283	FALSE	15.672634924718267
t291	TRUE	18.097076966892374
t299	FALSE	29.86953912682884
t301	FALSE	21.622508729503252
t303	TRUE	2.968227216558688
t313	TRUE	17.855489884437716
t338	TRUE	4.549076393104585
t349	TRUE	21.227273087967916
t349	TRUE	8.880935972036838
t363	TRUE	4.7319722384613385
t368	TRUE	8.497475072081528
t389	FALSE	12.467641529981762
t393	TRUE	14.111432165533998
t428	TRUE	3.999918334429424
t428	TRUE	1.0397489259590316
t454	FALSE	11.276200268532833
t457	FALSE	16.871451277732376
t466	TRUE	13.599136535925041
t496	FALSE	15.727443763152507
t501	TRUE	1.2060551078620279
t560	FALSE	7.249735298423033
t605	TRUE	1.1186451644399256
t625	TRUE	0.885610266317741
t641	TRUE	1.024138844393761
t644	TRUE	8.492770325889921
t646	FALSE	8.783040835876733
t684	TRUE	2.4043183095635072
t686	TRUE	4.683963869875868
t721	TRUE	3.0113175775837107
t733	TRUE	2.6355694511114365
t748	FALSE	5.358400542848642
t761	TRUE	2.762427174171762
t800	TRUE	1.7358145901415298
t804	TRUE	0.5925898458346666
t815	TRUE	2.4739388293292564
t839	TRUE	2.2981260048073153
