Species	Extant	SampT
t18	FALSE	50.36268980012365
t30	FALSE	32.209470252663664
t49	FALSE	58.50638968694227
t62	FALSE	11.065880011819871
t66	FALSE	18.106113085492694
t71	TRUE	26.921732772018345
t91	FALSE	46.746763646228615
t94	TRUE	2.2134705689327063
t94	TRUE	2.1412131934923764
t96	FALSE	32.99476764257605
t106	TRUE	32.77015447118893
t106	TRUE	1.038071545452027
t107	FALSE	21.32550791124737
t113	FALSE	30.574116715887158
t121	FALSE	26.949098978836076
t121	FALSE	26.593524909291403
t121	FALSE	23.608336311478155
t125	TRUE	7.730319775608791
t133	FALSE	17.56742333508356
t135	FALSE	13.00113976262378
t146	FALSE	34.20599493880681
t146	FALSE	12.985188185543933
t150	TRUE	21.2757366170743
t156	FALSE	23.04814547589504
t162	FALSE	25.882988219031233
t165	TRUE	0.06280689782943227
t177	FALSE	6.315800289358208
t179	TRUE	10.239564036588604
t184	TRUE	8.902139447264432
t184	TRUE	2.2610125575289715
t195	TRUE	5.525982670907467
t201	FALSE	18.05195520557075
t202	TRUE	36.59757018002027
t226	FALSE	27.4788990604319
t229	TRUE	10.789100638310856
t243	TRUE	20.476230171384998
t246	FALSE	25.292338666416356
t258	TRUE	24.817518024337915
t264	FALSE	13.44155810834647
t289	TRUE	18.309362735645635
t293	TRUE	8.694272059825664
t297	TRUE	5.965926434957169
t310	FALSE	20.664380811845433
t311	TRUE	5.350099990991623
t322	FALSE	1.846408456983255
t334	TRUE	10.796490316132974
t335	TRUE	4.188876134473418
t337	TRUE	3.641127271007605
t346	TRUE	0.38792410905972474
t351	FALSE	14.135189173929149
t354	TRUE	16.970897327570015
t361	FALSE	2.2722120554206526
t386	TRUE	10.441222489947592
t387	FALSE	14.552140549714608
t411	TRUE	5.9845450169436845
t414	TRUE	2.5782842922269253
t435	TRUE	5.548057750662309
t437	TRUE	0.691192150422637
t447	TRUE	16.459189292580618
t451	TRUE	5.372194500516713
t461	FALSE	22.051915434298593
t473	FALSE	13.203974435348584
t474	TRUE	12.879007746914056
t484	FALSE	6.176797664780992
t493	TRUE	5.4841676376615
t500	TRUE	8.320699546117027
t517	FALSE	5.266372965944839
t555	TRUE	15.5722940471843
t559	TRUE	9.285265138857056
t562	TRUE	11.221870084719058
t580	TRUE	8.125331801368901
t606	TRUE	2.105382693248771
t635	TRUE	1.7114996486369591
t650	TRUE	1.644876044539643
t654	TRUE	0.7652182812481954
t658	TRUE	4.706247727115965
t686	TRUE	1.3916779877410477
t686	TRUE	0.9192940708216781
t689	TRUE	0.8331930858923045
t708	TRUE	2.110369245927302
t736	TRUE	8.987979100848975
t736	TRUE	0.8759397303866763
t757	TRUE	1.156467625891338
t777	FALSE	4.831007561063359
t886	TRUE	0.8729870552220973
