Species	Extant	SampT
t3	TRUE	63.31403345038717
t3	TRUE	45.975460309363655
t6	FALSE	83.8819878279877
t8	TRUE	55.09614732839762
t9	FALSE	60.54092964484255
t10	FALSE	61.07237788307455
t12	TRUE	14.468672051477299
t17	FALSE	67.46433970290107
t18	TRUE	40.566497360065554
t26	FALSE	49.425660281916066
t32	FALSE	67.07360072843338
t43	TRUE	14.462412665049598
t44	TRUE	1.2798330889206397
t49	TRUE	16.18995011051358
t50	FALSE	41.05971706759915
t50	FALSE	39.27697222408638
t66	FALSE	55.788890544893235
t66	FALSE	23.968434792580098
t72	FALSE	40.04262547500632
t75	FALSE	34.01632797765747
t75	FALSE	15.09180865819232
t79	FALSE	51.724193524668095
t79	FALSE	36.34259570399868
t109	TRUE	17.59002703823225
t120	TRUE	33.91357614391656
t122	TRUE	5.51022239303029
t127	FALSE	35.944961218734534
t130	FALSE	27.180798016327145
t134	FALSE	33.31994340253979
t143	TRUE	17.98432853737087
t145	TRUE	5.110219020475853
t150	FALSE	39.68702868240399
t167	FALSE	29.28779230474342
t169	TRUE	3.114502397998635
t186	TRUE	18.907084804462485
t190	TRUE	9.167343883221804
t202	FALSE	22.007879954646512
t203	TRUE	28.87747929885535
t208	FALSE	4.620318426287284
t229	TRUE	7.456877551074641
t230	TRUE	2.7521957250739177
t231	FALSE	25.960980653062236
t239	TRUE	9.111708976476137
t247	TRUE	32.16174299690269
t247	TRUE	25.59169795225702
t248	TRUE	3.6902199965578717
t273	FALSE	21.159814401293332
t274	FALSE	11.270583968851597
t275	FALSE	3.659173039030165
t286	TRUE	8.551311390730135
t287	FALSE	8.64597207431332
t300	TRUE	16.402220666760954
t335	TRUE	7.181896825483776
t342	TRUE	3.9313682743343605
t343	TRUE	12.37199499743555
t343	TRUE	3.3039568577097214
t347	FALSE	11.609484513948985
t361	TRUE	12.237174461114023
t362	FALSE	13.601186900622537
t366	TRUE	11.096887490855849
t371	TRUE	11.194364272018262
t403	FALSE	11.931430507825809
t404	TRUE	1.2796528751591723
t408	TRUE	6.736918215892743
t410	FALSE	15.787744370057098
t414	TRUE	7.4343651558090045
t417	TRUE	9.003350292481116
t432	TRUE	15.140505515452688
t433	FALSE	1.7431964335950312
t437	FALSE	16.48543096685792
t448	TRUE	18.274390931817678
t524	FALSE	13.531961398405215
t542	TRUE	1.1168594145020023
t551	TRUE	4.70782821785582
t608	TRUE	2.289011984433685
t629	FALSE	7.915204307195282
t633	TRUE	0.28382392594323846
t643	FALSE	0.9497103980686035
t688	TRUE	1.898851541742772
t704	TRUE	3.6025799316602303
t716	TRUE	4.913583254330675
t740	TRUE	0.02528250810514976
t746	TRUE	3.598425046012352
t792	TRUE	0.7093740389494201
t799	TRUE	0.8350685525011841
