Species	Extant	SampT
t2	FALSE	71.96754392999485
t10	TRUE	0.9352058869985598
t11	FALSE	77.01796836171732
t34	FALSE	69.55451195369642
t36	TRUE	26.70668367010282
t51	FALSE	39.16590478505945
t55	TRUE	6.241456789316871
t57	TRUE	19.2350468471828
t64	FALSE	19.098991926243926
t79	FALSE	37.30051573953854
t93	FALSE	36.09873850064496
t102	FALSE	7.366204249273579
t103	FALSE	21.74281134541691
t106	TRUE	15.1973528106423
t112	FALSE	37.84581363271296
t117	FALSE	24.267059182390085
t118	FALSE	28.42790450694133
t120	FALSE	36.14573195459514
t123	TRUE	5.63121339277906
t128	TRUE	8.729629491132698
t146	FALSE	30.449466375030084
t148	TRUE	26.357772829699073
t149	FALSE	14.462799480816926
t155	FALSE	35.25440294830482
t167	TRUE	6.653885003948531
t170	TRUE	3.625212844551541
t172	FALSE	11.127553863051872
t187	TRUE	6.576465026512324
t188	FALSE	17.04388768695253
t207	TRUE	4.191123668824076
t212	TRUE	25.87980501328215
t217	FALSE	34.74773771965713
t222	TRUE	12.21682300695987
t229	TRUE	9.785938429116214
t235	TRUE	1.5201575048937457
t241	TRUE	18.970695100322928
t244	FALSE	22.830924153829585
t244	FALSE	11.1533501323443
t260	FALSE	30.41968788917532
t272	TRUE	15.354029100013008
t285	FALSE	9.579564551428973
t303	FALSE	26.543062660765244
t309	TRUE	3.603931563296797
t344	FALSE	14.057640569839606
t345	TRUE	1.8496617864106781
t358	TRUE	1.914951357168249
t407	TRUE	2.5834228602925577
t426	FALSE	6.395691779428603
t432	FALSE	11.032260115914184
t432	FALSE	8.194559998534757
t448	TRUE	2.6030085401099115
t451	TRUE	8.622259526246353
t455	TRUE	11.287651017267734
t459	TRUE	1.4393556793212667
t470	TRUE	7.256469102863079
t482	FALSE	3.1432221577824606
t485	TRUE	14.936013955638813
t497	TRUE	8.425322074066827
t530	TRUE	5.365763268120816
t535	FALSE	5.114488324436849
t550	TRUE	14.301849131285366
t566	FALSE	2.3817575391168617
t575	TRUE	1.5588083514525835
t587	TRUE	1.7403091935714343
t592	TRUE	8.673036120938406
t594	TRUE	3.6049009942172745
t602	TRUE	8.089855435667474
t609	TRUE	4.7103554394388425
t658	TRUE	2.3330614388988806
t705	TRUE	6.580066852246233
t708	TRUE	0.6575820154900356
