Species	Extant	SampT
t3	FALSE	73.61613814062878
t4	FALSE	49.770487857009016
t8	FALSE	51.57156161917218
t12	FALSE	45.186437421996885
t17	FALSE	45.06969461537189
t25	FALSE	41.39354955681715
t28	TRUE	12.095500513382618
t32	TRUE	12.549217644970355
t38	FALSE	35.20051126629049
t49	FALSE	30.024575098435335
t58	FALSE	43.0604798892981
t58	FALSE	23.1204576492338
t62	FALSE	32.84518772889273
t68	FALSE	22.726463756972066
t72	TRUE	2.48730072821499
t81	FALSE	35.62745215267265
t88	TRUE	30.731372762362895
t92	FALSE	30.816165538562416
t108	FALSE	33.37130629900546
t130	TRUE	16.21579700567311
t140	FALSE	13.98192693114413
t146	TRUE	10.859075046714139
t146	TRUE	5.20165445921522
t147	TRUE	0.45055427833551676
t159	FALSE	28.89056316716004
t159	FALSE	25.894292271895722
t166	TRUE	15.871665052804502
t175	TRUE	10.714778271300176
t184	FALSE	22.69411423768902
t215	TRUE	9.269663418426077
t221	TRUE	2.6008307730541134
t223	FALSE	21.183224992425778
t232	FALSE	17.831993668528895
t262	TRUE	13.310718044382725
t262	TRUE	6.824728028592858
t271	TRUE	2.242585289009625
t276	TRUE	15.79148664513869
t280	TRUE	25.31711337428922
t289	TRUE	16.907929471559115
t292	TRUE	14.0119284243127
t307	TRUE	0.9794816817321959
t310	TRUE	17.47978520423237
t310	TRUE	14.132304627746976
t311	FALSE	4.684036273888438
t325	TRUE	2.231514077923933
t334	TRUE	16.88260804087919
t338	TRUE	8.959212036194046
t363	TRUE	5.974848318435846
t369	TRUE	2.661116383702179
t420	TRUE	8.509317010918593
t423	TRUE	5.500468175155476
t449	TRUE	6.712301218012811
t450	TRUE	11.886534255858606
t454	FALSE	16.555860813439892
t469	TRUE	1.4372716898062237
t482	TRUE	4.186796473019754
t503	TRUE	12.95956907476328
t508	FALSE	5.228995675452026
t511	TRUE	6.347784088337221
t516	TRUE	3.0718069517301814
t531	TRUE	1.1777714987443488
t543	TRUE	1.2598960584270174
t547	TRUE	0.14562436162225367
t585	FALSE	5.00604477998435
t661	TRUE	0.700901179589664
t692	TRUE	0.12004668063109136
