Species	Extant	SampT
t11	FALSE	46.58791384447582
t19	FALSE	16.932713727573685
t21	FALSE	24.44830175485062
t21	FALSE	9.504809994209282
t22	FALSE	27.007943807121677
t33	TRUE	7.364855544819704
t36	TRUE	5.502861830734247
t54	TRUE	7.6292700210245386
t71	TRUE	9.033071268468817
t80	FALSE	8.66365662306147
t87	FALSE	10.897181151824938
t93	TRUE	5.576287911974461
t95	TRUE	5.957356246928498
t98	TRUE	2.4277962455683877
t125	TRUE	6.803838206863986
t136	TRUE	0.16206285436479106
