Species	Extant	SampT
t5	FALSE	47.82662971942996
t31	FALSE	21.042911441588274
t46	TRUE	1.2757643235470653
t59	FALSE	20.046610243584112
t69	TRUE	4.395167043004122
t77	TRUE	6.1498637886371625
t80	FALSE	14.073092566885862
t109	TRUE	10.45728992524873
t123	TRUE	12.10319999297002
t144	TRUE	0.8292648284079291
t157	TRUE	1.8481835496736636
t159	TRUE	3.49097670308457
t163	TRUE	2.728378624391482
