Species	Extant	SampT
t9	FALSE	57.36955996295475
t9	FALSE	51.71540422843631
t11	FALSE	55.850283287071996
t11	FALSE	46.815187807732634
t17	TRUE	15.380472314188651
t33	TRUE	8.94752870894672
t39	FALSE	14.000286732588691
t46	FALSE	35.184916559415775
t67	FALSE	19.02025487825459
t86	FALSE	13.88540766543828
t90	TRUE	25.430242352530158
t101	TRUE	0.3195429595099739
t102	TRUE	0.4268842493375473
t134	TRUE	4.144798053295631
t136	FALSE	11.487749542907082
t181	TRUE	2.0590275663543878
