Species	Extant	SampT
t1	FALSE	33.05764193233018
t3	FALSE	16.77766355478849
t13	TRUE	1.2838698335753733
t15	TRUE	7.348623730642686
t15	TRUE	6.5165905354301685
t27	TRUE	5.502806515374488
t60	TRUE	4.265488144617258
t65	TRUE	0.5130234715879141
t70	TRUE	4.236891859602089
t83	TRUE	1.4240305317381896
t99	TRUE	1.1070205097312567
