Species	Extant	SampT
t20	FALSE	28.460238238293528
t49	TRUE	18.06437906885246
t49	TRUE	11.71908155051267
t52	TRUE	3.8234228343345364
t53	TRUE	2.7821717058212982
t74	TRUE	10.600101899279508
t87	TRUE	5.11883742070556
t94	TRUE	10.050540343482155
t110	FALSE	8.744647566682318
t112	TRUE	3.1867787474684235
t138	TRUE	3.182915506650545
