Species	Extant	SampT
t10	FALSE	17.613235983172828
t16	FALSE	24.84206803910458
t16	FALSE	6.251315652854082
t21	TRUE	4.312245148154034
t24	TRUE	2.5312793159910854
t29	TRUE	11.094688085102874
t33	TRUE	5.919744622133599
t38	TRUE	5.560012446127068
t45	TRUE	13.414896941018746
t79	FALSE	10.538261556833064
t101	TRUE	0.8675374252696244
t113	TRUE	1.1296780053737194
