Species	Extant	SampT
t4	FALSE	17.577290632312714
t43	TRUE	9.20793393019548
t57	TRUE	2.2818308224941433
t70	TRUE	3.6269787605503225
