Species	Extant	SampT
t2	TRUE	16.171937408573754
t4	TRUE	1.500003749353482
t5	FALSE	38.12266919161827
t8	TRUE	6.753049819376599
t11	FALSE	44.43791514369369
t18	FALSE	31.803710122885782
t25	TRUE	3.221735583455846
t33	TRUE	6.692512677534083
t40	FALSE	14.181186253328598
t45	TRUE	16.81915508317777
t45	TRUE	8.395931160505889
t62	FALSE	3.8836013812695427
t86	TRUE	8.174417186378527
t105	TRUE	3.991390842795397
