Species	Extant	SampT
t19	TRUE	6.488940331807058
t19	TRUE	5.109296578636091
t26	TRUE	9.799758481920264
t38	TRUE	3.48399394501579
t47	FALSE	12.032125585941728
t52	TRUE	2.0761965944302503
t54	FALSE	15.025406162453336
t55	FALSE	14.272871169016149
t77	TRUE	1.352154332221346
t96	FALSE	6.580840044609133
t102	TRUE	7.409917230870441
