Species	Extant	SampT
t10	TRUE	17.09874758893435
t11	TRUE	16.656963156602032
t28	TRUE	6.242122995975514
t30	FALSE	13.926571450580695
t61	TRUE	2.832684911444616
t62	TRUE	3.5308041379778814
t72	TRUE	2.75268650460513
t88	TRUE	0.05265895823474409
t117	TRUE	2.629700254367009
