Species	Extant	SampT
t4	FALSE	17.176678693344904
t6	TRUE	15.928566421447258
t7	FALSE	13.672705906529053
t9	FALSE	14.198931323101561
t73	TRUE	3.2796105793914734
t78	TRUE	6.205246371411313
