Species	Extant	SampT
t2	TRUE	20.686242163499656
t2	TRUE	7.958357800092713
t5	FALSE	19.518552404679646
t7	TRUE	20.988426532333342
t7	TRUE	1.8058654272161405
t11	TRUE	20.960413414246077
t18	TRUE	2.6764974767086827
t29	TRUE	1.737348903917983
t46	TRUE	13.20092743152729
t47	FALSE	6.588444124094842
t55	TRUE	11.37536267747707
t56	TRUE	4.885010693131015
t74	TRUE	0.11969680736844168
t111	TRUE	1.498641629769672
