Species	Extant	SampT
t25	FALSE	8.739747796828006
t39	TRUE	8.214900505217706
t54	TRUE	10.989326659598248
t60	FALSE	9.94463991712454
t108	TRUE	0.23110531129225365
