Species	Extant	SampT
t2	FALSE	32.46499830176342
t5	TRUE	12.827342798814442
t15	TRUE	27.253953050067018
t16	TRUE	12.869331879105722
t28	FALSE	15.562292336170284
t37	TRUE	5.264624468624852
t45	TRUE	0.42529728150493895
t65	TRUE	4.130953562584601
t75	TRUE	2.580669855135909
