Species	Extant	SampT
t1	FALSE	29.834901435107156
t3	FALSE	33.07165569597693
t3	FALSE	16.557995890917496
t4	TRUE	16.01200381600264
t4	TRUE	11.27746561670591
t17	TRUE	7.541296389705629
t18	TRUE	14.134510983154925
t25	TRUE	5.283154088837797
t33	TRUE	7.817350852493959
t40	TRUE	3.74873111794966
t44	TRUE	2.5782868696289114
t78	TRUE	6.168615928562218
