Species	Extant	SampT
t5	FALSE	10.282927228387337
t9	TRUE	47.29023126078752
t9	TRUE	22.104494340102946
t9	TRUE	12.190428716976825
t13	FALSE	9.72084595316781
t28	TRUE	8.261713082790202
t40	TRUE	1.3431240924298748
t45	FALSE	24.863560009061295
t51	TRUE	0.5840608855436216
t54	TRUE	9.124755431196824
t58	FALSE	11.452726087635547
t75	TRUE	10.808456427306346
t112	TRUE	0.005595648182591617
t129	TRUE	3.285003782792188
