Species	Extant	SampT
t4	TRUE	24.647518630652623
t13	TRUE	3.061458575913214
t56	TRUE	11.382129467031604
t79	TRUE	9.364421749425496
t88	TRUE	3.2895424898038286
t92	TRUE	0.9761676828706243
