Species	Extant	SampT
t17	TRUE	6.147675486840939
t18	TRUE	23.848267510161435
t23	FALSE	49.53528750793595
t28	FALSE	34.73594051203429
t30	TRUE	10.391859370883068
t33	FALSE	21.74688796511232
t43	TRUE	17.435480936478825
t52	TRUE	23.172819600425058
t56	TRUE	11.414459324535358
t94	TRUE	6.591985566994325
t108	TRUE	0.6577298352935372
t109	TRUE	2.9062063896872985
