Species	Extant	SampT
t10	FALSE	42.942624718009625
t19	FALSE	7.321336750927699
t19	FALSE	6.899753356357856
t23	TRUE	29.705758415453303
t23	TRUE	14.59677455966522
t31	FALSE	23.07628350025726
t36	TRUE	11.489519185028811
t39	TRUE	1.2373413191660987
t55	TRUE	8.41138257380426
t66	TRUE	18.654392592766776
t80	TRUE	1.8418581850439324
