Species	Extant	SampT
t4	TRUE	22.696063903800663
t4	TRUE	3.8981941097299426
t5	FALSE	31.32581189160014
t12	FALSE	24.40486631933554
t15	TRUE	42.346946102709495
t23	FALSE	27.62833348974906
t29	TRUE	3.226144385731061
t32	TRUE	1.4597689035345383
t46	FALSE	9.927179824360358
t49	TRUE	11.678078830937707
t69	FALSE	3.606087080432445
t76	FALSE	9.91141759737119
t84	TRUE	9.456635906104907
t97	TRUE	3.12052513495766
t97	TRUE	0.04926901333712408
