Species	Extant	SampT
t3	FALSE	40.58572446301516
t10	TRUE	10.95957796934568
t11	FALSE	43.49631238568511
t11	FALSE	42.82756815725152
t11	FALSE	33.52159335640221
t12	TRUE	13.665439977509706
t28	TRUE	9.801976443250169
t32	TRUE	21.959735270758586
t51	TRUE	6.186223226087357
t74	TRUE	2.2475472813359545
