Species	Extant	SampT
t1	TRUE	28.749966559317492
t2	FALSE	33.878905576039635
t10	TRUE	28.2485362485432
t10	TRUE	8.805354486071401
t11	TRUE	26.85790865853512
t15	TRUE	0.6919937626327126
t46	TRUE	3.6052777241927956
t51	FALSE	12.181619165853
t51	FALSE	10.586678173780776
t54	TRUE	1.5157718499971722
t59	FALSE	8.106508856375946
t61	TRUE	8.146497742335313
t63	FALSE	11.078680862944537
t64	TRUE	5.158233343743241
t87	FALSE	5.727450626989224
t118	TRUE	0.5337483786738773
