Species	Extant	SampT
t1	FALSE	32.11979861924566
t2	FALSE	39.37558558391548
t8	FALSE	28.07452577803624
t12	TRUE	5.30273999343234
t13	TRUE	2.747746639683591
t15	TRUE	2.554626761616575
t18	TRUE	0.8309187310516961
t27	TRUE	11.63989546304147
t28	FALSE	12.449770793483964
t40	TRUE	2.4367770419041364
t43	TRUE	14.236651997118102
t45	FALSE	10.353814163727755
t65	TRUE	7.7007320046192405
t73	TRUE	6.864201065321971
t89	TRUE	6.903216377802011
