Species	Extant	SampT
t4	FALSE	4.983260368319932
t8	TRUE	12.098081230337243
t10	TRUE	12.211663208541964
t11	FALSE	37.1393413783061
t16	FALSE	12.343292405560064
t17	TRUE	21.56747891102485
t17	TRUE	0.9423877066051176
t18	TRUE	21.01131677180875
t20	TRUE	20.463975567036627
t38	TRUE	11.461998116067619
t48	FALSE	22.964365001081276
t59	FALSE	20.077022007160295
t87	TRUE	1.2671900024336082
t89	TRUE	10.409093532454506
t108	TRUE	6.815196436775324
t113	TRUE	6.009900232380502
t131	TRUE	1.9452867037780663
