Species	Extant	SampT
t1	FALSE	39.7554829088333
t2	TRUE	38.78639702641319
t2	TRUE	0.5105180730241159
t7	FALSE	22.217356866435537
t24	TRUE	37.92352642953175
t24	TRUE	28.010381330696514
t42	TRUE	14.891080450255373
t60	FALSE	26.127814390607398
t85	TRUE	12.663666800986789
