Species	Extant	SampT
t10	TRUE	2.977003425615372
t15	FALSE	25.182131220165807
t17	TRUE	17.667468234431254
t27	FALSE	14.274624259325883
t29	FALSE	29.084966428115916
t31	FALSE	8.2418950671698
t34	FALSE	17.98915084183065
t53	TRUE	5.1002551720203755
t88	TRUE	9.748803579036974
t93	TRUE	1.7719632801902634
t108	FALSE	4.5428196273523085
t113	TRUE	8.430594673918172
t123	TRUE	0.4965489898019584
t153	TRUE	0.15552686759964018
