Species	Extant	SampT
t1	FALSE	69.04866274023667
t7	FALSE	24.42229737254955
t8	TRUE	11.228229871660602
t13	TRUE	19.7180490585543
t40	TRUE	1.5234775624322623
t40	TRUE	0.3797616127031773
t75	TRUE	3.1713083932085624
t111	TRUE	1.0608303445354181
