Species	Extant	SampT
t5	TRUE	10.581790160564694
t5	TRUE	8.289192987354404
t14	TRUE	37.98760444222948
t20	FALSE	32.91172423527188
t21	TRUE	22.408504617467564
t23	TRUE	21.760148334913943
t43	FALSE	21.011992404796317
t45	TRUE	16.56935432841268
t49	TRUE	0.4211129446539701
t51	TRUE	12.675909562828956
t68	TRUE	13.219789362470799
t72	FALSE	4.796106969214733
t80	TRUE	3.8628979238269068
t99	FALSE	9.064380516306237
t106	TRUE	6.338348258748169
