Species	Extant	SampT
t10	TRUE	28.232445265269746
t13	FALSE	20.984450973324122
t25	TRUE	1.714584358823437
t26	TRUE	16.00993816285478
t32	TRUE	20.814238455988356
t32	TRUE	5.168030749244764
t41	TRUE	5.427168030675226
t42	TRUE	11.726631582817902
t60	TRUE	6.511139680318202
t73	TRUE	10.350493297185402
t77	TRUE	19.283390054981904
t100	TRUE	0.9047239083455096
t103	TRUE	9.315977198474407
