Species	Extant	SampT
t1	TRUE	15.9110277280869
t9	TRUE	8.092869048660425
t10	TRUE	13.748190421419075
t19	TRUE	14.881133441621294
t23	TRUE	5.145709489708636
t24	TRUE	0.8303421211474884
t43	TRUE	2.457696478853819
t54	TRUE	10.411164512616708
t58	TRUE	2.448467050005668
t83	TRUE	3.193467434811147
t85	TRUE	8.048350255540853
t86	TRUE	7.796522891822654
t103	TRUE	0.22042481234210953
t121	TRUE	0.6329210242312868
