Species	Extant	SampT
t10	FALSE	23.104105626752467
t12	FALSE	21.312198697011482
t50	TRUE	3.4430553165876034
