Species	Extant	SampT
t10	TRUE	18.21497477965427
t11	FALSE	36.607710442727225
t11	FALSE	31.766443984693694
t11	FALSE	23.28254893060665
t28	TRUE	20.175664310720173
t34	TRUE	0.9431006945726779
t44	FALSE	9.575629058854972
t47	FALSE	3.65538666600402
t48	FALSE	6.064550565858639
t54	TRUE	6.40337693770924
t77	TRUE	11.386925817454447
t82	TRUE	2.083624235533236
t134	TRUE	1.6752521322124494
