Species	Extant	SampT
t2	FALSE	36.67462821336868
t3	FALSE	75.90569225845242
t16	FALSE	3.381603898792335
t22	FALSE	22.984412527122885
t26	TRUE	11.197591043338605
t63	FALSE	11.69000533702176
t65	FALSE	14.943279203728352
t69	FALSE	7.5018282172992485
t90	FALSE	4.870355403984178
t100	FALSE	15.557171034697092
t101	TRUE	5.935643374340202
t110	TRUE	13.012836230232509
t110	TRUE	4.500834373542588
