Species	Extant	SampT
t1	FALSE	59.99079727493668
t15	FALSE	24.669852726180665
t19	TRUE	0.9646274992206543
t24	TRUE	2.0947129182360555
t26	TRUE	2.2260605118490275
t31	TRUE	2.337082977529988
t89	TRUE	4.036905883712578
t89	TRUE	0.2941312611977338
t103	TRUE	4.842771995633356
t113	FALSE	5.934571013603431
