Species	Extant	SampT
t5	TRUE	8.668943142517918
t15	TRUE	5.3920471721176
t20	TRUE	13.264756764279511
t37	FALSE	7.517655382572713
t50	TRUE	16.557927146393197
t62	FALSE	6.598037542176485
t63	TRUE	12.25467299682522
t64	TRUE	13.51088419646019
t68	FALSE	10.889836825985036
t85	TRUE	1.1003929458555888
t87	TRUE	9.892963978111084
t88	TRUE	3.174168829721964
t91	TRUE	3.131825432181145
t116	TRUE	4.171165806766737
t123	TRUE	4.1672164706624955
t131	TRUE	1.4223568112172273
