Species	Extant	SampT
t1	FALSE	35.763279712092725
t3	FALSE	39.37857979087789
t5	FALSE	28.141088738483433
t17	FALSE	27.827039139428095
t29	TRUE	17.186208526696163
t30	TRUE	11.425518730234018
t42	FALSE	9.753034205279405
t45	TRUE	3.2669658141097955
t53	TRUE	14.947469379205202
t65	TRUE	3.7654332318786885
t70	TRUE	6.173527459772217
t83	TRUE	5.868267172931041
t128	TRUE	1.6926690732653071
