Species	Extant	SampT
t2	TRUE	37.560028796592945
t3	TRUE	25.962418638948165
t6	FALSE	16.061047100563577
t7	TRUE	2.311423594210545
t11	TRUE	14.805887084402517
t17	TRUE	18.87496116663072
t17	TRUE	18.609653255890343
t19	TRUE	6.021711448790725
t29	TRUE	5.970896250095436
t51	TRUE	9.687552406729182
t78	TRUE	8.242321413963722
