Species	Extant	SampT
t4	FALSE	26.690828270208392
t8	TRUE	2.7184267642698643
t22	FALSE	32.23500398073748
t22	FALSE	25.137732279313227
t43	FALSE	17.006282268350517
