Species	Extant	SampT
t1	FALSE	52.563530802432624
t13	TRUE	9.289693374921328
t14	TRUE	2.9848300867690085
t24	TRUE	21.5381937528012
t24	TRUE	1.1746741326508783
t33	TRUE	14.331704888281969
t39	TRUE	6.493085404073909
t59	TRUE	1.493232863714681
t63	TRUE	13.29857425774091
t83	TRUE	1.5709507043319633
t87	TRUE	3.982947543657218
t89	TRUE	5.267718406787907
t102	TRUE	3.437689314301579
t133	FALSE	1.1153075480521721
