Species	Extant	SampT
t5	FALSE	23.287853735480418
t6	TRUE	23.2981523096378
t15	FALSE	19.15312570715225
t29	FALSE	22.565101680141225
t38	TRUE	3.7125818252370735
t41	FALSE	16.776253176697246
t45	TRUE	0.23528491018845443
t48	TRUE	5.79884401287115
t51	TRUE	6.703421860300367
t80	TRUE	5.060209352642055
t128	TRUE	0.6909961080797302
