Species	Extant	SampT
t5	FALSE	36.61865517640386
t13	FALSE	42.88107516985605
t15	TRUE	26.459390310691788
t20	TRUE	5.073989231224687
t25	FALSE	9.94567655232727
t33	FALSE	13.540034119670878
t44	TRUE	12.127820186225094
t45	TRUE	11.97929518677671
t50	TRUE	17.57384470961847
t50	TRUE	12.639635822920582
t50	TRUE	7.255796023087953
t59	TRUE	6.03891332644983
t69	TRUE	1.4411942607868014
t71	TRUE	6.451086143485512
t88	FALSE	16.34032169555914
t98	TRUE	7.348184915735189
t131	TRUE	0.7768648047588869
