Species	Extant	SampT
t14	TRUE	27.60194174173365
t14	TRUE	5.097260859972053
t22	TRUE	8.029956041356925
t41	TRUE	0.013172943935110482
t45	TRUE	4.341250069794775
t101	TRUE	2.9995842099876953
t104	TRUE	8.074121888067424
t106	FALSE	7.287521419763031
