Species	Extant	SampT
t2	FALSE	69.1305210892413
t7	FALSE	66.82758123789401
t8	FALSE	8.443265400719355
t11	TRUE	40.91974027959978
t12	FALSE	47.337770988180395
t12	FALSE	26.213954309879895
t17	FALSE	45.570942845928144
t25	FALSE	40.4330169171032
t37	FALSE	13.552627551506944
t43	TRUE	14.292124531779464
t44	TRUE	17.00772524214166
t44	TRUE	13.250983776926176
t45	FALSE	40.36084527047551
t47	TRUE	25.787311538301253
t47	TRUE	8.698683955885315
t55	TRUE	20.63323391144874
t59	FALSE	25.013848980964426
t68	TRUE	11.831702474090932
t68	TRUE	3.473230320335716
t80	FALSE	26.13405452543205
t83	TRUE	9.52470859624951
t87	FALSE	30.23536689612395
t99	TRUE	24.863290401243518
t106	TRUE	11.980660701300806
t109	TRUE	9.961192074789466
t111	TRUE	1.6535153596244783
t117	TRUE	10.837220705706812
t118	TRUE	0.7101612063488858
t120	TRUE	36.48209490277739
t128	FALSE	3.1242552764626907
t130	TRUE	29.455306228126105
t135	FALSE	9.999449074503403
t140	TRUE	4.7638820270724835
t154	TRUE	3.3491657098254564
t155	TRUE	22.72059795983283
t166	FALSE	13.443531910127163
t180	TRUE	30.050623046336895
t180	TRUE	27.600671953667458
t180	TRUE	21.41357920799082
t180	TRUE	21.176148507815583
t180	TRUE	14.693197211322172
t180	TRUE	7.239283084940894
t194	TRUE	0.1824963880532664
t197	TRUE	7.842283335206133
t199	TRUE	13.728040310245973
t204	TRUE	15.466577696435422
t220	FALSE	21.073953298512833
t228	TRUE	1.3585964162266748
t235	TRUE	13.826491156063994
t247	TRUE	8.86454983483749
t250	TRUE	1.7501796277802555
t253	TRUE	15.866133862971978
t260	TRUE	11.998026196536642
t263	TRUE	11.487157623710885
t284	TRUE	9.107773526629003
t297	TRUE	17.289684602762335
t312	FALSE	13.609820600859365
t323	FALSE	12.535754324517924
t324	TRUE	4.611244681130657
t400	TRUE	17.529553655456226
t404	TRUE	1.8560073330160378
t417	TRUE	7.646473820806193
t417	TRUE	2.598530570302813
t429	TRUE	0.7544118807099807
t433	TRUE	1.5931123243059488
t438	TRUE	8.862737458483238
t442	TRUE	5.454307134959663
t485	TRUE	7.40008900089245
t486	FALSE	10.164581942131207
t516	TRUE	0.2697020895013651
t533	TRUE	0.6097075157930902
t540	TRUE	3.328061916169162
t558	TRUE	1.5931069897371657
t565	TRUE	3.123086216062191
t569	TRUE	2.3810733506951465
t578	TRUE	3.511491326981897
t583	TRUE	0.4140905228739342
t672	FALSE	0.7163094217711716
