Species	Extant	SampT
t4	FALSE	39.62891324386797
t5	TRUE	7.926746060248973
t10	FALSE	24.102595441671482
t10	FALSE	22.701316180335752
t14	FALSE	32.609233829035894
t18	FALSE	21.84300451880965
t35	FALSE	30.885543885385744
t37	FALSE	22.738536628400666
t38	FALSE	32.79731678994818
t39	FALSE	17.49718514802214
t43	TRUE	13.866817377414108
t49	FALSE	25.414249561122233
t51	TRUE	2.7668294211327265
t60	FALSE	38.84188605954248
t78	FALSE	8.883686171689149
t79	TRUE	2.7931949603172654
t85	TRUE	3.535616611927125
t110	TRUE	12.430164660171869
t111	TRUE	1.9453861285139595
t116	TRUE	0.8001581070213604
t128	TRUE	24.214614357111728
t135	FALSE	22.200598095356
t137	FALSE	21.615663124711432
t139	TRUE	3.084187290094988
t177	FALSE	11.913203214144033
t185	TRUE	7.937916580704496
t188	TRUE	15.208883496639544
t197	FALSE	16.221852836116355
t198	TRUE	15.37762769066397
t205	TRUE	18.032290322009146
t206	TRUE	18.217431464060667
t206	TRUE	8.39270650298846
t208	TRUE	4.509044151742856
t209	FALSE	3.06660597397844
t212	TRUE	7.889459375045291
t214	TRUE	1.3626471722369047
t238	FALSE	19.397044345549617
t254	TRUE	1.8010502148405436
t258	TRUE	6.593046411110549
t269	TRUE	4.6876408714393705
t273	TRUE	12.909281878953053
t297	TRUE	5.120646069009908
t301	TRUE	0.09232581941104456
t323	FALSE	8.880290807598072
t328	TRUE	7.258286085157209
t329	TRUE	1.758225676781052
t345	TRUE	3.067019032422749
t345	TRUE	1.1116578337888399
t350	TRUE	11.91887205762562
t442	TRUE	1.8947156924831035
t454	TRUE	3.004916272466076
t486	TRUE	1.3811891146610265
t487	TRUE	8.269690310437923
t551	TRUE	2.1790130581405265
t551	TRUE	0.42767435121348285
t580	FALSE	2.7216451320971515
t590	TRUE	1.3672065022465176
t593	TRUE	1.7672988134602292
t594	TRUE	2.360681777702837
t668	TRUE	2.443087352661479
