Species	Extant	SampT
t2	TRUE	64.21312438165306
t2	TRUE	44.33693135929762
t2	TRUE	33.63847224814354
t7	TRUE	7.819702145594917
t10	TRUE	6.117390344824791
t16	FALSE	23.026657814858638
t26	TRUE	48.45184848691932
t30	FALSE	31.885046727208127
t32	FALSE	26.883671686357204
t45	TRUE	24.54233885237484
t45	TRUE	0.1848395770183089
t52	FALSE	33.33916852299815
t56	TRUE	0.6697315620976525
t71	TRUE	0.5802513368510489
t74	FALSE	28.633700319701163
t90	TRUE	17.156976223046485
t95	TRUE	2.9992078866725222
t98	TRUE	19.043620139495758
t103	TRUE	16.372367502424787
t104	TRUE	0.6358031143462171
t127	TRUE	11.186510435532632
t130	FALSE	14.822649376555276
t162	TRUE	18.157757270094734
t183	TRUE	2.9945934845027153
t187	TRUE	11.480383951966886
t198	TRUE	22.42915589655648
t198	TRUE	21.329110314276917
t198	TRUE	19.492055293043165
t200	TRUE	13.314808829565663
t203	TRUE	12.432143383156557
t228	TRUE	6.06219113389573
t231	TRUE	2.174031667223332
t232	TRUE	9.704692213562929
t232	TRUE	4.609409635781546
t240	TRUE	3.4923897852665107
t247	TRUE	8.899773868473325
t248	FALSE	15.665279603325729
t263	FALSE	8.397240657806663
t293	FALSE	17.335024534635735
t295	TRUE	0.7056961576716816
t328	TRUE	1.3638668007489798
t334	TRUE	5.673452461529813
t336	TRUE	9.72187012569352
t351	TRUE	1.0736923166349612
t359	FALSE	10.589302858839488
t379	TRUE	2.1005639680744395
t381	TRUE	7.111228070214821
t399	TRUE	1.0915394452133995
t407	TRUE	0.026499526531196693
t412	TRUE	5.26695438092672
t427	TRUE	2.0324787405343585
t431	TRUE	6.272051837335475
t436	TRUE	1.611229541099334
t456	TRUE	0.1204495711063629
t471	TRUE	3.974950527248538
t511	TRUE	3.824100104563172
t530	TRUE	0.4492453059611705
t544	TRUE	0.7280396924546579
t551	TRUE	1.5666792540544492
t559	TRUE	0.913138638246437
t592	TRUE	1.689160772517127
t602	TRUE	2.3394523158553397
t636	TRUE	1.2864226987929186
