Species	Extant	SampT
t1	FALSE	83.46074448907679
t3	FALSE	43.08519730198994
t7	TRUE	34.23926454797927
t8	TRUE	4.107569186949533
t11	FALSE	38.668640123972125
t13	FALSE	30.476932090526148
t18	TRUE	53.25138328914558
t18	TRUE	31.56266852599596
t23	FALSE	14.365819458747964
t28	FALSE	41.74318404966806
t39	TRUE	0.2621105596590354
t49	FALSE	29.72126805364094
t50	TRUE	22.378498745625237
t56	FALSE	24.604782642438494
t58	FALSE	18.71243647486068
t75	FALSE	35.771917613656285
t76	FALSE	12.850866454995398
t77	TRUE	8.316272159448985
t83	FALSE	36.09226031777537
t84	TRUE	14.946434555399506
t90	TRUE	1.0359164892791313
t95	TRUE	10.06482751811707
t95	TRUE	5.28884307253027
t104	TRUE	27.82460726356821
t106	TRUE	6.777770447309592
t106	TRUE	4.781117013420442
t113	TRUE	14.12453633869535
t120	TRUE	20.753501579551184
t138	FALSE	17.776638404074532
t140	TRUE	8.03527750291542
t158	FALSE	11.410361451018687
t163	TRUE	1.5082387406511941
t175	FALSE	8.306643471463332
t179	TRUE	10.302663144456247
t186	TRUE	3.5191492596120924
t202	TRUE	12.200973001499918
t202	TRUE	7.855814839904454
t218	FALSE	7.976264965370916
t228	TRUE	14.616007277625343
t245	TRUE	22.137335693700237
t245	TRUE	15.125531772290216
t246	TRUE	20.24570538792439
t252	TRUE	9.36406276826989
t253	TRUE	1.0554113118856208
t256	TRUE	10.270089242033706
t263	TRUE	4.876728064343723
t270	TRUE	4.718605589468254
t280	FALSE	13.281612206708076
t291	TRUE	4.819199227089712
t292	TRUE	9.6200850296635
t294	TRUE	8.598438232319367
t301	TRUE	2.972768628305843
t304	TRUE	1.2459402472549073
t308	FALSE	8.17514090363764
t312	TRUE	11.704263177915877
t315	FALSE	17.21650139858788
t329	TRUE	4.560722142845833
t339	FALSE	8.197579926172452
t350	TRUE	4.434201822026793
t358	TRUE	10.3932613100649
t366	TRUE	11.315539699120805
t380	FALSE	12.65400301060916
t382	TRUE	8.865351183695495
t408	TRUE	2.0089646271873534
t415	TRUE	1.3782958382434742
t491	TRUE	4.7526484084093426
t516	FALSE	10.241944973649353
t538	FALSE	2.905558470293002
t565	TRUE	1.9646505386448325
t636	TRUE	8.36944417532682
t663	TRUE	2.151960824892228
t712	TRUE	0.18840574328953608
