Species	Extant	SampT
t5	FALSE	98.6141301357347
t18	FALSE	79.17738898812252
t20	FALSE	70.92100474734353
t28	FALSE	29.21127266055767
t29	TRUE	39.35811435785644
t36	FALSE	19.559724401663132
t40	FALSE	22.63524886636712
t42	TRUE	37.69697256117617
t42	TRUE	21.388626732047
t60	FALSE	28.226377981485314
t62	FALSE	5.403834930387887
t63	FALSE	38.54445499617445
t64	FALSE	38.76566651152375
t69	TRUE	1.4733814251523398
t72	TRUE	32.3770589007417
t72	TRUE	23.411013198809798
t88	FALSE	28.481963322546264
t91	TRUE	6.3274081297156215
t95	FALSE	34.2285424462073
t107	FALSE	24.25724889859262
t111	FALSE	31.92445291979051
t138	FALSE	17.783289336571457
t140	TRUE	26.876651234515137
t142	FALSE	13.694585196253158
t145	TRUE	29.372975171597034
t153	FALSE	31.718134947374736
t163	TRUE	7.934636457525798
t167	TRUE	0.2674517351557171
t173	TRUE	0.6532783740585728
t200	FALSE	28.511476688368035
t211	TRUE	10.721655890843948
t227	TRUE	20.18754534362769
t233	FALSE	6.599011479624309
t242	FALSE	25.211934722387085
t248	TRUE	13.86595431099343
t248	TRUE	13.854537339557083
t252	TRUE	3.835397309352018
t292	FALSE	15.217398850192694
t303	TRUE	6.568107112710976
t309	TRUE	16.095335412513876
t324	TRUE	19.0422468900218
t334	FALSE	19.768589173737226
t361	TRUE	8.626175691198057
t367	FALSE	3.607203465990267
t377	TRUE	1.7245843624881871
t411	FALSE	11.091966192753901
t444	FALSE	10.548460915553903
t457	TRUE	10.628354847502834
t465	TRUE	1.2168991402362934
t465	TRUE	0.7204834394728294
t478	TRUE	5.170900689944986
t491	TRUE	2.6315913566203903
t516	TRUE	6.123428648956576
t517	TRUE	0.8617315106365169
t537	TRUE	4.369812830072149
t558	TRUE	0.34198904557048593
t574	TRUE	0.19650575224659406
t575	TRUE	3.7830422917367486
t627	TRUE	6.236695883699397
t647	TRUE	6.182205970615641
t680	TRUE	6.274041294059032
t697	TRUE	1.3486634341891772
t707	TRUE	4.646216590240712
t778	TRUE	0.20815467322019288
