Species	Extant	SampT
t14	TRUE	40.26440506786514
t14	TRUE	36.76274459500917
t24	FALSE	55.70592829075123
t24	FALSE	54.63300970414389
t26	FALSE	16.74747491261617
t42	TRUE	40.73883271212398
t44	FALSE	41.49275823585758
t45	TRUE	41.106819710350045
t48	FALSE	30.34466853809134
t52	FALSE	39.3333379054936
t59	FALSE	29.27811090778662
t77	TRUE	24.42587116415133
t77	TRUE	17.370110999757223
t84	FALSE	28.426471376394417
t100	TRUE	0.6860370391916177
t103	FALSE	20.332675437166976
t105	TRUE	17.261022814516075
t117	TRUE	4.559344239063151
t121	FALSE	19.42681779857609
t133	TRUE	3.6685353297447563
t143	FALSE	2.1814306214779577
t155	FALSE	29.60796482442985
t161	TRUE	1.5537072296589969
t173	FALSE	30.368939395856927
t174	FALSE	25.171271395530766
t183	TRUE	3.7109396981186222
t185	TRUE	6.08420422246931
t187	TRUE	5.423113800867725
t189	FALSE	25.712007066534298
t213	TRUE	2.280244113808365
t215	TRUE	4.163284541291802
t218	FALSE	8.37176752597243
t221	TRUE	13.846959069886552
t238	FALSE	21.211919337393553
t245	TRUE	17.445279546490326
t266	TRUE	4.794413785039438
t274	TRUE	6.66172211283569
t303	TRUE	3.2154013073075163
t307	TRUE	5.107321490628877
t311	TRUE	2.831724314612572
t312	TRUE	7.782434383129797
t326	TRUE	9.28329385153853
t344	FALSE	3.3276974488349964
t350	TRUE	0.19932269407992464
t356	TRUE	1.4905441836624505
t373	FALSE	6.6903004388621525
t374	TRUE	6.140304880904651
t408	TRUE	1.3479927470936417
t425	TRUE	12.525805109774865
t433	TRUE	11.48526705448458
t434	TRUE	11.538165969617822
t447	TRUE	11.451980685147177
t461	FALSE	10.711811035304706
t475	TRUE	6.048903847308154
t495	TRUE	0.8517536041252498
t570	TRUE	2.9396044562270305
t572	TRUE	2.0592631129981385
t581	TRUE	7.648927943400139
t592	TRUE	4.6346595288766395
t597	TRUE	0.9501306633958109
t621	TRUE	0.15568111014832198
t637	TRUE	0.19811360567415193
t657	TRUE	1.467683930583263
t701	TRUE	1.0180402610828452
