Species	Extant	SampT
t6	TRUE	41.75758911008211
t6	TRUE	4.21016462790044
t7	TRUE	11.365459721444267
t19	TRUE	40.58283425900757
t19	TRUE	30.941682197485562
t21	FALSE	18.35580409229459
t30	FALSE	24.275645399613254
t32	FALSE	17.05552173501067
t32	FALSE	12.412411749050705
t34	TRUE	9.664183482803338
t45	FALSE	51.70502516947925
t46	TRUE	10.213640739958947
t48	TRUE	2.822904659672915
t50	TRUE	4.307069847545719
t54	TRUE	23.901807014999356
t56	FALSE	22.140743511546617
t57	FALSE	41.564088573497
t86	TRUE	7.853141784218664
t89	TRUE	5.782131089198671
t90	FALSE	30.290111129080657
t91	TRUE	16.001700182560455
t92	TRUE	33.66106846216399
t94	TRUE	3.4906375070161886
t102	TRUE	18.20630372814167
t118	FALSE	13.476032112514545
t125	FALSE	26.62805204017414
t128	FALSE	23.842230587066197
t132	TRUE	6.698523013377056
t137	FALSE	22.653514712957445
t140	TRUE	12.015897587506501
t144	TRUE	22.318503332653236
t151	TRUE	6.155140038415382
t153	TRUE	14.558744429813373
t169	TRUE	17.698925733752922
t180	FALSE	10.38627605551018
t192	FALSE	3.51876857488017
t195	TRUE	21.907817973849312
t195	TRUE	8.46697977929368
t195	TRUE	1.0657112691457513
t198	FALSE	14.135147823812062
t201	TRUE	19.25426852976024
t211	TRUE	6.061490205601459
t222	TRUE	11.798681777785745
t227	TRUE	3.5723666778308143
t251	FALSE	4.918863156387786
t256	FALSE	10.501117783410095
t256	FALSE	9.182444273305677
t286	TRUE	0.24907398747451737
t293	TRUE	1.9634508285536612
t299	TRUE	14.630767438700687
t306	TRUE	0.057589107850901655
t311	TRUE	2.160791566805173
t327	FALSE	6.869936170509149
t337	TRUE	4.211137135416479
t339	TRUE	9.450859522178177
t347	TRUE	15.653967178389124
t373	TRUE	0.23672693718958726
t376	TRUE	3.2539561038002063
t389	TRUE	0.3125607324952142
t395	TRUE	11.761491171798454
t421	TRUE	4.147298815434894
t432	TRUE	10.07818950075631
t464	TRUE	9.668432829104049
t476	TRUE	8.568150663007216
t481	TRUE	2.117570599459171
t482	TRUE	5.082471038928972
t505	TRUE	4.505126846406824
t524	TRUE	4.890061885341751
t552	TRUE	4.327976345663373
t557	TRUE	0.7511165938428377
t560	TRUE	0.45275304929464255
t578	TRUE	4.246284338067568
t606	TRUE	2.389482653574319
t618	TRUE	0.3086117310942029
t682	TRUE	1.1116555706052935
t682	TRUE	0.3281926550357497
t703	TRUE	0.46320511746782245
