Species	Extant	SampT
t15	FALSE	26.78746417171979
t18	TRUE	21.431656502770238
t26	TRUE	13.178334468977027
t28	FALSE	13.769043675320376
t29	TRUE	37.15704414084579
t29	TRUE	5.5934688544275915
t30	TRUE	21.890562511118027
t30	TRUE	13.412953791277381
t46	TRUE	40.793927805149906
t46	TRUE	36.21212052925506
t61	TRUE	37.727329563770944
t61	TRUE	17.945062332276756
t66	FALSE	7.682538554715222
t71	TRUE	19.948264227849158
t85	TRUE	1.8847564762967366
t97	TRUE	8.838472491189535
t105	TRUE	28.258684774459297
t106	TRUE	19.880229020932916
t110	FALSE	33.86716466309845
t117	TRUE	24.970074473394263
t126	FALSE	28.088260470023478
t127	FALSE	29.367268520837726
t128	TRUE	14.678532725212555
t132	TRUE	4.500996829543801
t135	FALSE	26.547552172422925
t155	FALSE	18.830624518187093
t155	FALSE	16.719918993504095
t159	TRUE	6.758445798076778
t166	FALSE	24.358228320925974
t168	TRUE	13.880987654315
t182	TRUE	17.390994454176045
t187	FALSE	23.867123273513755
t195	TRUE	20.300776872329386
t198	TRUE	15.940744622362537
t218	TRUE	2.5283738628303567
t223	TRUE	0.04295640810439494
t228	TRUE	3.844740691759263
t242	TRUE	12.217415959296943
t242	TRUE	8.172923835648419
t247	TRUE	18.048950358333514
t269	TRUE	11.784999826259153
t271	TRUE	10.663657576265933
t284	TRUE	12.588240063164669
t284	TRUE	2.397542955700594
t286	TRUE	2.6166963169242123
t287	TRUE	15.26899439332226
t287	TRUE	7.515417879158214
t292	TRUE	0.648480235456482
t300	FALSE	15.445753887094085
t318	TRUE	1.302182477273
t324	TRUE	10.184152011961984
t327	FALSE	13.643752867748937
t327	FALSE	7.87033950017949
t328	TRUE	9.436989598789197
t332	TRUE	2.379830185737923
t335	TRUE	5.815171871090342
t341	TRUE	6.847842426356394
t349	FALSE	6.510894038086704
t352	TRUE	3.8747597140782304
t361	TRUE	9.69229693388094
t362	TRUE	1.6518482370171625
t369	TRUE	2.166612901615828
t381	TRUE	0.41083542472880197
t405	TRUE	14.48050916060712
t412	TRUE	9.637910438514794
t415	TRUE	0.4889684102388898
t423	TRUE	2.3044581842730167
t457	TRUE	11.131548667362324
t460	TRUE	4.998025630030504
t480	TRUE	0.564577984849187
t492	TRUE	2.3702048475868978
t506	TRUE	0.15974735966695164
t511	TRUE	4.560869298292388
t554	TRUE	3.834410552102959
t557	TRUE	4.524549545047535
t558	TRUE	0.7798515720079564
t561	TRUE	1.49338288635726
t574	TRUE	4.437214836106278
t579	TRUE	0.6238598087922895
t663	TRUE	2.789498868070808
t687	TRUE	0.9434964735684233
