Species	Extant	SampT
t3	FALSE	105.8488781845204
t6	FALSE	87.24705422701085
t8	FALSE	70.14295931906437
t12	FALSE	61.68167256836354
t15	FALSE	63.15660813205085
t16	TRUE	3.654624044449207
t23	TRUE	22.41563334729065
t23	TRUE	8.011736663582724
t27	FALSE	40.93255968611828
t38	TRUE	39.99359450690049
t39	FALSE	8.962789446452177
t40	TRUE	63.9330514064948
t46	TRUE	46.17053737580311
t46	TRUE	5.906810487578625
t47	TRUE	26.801761283668156
t48	TRUE	18.264267268080133
t52	TRUE	9.174023675270291
t58	TRUE	7.899689782474127
t66	TRUE	15.34575272418769
t69	TRUE	43.151266096107804
t93	TRUE	32.148650170892324
t97	TRUE	4.1776147753999595
t107	TRUE	25.44922998051564
t108	FALSE	11.811024868293956
t109	TRUE	20.55692089640108
t115	FALSE	25.35914172511559
t116	TRUE	5.165964017147729
t120	FALSE	38.85815809346043
t126	TRUE	9.645142336914091
t139	TRUE	4.662346367152907
t147	TRUE	26.584001895132417
t148	FALSE	11.512809899253668
t173	TRUE	24.14712929934646
t173	TRUE	3.686953108383662
t178	FALSE	3.088650686890162
t184	FALSE	34.42412753480751
t191	TRUE	20.080786561594564
t197	TRUE	10.685745424336304
t212	TRUE	5.011858019919799
t218	TRUE	0.17969005673617744
t220	TRUE	18.536968359171098
t224	FALSE	16.52157300021406
t235	TRUE	9.683559611806345
t236	TRUE	17.05075934974785
t236	TRUE	15.700681269898368
t236	TRUE	1.2604776721292268
t240	FALSE	12.575550065015136
t243	TRUE	5.019106199970182
t259	FALSE	3.2737044998967235
t263	TRUE	0.09371010537606139
t264	TRUE	16.398929704733945
t271	TRUE	5.675139299735093
t292	FALSE	7.646937894566733
t293	TRUE	9.226578012206062
t315	TRUE	17.332190461994855
t323	TRUE	2.1259256089263374
t346	TRUE	14.189115376896297
t368	TRUE	12.432007771907422
t370	FALSE	5.742739489136937
t387	TRUE	17.352049082162026
t391	TRUE	3.0140933410712023
t399	TRUE	2.7561635802268114
t424	TRUE	7.0827444052550845
t438	TRUE	12.020045001362078
t449	FALSE	10.882029127904943
t483	TRUE	1.7340339534147091
t485	TRUE	8.769443885905957
t493	TRUE	0.9657440303120666
t497	FALSE	2.249462824761764
t507	TRUE	2.128524511848539
t537	TRUE	3.202092173704642
t586	TRUE	2.051143656046847
t619	FALSE	2.323892355112008
t622	TRUE	2.9567322379660794
t653	TRUE	4.818966099681532
t662	TRUE	0.8541637509573121
t676	TRUE	4.362935674034034
t684	TRUE	0.7154154936443149
t691	TRUE	0.8621105189895388
t704	TRUE	1.466411138477838
