Species	Extant	SampT
t8	TRUE	37.15118102113555
t10	FALSE	38.507507748165686
t13	FALSE	42.498247908569255
t19	FALSE	47.62479619111973
t19	FALSE	32.603293210837656
t34	TRUE	22.6000030992166
t36	TRUE	4.843539994153886
t41	FALSE	19.575568051525657
t46	FALSE	30.481644132971155
t50	FALSE	8.376672224794675
t52	FALSE	21.102212883677993
t65	FALSE	10.515049467172275
t67	FALSE	24.811045410801505
t76	FALSE	34.84895653715388
t82	FALSE	25.57644376560922
t94	TRUE	7.160424338267077
t107	TRUE	7.48241248410892
t110	TRUE	25.14713679649131
t110	TRUE	6.492185081412799
t125	FALSE	11.144409117785301
t125	FALSE	2.189471042788597
t129	FALSE	27.864198178512737
t130	FALSE	15.675794818402174
t158	FALSE	26.92428520495684
t166	TRUE	25.609555402852763
t168	TRUE	20.806759814348183
t169	FALSE	11.495152856259779
t187	FALSE	7.250710791783945
t192	TRUE	1.7626250889210837
t197	TRUE	6.201268988113611
t198	TRUE	15.215693571988261
t200	FALSE	24.592044261041643
t206	FALSE	10.422708065284525
t229	FALSE	12.092351564817633
t245	TRUE	0.4163010675956258
t247	TRUE	7.13863713355704
t248	TRUE	19.972830531033473
t251	TRUE	11.21148908673645
t286	TRUE	15.22438389789464
t296	FALSE	20.837151414717333
t308	TRUE	1.7763519861178452
t308	TRUE	0.47515707243252336
t316	TRUE	7.7232707671383025
t325	TRUE	17.62503209255889
t327	TRUE	4.9732331457502426
t344	TRUE	10.449904738037702
t355	TRUE	5.9064125580987366
t361	TRUE	17.10932304987398
t383	TRUE	5.510497745225763
t384	TRUE	2.8032140341648812
t387	TRUE	9.13863087236254
t447	TRUE	9.576216882044108
t447	TRUE	6.614423340135843
t458	TRUE	9.632858113013071
t459	FALSE	10.580190058543252
t465	TRUE	0.38413105358060307
t473	FALSE	4.638713806910289
t478	TRUE	4.228799407326818
t486	FALSE	7.102284928759801
t492	FALSE	3.3061109996354077
t509	TRUE	6.234351062603764
t524	TRUE	5.050616127484744
t585	TRUE	2.7408353668491117
t585	TRUE	0.1058825441489688
t611	TRUE	5.20063938258707
t617	TRUE	7.5298575415217925
t637	FALSE	2.2033967052572194
