Species	Extant	SampT
t5	FALSE	36.34947062739414
t6	TRUE	33.70795990676214
t6	TRUE	13.417274694460772
t11	FALSE	76.11701747512329
t20	TRUE	31.186619655125426
t26	TRUE	2.8027610355160135
t28	FALSE	34.87826056209212
t31	FALSE	31.607602960543886
t34	TRUE	9.00587124365309
t37	TRUE	5.909920718290621
t47	TRUE	2.481113227361732
t78	FALSE	23.19783394942465
t79	TRUE	20.984988913871547
t86	TRUE	16.548506279088002
t92	TRUE	16.1487471622019
t95	TRUE	3.240872879534379
t99	FALSE	28.59904467210029
t109	TRUE	12.24441628568718
t112	TRUE	9.772453894818142
t112	TRUE	6.940982183420971
t126	FALSE	24.794634113502298
t128	FALSE	14.58873111096463
t133	FALSE	24.76211007698383
t140	TRUE	21.663424838820575
t147	TRUE	8.944761129265189
t154	TRUE	14.964424343319095
t154	TRUE	10.116042235522215
t156	FALSE	29.04589349154068
t160	TRUE	27.285887603048295
t160	TRUE	24.387047443887056
t182	FALSE	3.8066504669475876
t184	TRUE	14.343597858578505
t197	FALSE	23.632836563910274
t197	FALSE	17.790237464793904
t200	TRUE	3.545255891136833
t201	FALSE	20.252186280071214
t263	FALSE	6.069494943566497
t264	TRUE	13.52298560856147
t266	TRUE	21.419448434128057
t292	TRUE	6.011918485886952
t310	TRUE	12.578465946938564
t313	TRUE	13.195272962298006
t313	TRUE	9.111387942652911
t313	TRUE	7.23296902954182
t315	TRUE	12.892729754018163
t350	TRUE	8.196777481871507
t351	TRUE	15.275575896916223
t352	TRUE	3.086446583194146
t353	TRUE	5.010101679800627
t374	TRUE	5.557816342701969
t375	TRUE	3.650430957602765
t375	TRUE	2.6492998886876364
t378	TRUE	2.1389579170912185
t394	TRUE	2.5789686600687673
t411	TRUE	11.565307073706236
t420	TRUE	0.5626661142103444
t445	TRUE	1.7045261809150958
t513	TRUE	6.635748493818042
t530	TRUE	2.105717490452662
t542	TRUE	1.6534947635132369
t585	TRUE	2.4188241898300618
t590	TRUE	3.02831729495702
t591	TRUE	0.8007334087466376
t593	TRUE	5.894219093170108
t598	TRUE	1.4813764951910997
t602	FALSE	6.298211563223475
t656	TRUE	1.5380548850032767
t679	TRUE	1.3904183476155652
