Species	Extant	SampT
t6	FALSE	37.791093684871505
t9	FALSE	35.99439743602718
t15	FALSE	22.74357180418074
t29	FALSE	24.56723126126154
t29	FALSE	24.40960195289548
t30	TRUE	10.252612105954732
t32	TRUE	12.005503661557924
t54	FALSE	20.16092183699537
t62	TRUE	3.0238753007587036
t67	FALSE	28.751112208029276
t70	TRUE	15.683203415435358
t71	TRUE	18.574959270607295
t71	TRUE	13.169103672679128
t77	FALSE	4.369259435404132
t80	TRUE	28.4951214255764
t80	TRUE	27.217896627907358
t81	FALSE	21.554733487143153
t83	FALSE	5.464930743537735
t95	TRUE	19.636678221196306
t97	TRUE	7.175899099164695
t105	TRUE	26.510412551330447
t107	TRUE	21.678243073089135
t108	TRUE	16.106952725010643
t117	TRUE	4.172359622509973
t124	TRUE	28.741168342239583
t126	FALSE	10.339057584933364
t127	TRUE	16.88034356186516
t133	TRUE	17.67423218171068
t143	TRUE	10.761279884192383
t144	TRUE	24.69749744269847
t144	TRUE	4.449015209195181
t159	FALSE	11.400163428083118
t175	TRUE	15.826697794655118
t175	TRUE	13.23807970478925
t175	TRUE	0.8274776243829223
t183	FALSE	18.237363636189677
t197	TRUE	7.285387718346811
t214	TRUE	4.711010769008595
t233	TRUE	4.571406607390529
t241	TRUE	10.955130237960404
t245	TRUE	2.0689330991934156
t250	FALSE	3.1035725639094096
t260	TRUE	6.265861603412901
t266	TRUE	5.364105418323476
t267	TRUE	1.359405266302062
t270	TRUE	1.096720705152734
t285	TRUE	6.468321670852461
t291	TRUE	2.9353803937641345
t298	TRUE	2.332654290140553
t308	TRUE	4.232275826392723
t323	TRUE	1.1107074209809156
t335	TRUE	8.437739123312
t353	TRUE	4.746296545111122
t354	FALSE	16.33523063568233
t388	TRUE	6.827857276315882
t404	TRUE	12.120868790452072
t419	TRUE	4.553106378920916
t423	FALSE	8.519090833691436
t456	TRUE	8.103218424819708
t456	TRUE	3.850083594896205
t466	TRUE	6.69131630930265
t489	FALSE	4.257079992368588
t531	TRUE	0.802060733830757
t563	TRUE	1.7600924302774388
t567	TRUE	0.23965207679286493
