Species	Extant	SampT
t3	FALSE	52.37650320452818
t4	FALSE	45.62026893559198
t5	TRUE	42.23852813113532
t5	TRUE	40.907706429138955
t5	TRUE	19.482949578091677
t9	FALSE	23.347940138348257
t9	FALSE	22.633833495408716
t15	TRUE	40.10646915922472
t19	TRUE	37.901484083263625
t30	TRUE	17.917848617449643
t32	FALSE	35.243654465835476
t40	FALSE	9.486850067424783
t41	TRUE	16.20718207366277
t50	TRUE	16.533087027342155
t50	TRUE	7.642397116548068
t54	TRUE	27.571411081972734
t73	TRUE	23.167873406286887
t73	TRUE	18.81290883707588
t73	TRUE	9.667493355895928
t83	TRUE	13.350379289885794
t83	TRUE	6.954546607857381
t86	TRUE	8.758619608781103
t109	FALSE	13.305415016420824
t114	TRUE	3.221975855591438
t119	TRUE	18.197997604838008
t119	TRUE	15.506684435228522
t142	FALSE	11.704665489341103
t146	TRUE	1.2450275648323839
t157	TRUE	0.9691411366548124
t167	TRUE	9.278437210993445
t175	FALSE	20.7713507226636
t175	FALSE	7.116696622126298
t178	FALSE	25.876186747293218
t189	FALSE	12.230811101307516
t192	TRUE	14.549244812355262
t208	TRUE	6.123262194409577
t220	TRUE	15.928381158797926
t227	TRUE	3.7735132622823784
t229	FALSE	9.808532482928044
t259	TRUE	0.36439460396174184
t263	FALSE	16.818139144286512
t263	FALSE	11.939558620631693
t268	FALSE	3.51478674675964
t280	TRUE	9.029882607488958
t306	TRUE	0.041747444608731143
t311	TRUE	4.526733057794658
t337	FALSE	11.656272834085016
t354	TRUE	0.24784970223477387
t358	TRUE	4.1073817555787855
t373	TRUE	0.24363833928580902
t381	FALSE	8.543803911860408
t382	TRUE	3.3265262611458013
t403	TRUE	4.191526415898409
t412	TRUE	5.984353329858337
t413	FALSE	12.573031353927341
t422	TRUE	9.256128523613313
t430	TRUE	10.388887863479141
t472	TRUE	6.46779276643872
t474	TRUE	3.1971452132398213
t505	TRUE	8.215362347125293
t516	TRUE	4.816902168873796
t538	TRUE	1.723749558386885
t556	TRUE	4.591136252041437
t576	TRUE	0.05469229273204235
t605	TRUE	1.1444843807851584
t616	TRUE	0.8525394707111218
t621	TRUE	1.9643266152095151
t637	TRUE	5.904266927573417
