Species	Extant	SampT
t1	FALSE	58.45645602913126
t6	TRUE	28.302804007715167
t6	TRUE	2.9327739471557095
t8	TRUE	50.87999737314749
t14	FALSE	20.981495638330614
t16	TRUE	6.463927177200446
t18	TRUE	17.687772763624153
t26	FALSE	28.00551554504976
t26	FALSE	18.91089863460705
t35	FALSE	26.911552401971534
t47	TRUE	17.366723468666166
t58	TRUE	13.652894315738905
t63	FALSE	21.923442185575496
t65	FALSE	17.96074557038216
t74	FALSE	33.66219189201807
t76	TRUE	11.889983682218045
t90	TRUE	0.9653080709940696
t95	FALSE	12.75625070009842
t103	FALSE	13.590123925640341
t110	TRUE	0.6870487826435578
t118	TRUE	2.843567013176852
t119	TRUE	22.500667482400345
t122	FALSE	21.58761841837125
t147	FALSE	17.244348995770224
t149	FALSE	19.439932557254053
t149	FALSE	13.884944894235971
t154	FALSE	10.959313904734785
t160	FALSE	10.369491032638479
t173	TRUE	0.07688363480755811
t179	TRUE	19.94957536775813
t185	TRUE	0.3532182815735041
t195	FALSE	8.249425932212802
t203	TRUE	8.254917204378188
t226	TRUE	3.15511766123538
t230	TRUE	17.457520571782283
t233	TRUE	15.125653797083785
t238	TRUE	14.828267505017124
t238	TRUE	5.028787904975019
t255	TRUE	15.29223420403271
t261	FALSE	18.519571500209608
t269	TRUE	3.6678953420147877
t271	TRUE	11.394268804526078
t286	TRUE	2.1112025532632686
t286	TRUE	0.6912970266997434
t291	FALSE	15.705857105146663
t294	TRUE	4.308990204736432
t296	TRUE	3.466073429474676
t306	TRUE	10.661790494015435
t343	TRUE	4.1737162016426055
t354	TRUE	0.026428834133582768
t370	TRUE	2.7273610483232176
t388	TRUE	2.873158382306258
t424	TRUE	7.307861038264008
t444	TRUE	0.7749528151274774
t535	FALSE	6.681909918260175
t564	TRUE	0.18289760593475535
t579	TRUE	3.8895386853081675
t580	TRUE	0.8577901230194982
t586	TRUE	3.0690204381882324
t669	TRUE	0.11487219531551318
