Species	Extant	SampT
t1	TRUE	28.888910082668758
t9	FALSE	63.71561239507176
t10	FALSE	39.6674889329461
t14	FALSE	36.61887331131116
t19	TRUE	30.373762998537728
t22	TRUE	15.164626798136112
t35	TRUE	31.268849821785693
t36	TRUE	39.02596918366158
t36	TRUE	26.143173783088727
t42	TRUE	21.41412217910525
t42	TRUE	19.437649248201424
t44	TRUE	31.956257543901344
t44	TRUE	11.217394204253694
t47	FALSE	35.17013734079126
t48	FALSE	21.297706197093035
t53	FALSE	18.665844434927365
t60	FALSE	26.602399563096327
t67	TRUE	33.9987937858708
t67	TRUE	18.37997767463399
t70	FALSE	27.299271050556797
t86	FALSE	3.3747436160257536
t99	TRUE	8.396932247392783
t104	FALSE	34.97431027835031
t117	TRUE	18.471362287124165
t125	TRUE	17.13809267742971
t127	FALSE	10.248428273054486
t131	TRUE	31.92611344733332
t141	TRUE	0.731736957900182
t143	TRUE	20.11827082487251
t163	FALSE	21.374178826328915
t167	TRUE	3.915354481955262
t167	TRUE	2.081356884399341
t174	FALSE	19.730788031661135
t182	TRUE	27.135005519197748
t182	TRUE	6.803233800859616
t200	TRUE	19.496810038697987
t202	FALSE	26.45138133946682
t234	TRUE	15.866822484031701
t243	TRUE	16.060316841352346
t244	TRUE	15.128557789593998
t256	TRUE	23.373149939027144
t263	TRUE	4.59277372124528
t266	FALSE	13.221302478208727
t266	FALSE	12.262969174056835
t278	TRUE	16.682342697144122
t278	TRUE	4.139248445839257
t281	TRUE	8.500069308206662
t283	TRUE	0.1103774646015836
t291	TRUE	11.565490339574566
t292	TRUE	3.6898003775948496
t314	FALSE	16.5718529211464
t325	FALSE	8.258551638903356
t328	TRUE	0.18742986190413546
t329	TRUE	12.011080167063525
t330	TRUE	5.963763998830316
t363	TRUE	13.005871734918685
t363	TRUE	7.4453264577949625
t381	TRUE	9.131435202290064
t381	TRUE	5.643537537981516
t387	FALSE	5.7677896734627865
t408	TRUE	3.673450439222478
t412	TRUE	12.962139960222402
t435	TRUE	11.970734029286177
t445	TRUE	10.848499147604812
t455	TRUE	12.913876176683075
t460	TRUE	2.008682240647758
t515	TRUE	4.320232945154771
t523	TRUE	5.938624211107552
t523	TRUE	2.2660739149883398
t526	TRUE	1.5841557285462073
t549	FALSE	10.798997373308282
t554	TRUE	5.806304498017312
t567	FALSE	6.95044181034217
t592	TRUE	4.487834911194668
t593	TRUE	6.82598631002962
t617	TRUE	0.06969957149084394
t618	TRUE	1.4112414160938016
t639	TRUE	2.4443904411177897
t640	TRUE	3.2999829318492147
t675	TRUE	2.789469832622842
t682	TRUE	1.9815035548195112
t710	TRUE	2.331456102174073
