Species	Extant	SampT
t3	TRUE	1.6806819998901261
t10	FALSE	63.30304783647996
t10	FALSE	36.916588193598045
t10	FALSE	19.363222882496032
t12	FALSE	18.75090132701962
t12	FALSE	8.789232552534031
t16	FALSE	66.5435723218641
t21	TRUE	31.33460553087943
t25	TRUE	43.752766211570304
t25	TRUE	34.5633248771141
t25	TRUE	5.2758395178775
t26	FALSE	47.50231890665094
t30	TRUE	4.307161555792476
t30	TRUE	1.6343527521745216
t32	FALSE	63.55260486453051
t34	TRUE	47.402416569350905
t45	FALSE	26.641016922790314
t46	TRUE	15.407761357495232
t47	TRUE	38.40274418467348
t47	TRUE	24.985399113716255
t67	FALSE	33.62830936588651
t78	FALSE	31.812056351861244
t81	FALSE	24.012765420690272
t85	TRUE	43.280526001004326
t88	TRUE	5.6512932373112506
t95	TRUE	10.096260115335738
t95	TRUE	9.80118811551965
t99	TRUE	0.3428438244703358
t111	FALSE	14.109503193477977
t116	FALSE	20.565724599072098
t117	TRUE	11.200847758388406
t120	FALSE	35.61540083564908
t126	TRUE	1.3173941847272488
t130	FALSE	32.34434787423412
t135	FALSE	6.9943536434414995
t142	TRUE	1.0956298450166457
t150	TRUE	12.812011910539098
t151	TRUE	11.484797901611074
t156	TRUE	16.954969859175577
t163	TRUE	3.519823530859938
t168	FALSE	14.674254658882091
t169	TRUE	9.632549992107997
t187	FALSE	25.681032886320068
t188	FALSE	11.86412845712168
t191	FALSE	18.393764975372022
t198	TRUE	22.33911108179953
t201	TRUE	5.394359555224526
t218	FALSE	10.503643261012584
t240	TRUE	9.36583682267792
t243	FALSE	17.519907974612025
t245	TRUE	12.408496483406566
t249	TRUE	5.516569236543987
t257	TRUE	19.036859157765733
t272	TRUE	16.17712637723905
t284	TRUE	19.169276167065988
t291	TRUE	15.979738336480068
t306	TRUE	17.364457287210215
t310	FALSE	13.557571401948294
t342	TRUE	7.84075257056152
t346	TRUE	0.5847090737651968
t359	TRUE	4.6418215278983155
t370	TRUE	10.333228640275081
t375	TRUE	7.289438443556037
t375	TRUE	4.414533945098128
t376	TRUE	11.04460619293043
t378	TRUE	5.353707103352946
t417	TRUE	6.670920599175062
t433	TRUE	9.011016235742105
t458	FALSE	11.355046047155142
t505	TRUE	11.137268339886717
t530	TRUE	2.074891192298523
t554	TRUE	0.5532894945663998
t557	TRUE	9.113481421290743
t584	TRUE	2.8564755594819644
t593	TRUE	0.45151760176365485
t613	TRUE	7.4095278628272325
t617	TRUE	3.3230364440249076
t625	TRUE	0.5512318191765928
t657	TRUE	0.3980296507021279
t673	TRUE	3.8444549387485125
t679	TRUE	0.3016392552206071
t681	TRUE	2.774730755473527
