Species	Extant	SampT
t2	FALSE	83.72472934809788
t15	FALSE	36.97923113959104
t16	FALSE	49.16406223080178
t17	TRUE	26.623404759265583
t19	TRUE	11.145139568166172
t22	FALSE	59.24100145412665
t24	FALSE	57.42846354908811
t26	FALSE	19.6732076276044
t34	FALSE	34.53954859913382
t37	FALSE	49.7061593250083
t47	FALSE	52.41565119655859
t48	FALSE	40.867406618428156
t49	TRUE	26.400460559623482
t53	FALSE	25.358951649649285
t54	TRUE	53.70862375080155
t60	TRUE	25.316741264473904
t60	TRUE	0.5510060844772511
t68	FALSE	34.00734415465719
t73	TRUE	15.86317775099009
t74	TRUE	4.118346009558479
t77	FALSE	3.9640991842105677
t86	FALSE	24.510205257541955
t103	FALSE	13.008498566610967
t107	FALSE	20.92024745925393
t120	TRUE	22.99528515714725
t120	TRUE	10.560586376148663
t134	TRUE	23.422533297760353
t138	TRUE	14.27659169837088
t150	FALSE	22.03154320661561
t150	FALSE	16.001315209143996
t151	FALSE	20.004694689480687
t152	TRUE	5.818391914543298
t152	TRUE	4.529006310802487
t154	TRUE	1.9627089019201378
t160	TRUE	8.567172369756179
t171	FALSE	21.783623764641234
t185	TRUE	18.936766822058928
t186	FALSE	10.67701867750965
t197	TRUE	1.9006754222366737
t199	FALSE	9.26788247030052
t220	TRUE	12.33494711017066
t220	TRUE	2.6447161994435504
t221	TRUE	9.898614019772879
t228	TRUE	13.150525262544875
t246	TRUE	17.93405918164106
t266	FALSE	20.29193966855179
t285	TRUE	2.915220191552393
t286	FALSE	10.207715198243449
t313	TRUE	3.194024877655707
t329	TRUE	10.345162696585575
t343	FALSE	8.50458253937596
t361	FALSE	9.642894891949993
t366	TRUE	2.3952890294213773
t388	TRUE	3.5094273804180176
t394	TRUE	11.181020402703467
t405	TRUE	6.781969641734278
t423	TRUE	4.503609175026099
t437	FALSE	10.638054585244276
t450	TRUE	11.497554204970612
t456	TRUE	0.4947897955026832
t462	TRUE	1.4518514950750472
t506	FALSE	4.11062986772788
t532	TRUE	2.484566922561541
t535	TRUE	5.265157644411076
t543	TRUE	6.90408735571765
t544	TRUE	5.387962229414001
t576	TRUE	1.037804274250405
t585	TRUE	2.6577832054943116
