Species	Extant	SampT
t1	TRUE	79.50958703190621
t5	TRUE	25.369653436390905
t9	FALSE	42.084063997487945
t15	TRUE	7.1733892903521195
t26	FALSE	19.873055297497032
t28	TRUE	13.2144108623868
t28	TRUE	10.214298192844367
t35	TRUE	8.731332079106892
t46	TRUE	21.160387343328594
t59	FALSE	7.608946763049104
t92	FALSE	25.687653888892733
t96	TRUE	23.270423463528225
t100	TRUE	20.84291343946809
t120	TRUE	14.134366236520862
t132	TRUE	5.307747143249173
t136	TRUE	2.2165812126592783
t142	TRUE	19.237704786303112
t144	TRUE	14.62166855596901
t144	TRUE	1.6062630841543495
t145	TRUE	17.02066573120898
t156	TRUE	22.081334729712275
t183	TRUE	18.72366961455944
t183	TRUE	6.996675174599915
t185	TRUE	4.5560575940200465
t200	TRUE	28.409111985941784
t202	FALSE	18.650090368547623
t204	TRUE	1.0042558094494325
t207	TRUE	12.384751799148006
t209	FALSE	7.119256961137921
t220	TRUE	6.653120737299233
t234	TRUE	16.502436985929037
t234	TRUE	1.3199250118029369
t243	TRUE	23.846261648480798
t254	FALSE	16.414559105691055
t254	FALSE	15.93495678460313
t262	TRUE	0.9339793800775027
t275	TRUE	20.41643825889912
t303	TRUE	9.370447607132078
t321	TRUE	1.8756558790025366
t335	TRUE	12.663465646099823
t349	FALSE	6.7068744197419505
t367	TRUE	5.864211726646829
t368	FALSE	9.966541309671769
t388	TRUE	6.964287371397191
t417	TRUE	2.6595027531565165
t428	FALSE	12.45745358557484
t470	TRUE	0.9315194177338526
t485	TRUE	3.952636278328754
t498	TRUE	2.382476665255709
t512	TRUE	6.289045433579361
t538	FALSE	6.44785311531929
t546	FALSE	6.971446820164303
t553	FALSE	7.181973217693155
t570	FALSE	7.04208661456272
t583	TRUE	3.546123268560393
t636	FALSE	4.191763513204194
t641	TRUE	0.5642769415990898
