Species	Extant	SampT
t3	FALSE	56.93470185960014
t3	FALSE	38.21543761962042
t4	FALSE	85.38299445425679
t4	FALSE	54.3137444685172
t6	TRUE	34.924114314129355
t7	TRUE	42.05624597672099
t11	FALSE	7.13586210430087
t13	FALSE	49.165416954667975
t14	FALSE	52.630914552820954
t14	FALSE	22.97463894170903
t18	FALSE	15.528628920317217
t24	TRUE	2.485597158052272
t27	TRUE	34.13696584268199
t28	FALSE	13.467959057990257
t51	FALSE	37.20660612143715
t57	TRUE	19.173065165601315
t59	FALSE	47.526194677542954
t71	FALSE	45.03907734445917
t74	FALSE	20.189529987756032
t80	FALSE	33.72016339577017
t81	TRUE	9.021108332188959
t83	TRUE	20.859213684903466
t85	FALSE	30.981486489909926
t91	FALSE	26.9918352931966
t92	TRUE	14.677801342517597
t94	TRUE	20.71673851071344
t98	TRUE	5.11137701903408
t106	TRUE	24.224974670401778
t127	TRUE	4.825671047691188
t140	TRUE	0.9869304414680187
t146	TRUE	23.01834575758153
t146	TRUE	18.252823627250166
t146	TRUE	0.3558886740038787
t156	TRUE	21.641599634918904
t164	TRUE	2.17432104130512
t167	TRUE	5.856291262442397
t182	TRUE	14.005998988723576
t182	TRUE	13.567963616078913
t194	TRUE	1.030282900765954
t200	FALSE	18.674316803068976
t205	TRUE	11.172801111276044
t206	FALSE	20.78570174664931
t214	TRUE	16.604113900870544
t237	FALSE	11.774266692210134
t248	FALSE	9.625851229999256
t253	TRUE	7.039758660542006
t259	TRUE	9.734302456260934
t267	TRUE	17.897320435865637
t269	FALSE	14.902109177465846
t341	TRUE	2.6264905285584206
t353	TRUE	6.353947550232178
t418	FALSE	13.41368906604795
t418	FALSE	9.967758422044923
t420	TRUE	10.503704498659857
t428	TRUE	8.10409307114989
t438	TRUE	13.671299175672786
t472	TRUE	5.829646623941031
t519	TRUE	9.779258261268339
t533	TRUE	4.568098688481271
t546	TRUE	4.03920714677794
t556	TRUE	4.940039693239328
t570	TRUE	4.0470570795483525
t613	TRUE	5.455715871498995
t618	FALSE	3.8396914988130817
t641	TRUE	1.31623965748922
t650	TRUE	2.1796399780862004
