Species	Extant	SampT
t2	FALSE	45.31270573354182
t10	FALSE	46.45490195127719
t13	FALSE	44.044331476920114
t15	TRUE	24.313307411774026
t15	TRUE	7.193682014747495
t17	TRUE	27.126232268113938
t17	TRUE	22.387978723223746
t19	FALSE	24.3059010681592
t20	TRUE	13.14276025764434
t25	TRUE	0.9708478093640878
t26	TRUE	26.906836193427367
t27	TRUE	22.64912802060227
t30	TRUE	31.16908536154689
t30	TRUE	1.1068514163376335
t31	TRUE	24.638319419842112
t33	TRUE	7.74239635259714
t38	FALSE	28.731287296799948
t48	FALSE	32.75594943426542
t59	TRUE	24.11181632182646
t70	FALSE	21.830657982332973
t79	TRUE	27.523385263395184
t89	TRUE	9.145702539868466
t89	TRUE	3.8149526021293525
t99	TRUE	4.983809048259701
t100	FALSE	28.944296603934404
t111	TRUE	6.018191114252474
t122	FALSE	24.144523420590126
t156	TRUE	10.120212945842397
t163	TRUE	1.6523597992329826
t177	FALSE	24.13226946431155
t186	TRUE	20.934437479715363
t191	FALSE	26.64985240909322
t194	FALSE	19.240710315247767
t200	TRUE	5.084153864074935
t205	TRUE	22.445866901107863
t210	FALSE	6.626476869083874
t213	FALSE	25.59387882364411
t216	FALSE	14.140562818838987
t216	FALSE	10.516202999256507
t216	FALSE	9.142841342814222
t218	TRUE	4.508259732860239
t222	TRUE	5.764491331073216
t228	TRUE	16.04396381407799
t233	TRUE	17.59071054481874
t234	TRUE	21.237411020508873
t242	FALSE	14.380185520017633
t248	TRUE	12.895196443314212
t251	TRUE	2.434354306494697
t268	FALSE	15.39733609908457
t271	TRUE	10.462654058304835
t289	FALSE	19.130997248431584
t307	TRUE	2.9361105642714023
t313	TRUE	9.162389504150426
t333	TRUE	16.06436511124064
t335	FALSE	11.214434397938518
t336	TRUE	12.880554043689514
t343	FALSE	5.435410319922582
t348	FALSE	16.364591713509967
t355	TRUE	0.37786207240979763
t357	TRUE	3.782444775001295
t361	TRUE	11.057278617199785
t380	TRUE	12.169025910532248
t387	TRUE	0.2191423041708589
t402	TRUE	14.215115206190859
t418	TRUE	10.427485113629999
t436	TRUE	7.166890648303891
t466	TRUE	8.536298344269085
t499	TRUE	2.8101938735118637
t508	TRUE	6.131968790819371
t546	TRUE	2.102050596976511
t563	TRUE	3.126538057043291
t576	TRUE	3.184448744402758
t580	TRUE	0.16574987686365716
t612	TRUE	4.023442389516887
t618	FALSE	2.958282097042783
t622	FALSE	2.657796752794056
