Species	Extant	SampT
t3	FALSE	48.2085847934316
t5	FALSE	51.673821582467276
t7	FALSE	40.279434718504525
t10	TRUE	4.455601022495387
t14	TRUE	23.435538946050414
t14	TRUE	15.17842519328731
t19	FALSE	29.02248503592969
t27	TRUE	29.078138363888883
t31	TRUE	18.578091874240627
t33	FALSE	21.365375873131285
t35	FALSE	15.610444714852605
t37	TRUE	5.926953317308431
t38	TRUE	0.04257590885350737
t39	TRUE	47.792552387770314
t48	TRUE	6.365843418508717
t55	FALSE	1.7566009683219193
t61	TRUE	42.21144813780588
t61	TRUE	15.663689064950773
t63	TRUE	40.69866205812411
t63	TRUE	23.90259442166405
t63	TRUE	16.434619798596415
t72	TRUE	27.55360189970967
t75	FALSE	22.434649714318624
t76	FALSE	12.77241160307463
t84	TRUE	14.196613491582099
t85	TRUE	6.1940759003964985
t90	TRUE	5.222922034263263
t98	TRUE	10.477999972914915
t98	TRUE	1.3890410879334496
t115	FALSE	32.916932378569406
t127	FALSE	5.2154735749109875
t128	FALSE	15.548859782934414
t129	TRUE	13.707676730464641
t132	FALSE	38.282311665190285
t133	FALSE	24.05086848193841
t144	TRUE	4.545980808434507
t154	TRUE	7.436230956440397
t181	FALSE	24.482048853620526
t189	TRUE	26.146506441342474
t197	TRUE	0.7500942000119295
t200	TRUE	7.056020114473071
t238	TRUE	0.6627526906815007
t242	TRUE	12.356555931587152
t246	TRUE	2.501360634739058
t257	TRUE	14.246921156019297
t279	TRUE	14.151713154338921
t286	TRUE	0.31510076113792707
t308	TRUE	18.131028456414484
t347	FALSE	18.432353818561197
t353	TRUE	8.643350923239197
t354	TRUE	14.795308312155242
t369	TRUE	0.8292322142105633
t371	FALSE	7.168837938401026
t387	FALSE	5.93694021895584
t393	TRUE	6.182740945449552
t396	FALSE	4.295010169912658
t401	TRUE	1.7865107537594156
t426	TRUE	10.122265421667493
t442	TRUE	13.946649878265077
t453	FALSE	10.449214529899109
t455	FALSE	11.648941145146622
t456	TRUE	6.076057001097823
t486	TRUE	11.587945553942518
t491	TRUE	6.970232211009844
t492	FALSE	8.336732464203948
t507	FALSE	12.491756589941474
t520	TRUE	0.43191550512590027
t522	FALSE	1.9684864710362575
t580	TRUE	4.118930559729108
t597	FALSE	6.042999865291279
t629	TRUE	3.308192692954165
t646	TRUE	0.43139147750113693
t710	TRUE	1.1939185004930266
