Species	Extant	SampT
t1	TRUE	13.826166192030591
t4	FALSE	53.01244092263101
t4	FALSE	46.287008267338486
t14	FALSE	55.6117256927708
t15	TRUE	29.449594410072493
t16	FALSE	27.603101626937935
t16	FALSE	17.324813165669987
t18	FALSE	37.796539491388515
t20	FALSE	17.41733562389181
t24	TRUE	0.27944373587317983
t26	FALSE	47.61801134941092
t37	TRUE	10.895777302929162
t46	TRUE	1.889086832302631
t48	FALSE	38.63808925367245
t50	FALSE	24.740049907494644
t50	FALSE	20.879979909885982
t62	FALSE	27.150749232339564
t71	FALSE	16.939022212427275
t78	TRUE	38.048362846849336
t78	TRUE	35.13710100519456
t84	FALSE	16.38695578677134
t85	FALSE	13.687536258394104
t93	TRUE	7.221285261990111
t100	FALSE	26.41721782279628
t109	TRUE	4.2553612093795365
t121	TRUE	5.0830154934203975
t134	TRUE	5.006376957824848
t142	FALSE	23.56975749030483
t151	TRUE	0.9542266694890102
t156	TRUE	2.159828811444065
t157	TRUE	1.3532896782529562
t166	FALSE	20.743695363026134
t172	FALSE	16.60059592124398
t209	FALSE	23.03760170181269
t209	FALSE	14.358858737991994
t222	TRUE	1.4667690331304897
t226	FALSE	16.768583592324724
t229	TRUE	5.750915940854192
t237	FALSE	17.55844666463794
t237	FALSE	12.8302432580805
t241	TRUE	5.544352459076272
t254	TRUE	3.707797077874531
t256	TRUE	4.128504310050296
t257	TRUE	16.16502437116118
t269	TRUE	14.983370820472032
t275	TRUE	13.079056531733869
t280	FALSE	18.406736370891466
t292	TRUE	15.534623970563935
t302	TRUE	11.317565946788115
t322	TRUE	3.095948000610342
t325	FALSE	13.223731313256238
t398	TRUE	5.950990296234856
t404	TRUE	7.5622349628267145
t410	TRUE	13.246178671072649
t458	TRUE	6.37418263116939
t466	FALSE	5.506390388826247
t480	TRUE	1.5683389425076157
t521	TRUE	0.07467562266126748
t525	TRUE	0.3061455217841669
t545	FALSE	11.081392418142947
t573	TRUE	0.9381115968482376
t577	TRUE	3.4474252821694336
t597	TRUE	5.497398722827654
t608	TRUE	0.7107900246620531
t632	TRUE	0.29665517940187414
t689	TRUE	0.6752709672726454
