Species	Extant	SampT
t11	TRUE	33.35174631095931
t11	TRUE	31.74040327523936
t12	FALSE	42.26247537822872
t18	FALSE	61.93271896345249
t21	FALSE	58.84737757335151
t25	FALSE	40.80028420470853
t27	FALSE	53.281822862786186
t28	FALSE	54.03893207933767
t30	FALSE	28.439698833182078
t33	FALSE	53.34452172262771
t35	FALSE	35.86637781809849
t38	FALSE	23.57052897038156
t42	FALSE	38.92265452892233
t43	TRUE	32.49542265076024
t43	TRUE	31.221801003204064
t49	TRUE	40.11967950205794
t50	FALSE	38.573362635445264
t51	TRUE	22.021889485835572
t55	FALSE	28.077640833778418
t62	TRUE	29.798383665172416
t64	FALSE	42.805881808058984
t77	TRUE	9.598907383304294
t78	FALSE	20.68024242921765
t85	FALSE	26.84500503282375
t102	TRUE	34.08562731960833
t106	TRUE	27.86819461564763
t113	TRUE	28.753220821962664
t130	TRUE	22.654730765687447
t148	FALSE	14.540844683085112
t161	TRUE	15.471677482050822
t168	TRUE	4.95623415673623
t172	TRUE	20.42071805399827
t173	TRUE	4.312200861019818
t185	TRUE	14.356077388356837
t186	TRUE	0.22144510255485272
t199	TRUE	16.347420544075646
t205	TRUE	11.54761910049163
t217	FALSE	14.977961685884935
t220	TRUE	1.2257063625028053
t251	TRUE	15.40648873109167
t251	TRUE	4.662174462860278
t280	TRUE	14.449349818733126
t280	TRUE	14.382557744661241
t293	FALSE	12.684925827819015
t299	TRUE	7.349078861270968
t319	FALSE	14.42736116696716
t329	TRUE	19.78496899835747
t330	FALSE	17.180590885458898
t343	TRUE	11.439670745886914
t353	TRUE	1.1408870713269863
t360	TRUE	5.13212012970601
t386	TRUE	3.4465930585973013
t415	TRUE	5.230883307875402
t429	TRUE	0.8424695899947636
t459	TRUE	3.9171348713493472
t479	TRUE	1.2264930080418992
t511	TRUE	0.9635906596163863
t512	TRUE	3.5233762007543703
t516	TRUE	0.5329260315164817
t538	TRUE	0.7927872279000354
t550	TRUE	1.6211205167234652
t599	TRUE	5.499973032178602
t614	TRUE	0.1122771492826331
t632	TRUE	1.3304296746126028
t633	TRUE	2.3027716721615406
