Species	Extant	SampT
t6	FALSE	17.55443194741042
t13	FALSE	18.24418654807144
t14	FALSE	37.97925237510353
t22	FALSE	28.632209188318285
t24	FALSE	55.55875697540809
t24	FALSE	39.8823377951217
t24	FALSE	35.17385565630916
t31	FALSE	45.609552700954865
t36	FALSE	43.28884306731392
t37	FALSE	45.983345777810555
t38	FALSE	42.47203240551893
t43	TRUE	35.18699010354423
t47	TRUE	35.51501590135237
t47	TRUE	15.526382758332318
t51	FALSE	41.9803730013916
t51	FALSE	20.36446748519532
t51	FALSE	8.281714294424575
t63	TRUE	24.191485946953847
t65	FALSE	21.948043683317437
t67	TRUE	21.765216263793988
t77	TRUE	5.525403698082286
t81	FALSE	19.764515559507785
t88	TRUE	22.75201931581789
t88	TRUE	10.857967678317365
t98	FALSE	38.209733567532325
t100	FALSE	30.040688422141557
t101	FALSE	18.68926270921338
t106	FALSE	20.49563326351202
t111	FALSE	24.524649231645654
t114	TRUE	13.3461214829222
t115	TRUE	5.634165321322783
t119	FALSE	21.30060160476168
t130	TRUE	6.122554316879942
t139	TRUE	0.057019977978768566
t140	TRUE	6.111336267824925
t155	TRUE	29.37737789170764
t158	TRUE	27.889290881226245
t158	TRUE	20.427842252243792
t163	FALSE	28.770404249701357
t168	FALSE	22.248398103351263
t180	TRUE	16.993370261978342
t180	TRUE	16.76049997240672
t180	TRUE	3.0640635746754157
t182	FALSE	25.926310819277333
t194	TRUE	11.668812152302479
t197	TRUE	6.45115717982118
t204	FALSE	0.9719667802296499
t206	TRUE	6.818913390560013
t233	TRUE	15.529846980787624
t254	TRUE	11.20155798699642
t262	TRUE	21.659013205115713
t271	TRUE	18.459773815892646
t276	TRUE	1.822865728376712
t283	TRUE	16.087153424780524
t283	TRUE	9.84707412568774
t297	TRUE	0.5698103615066827
t299	TRUE	13.755439710346181
t305	TRUE	1.1117831540345975
t309	TRUE	20.79422600648597
t309	TRUE	3.6899657769085223
t332	TRUE	10.4091704475059
t342	TRUE	0.6779660850406088
t349	TRUE	13.271495766278065
t391	FALSE	10.157453882445495
t399	FALSE	8.692812424324714
t415	TRUE	14.998714271503076
t450	TRUE	0.7478671040034328
t460	FALSE	14.512524672154754
t532	TRUE	5.87331669973473
t546	FALSE	7.279813217600676
t553	TRUE	8.805995240065329
t570	FALSE	2.557528809025328
t588	TRUE	4.262793627698542
t600	TRUE	4.296823365330383
t603	TRUE	0.19432286802832266
t641	TRUE	0.5168436153714424
t662	TRUE	3.7473238395797352
t684	TRUE	0.9846638984837455
t725	TRUE	0.9212316148679633
