Species	Extant	SampT
t7	FALSE	76.61361386408696
t12	TRUE	16.458657443805905
t19	FALSE	41.863959853816155
t20	FALSE	40.626846125576655
t21	TRUE	28.079470476053444
t22	TRUE	18.779851909406872
t24	FALSE	60.58146796828591
t31	TRUE	16.561139808367088
t34	TRUE	45.67602873747922
t34	TRUE	35.1491634823916
t34	TRUE	21.609668070131306
t34	TRUE	3.660619316740082
t36	FALSE	45.60745042263357
t37	FALSE	39.878100864391904
t47	FALSE	31.558723654212258
t56	FALSE	31.654036810306252
t57	FALSE	19.782778263778624
t61	FALSE	42.555088909349294
t62	TRUE	5.31581909940698
t62	TRUE	4.2966265419889
t70	FALSE	37.974490354436625
t76	TRUE	24.77646728829876
t79	FALSE	18.613287408692045
t80	TRUE	8.657004429672114
t86	TRUE	9.353682693573646
t89	TRUE	25.89639050736406
t93	FALSE	24.732140711206142
t95	FALSE	14.039730013770509
t95	FALSE	13.820114639005183
t115	FALSE	3.6605828164583443
t121	TRUE	13.58149700567111
t121	TRUE	9.867261133640852
t128	TRUE	18.916471351681025
t131	TRUE	21.68905763155155
t136	TRUE	14.37885624652722
t138	FALSE	10.641085910562083
t141	FALSE	24.470823952376804
t146	TRUE	3.1832621127987863
t177	TRUE	1.4959152098228827
t182	TRUE	8.547098963232969
t207	TRUE	16.801406125412612
t219	TRUE	2.559251918079653
t233	FALSE	1.1402324536595643
t239	TRUE	20.478825910112207
t247	TRUE	0.45512328773872923
t252	FALSE	14.286768332134258
t290	FALSE	11.669784340964924
t307	TRUE	5.277064279960825
t314	TRUE	3.3172046515475415
t318	FALSE	5.946034747818743
t324	TRUE	3.3654700853834782
t337	TRUE	5.794815500722208
t346	TRUE	7.9182400707467195
t395	TRUE	3.633096303780448
t412	TRUE	2.8446533201251896
t438	TRUE	1.104538217636673
t446	TRUE	2.0438449572633175
t457	TRUE	1.7947438528209148
t479	TRUE	4.477000792916002
t482	TRUE	4.797034720648611
t509	TRUE	1.9416028293060066
t512	TRUE	2.5924717289249912
t523	FALSE	7.162225340399331
t543	TRUE	5.9741679010925
t597	TRUE	0.17953520022818736
t599	TRUE	0.23150936998968064
t641	TRUE	1.2206164207658503
t643	TRUE	0.8518400906800991
t678	TRUE	0.9491970029895356
t683	TRUE	1.218507360822656
