Species	Extant	SampT
t1	TRUE	12.787021428524483
t3	TRUE	32.87393918047263
t3	TRUE	18.01633459302201
t5	FALSE	27.72568829227974
t12	TRUE	35.69186788853993
t16	TRUE	5.188304901826825
t20	TRUE	1.5443031871671025
t28	FALSE	58.025036897896975
t34	TRUE	37.07804648980202
t34	TRUE	6.7207524723529986
t42	TRUE	18.577472244970366
t43	FALSE	40.32929632673845
t44	TRUE	14.218604397663782
t53	FALSE	22.617830836597108
t54	TRUE	20.7470727468027
t54	TRUE	3.6543013377232683
t61	FALSE	38.15639539287107
t64	TRUE	0.591490809509466
t76	TRUE	13.567670919976493
t78	FALSE	12.19080605497399
t83	TRUE	24.85522298671485
t84	TRUE	3.2844222159679077
t86	TRUE	31.15923604042672
t86	TRUE	14.916818812949884
t87	TRUE	10.788482608424673
t89	TRUE	3.380125679721175
t94	TRUE	24.27309705534809
t100	TRUE	13.515506633674292
t104	FALSE	30.017316034242263
t111	TRUE	22.95675236617018
t113	TRUE	6.997487078263731
t119	FALSE	16.189807527540438
t130	TRUE	1.8875862862317945
t134	TRUE	16.483099107911485
t137	TRUE	1.8872406717852073
t142	TRUE	4.09377414647291
t147	TRUE	8.347384332071158
t160	FALSE	9.846810213494066
t165	TRUE	2.74190987580819
t168	TRUE	16.596376389567368
t172	TRUE	7.815027828273259
t175	TRUE	4.092302195198215
t186	FALSE	24.237426761597575
t209	TRUE	25.12648492591846
t219	TRUE	7.1924645828216
t220	TRUE	22.4058962869438
t225	TRUE	1.944633594057251
t228	FALSE	1.58376750171891
t245	TRUE	18.501708525905713
t300	TRUE	16.081343469103317
t326	TRUE	1.4474143468437717
t337	FALSE	5.396831302237274
t351	FALSE	15.081061744611034
t358	FALSE	5.773585224700739
t380	TRUE	6.266400478965835
t381	FALSE	7.513342513877575
t382	TRUE	3.733603351924131
t389	TRUE	3.0001952314476057
t400	FALSE	7.122661358904949
t401	TRUE	8.63764466868092
t437	TRUE	2.2070421676297087
t448	TRUE	4.855952648249456
t451	TRUE	2.4269919142334118
t541	TRUE	8.990501186247968
t541	TRUE	1.2447228873904805
t551	TRUE	1.3102660435457523
t571	TRUE	3.2659380643838887
t577	TRUE	0.5590746467543397
t585	TRUE	7.296213447292914
t641	TRUE	2.1167873798425063
t713	TRUE	0.7743452287222254
