Species	Extant	SampT
t19	TRUE	10.978609510292735
t24	FALSE	36.71018134254536
t32	TRUE	23.138722228181422
t32	TRUE	14.210150912699163
t34	TRUE	1.014330261714477
t37	TRUE	2.954164236816439
t39	TRUE	9.424181645746131
t58	FALSE	20.953571996057832
t65	TRUE	3.692407438940016
t74	FALSE	27.39279528995219
t91	TRUE	28.80936314045553
t91	TRUE	8.80137782237594
t125	FALSE	31.973312517696485
t126	TRUE	0.8180465149445979
t156	TRUE	19.735151120407203
t161	FALSE	23.193838126300946
t162	TRUE	16.00411633164014
t168	TRUE	14.653942310700032
t169	TRUE	13.47866900994675
t173	TRUE	13.503186427998145
t173	TRUE	7.54169842694958
t174	TRUE	2.61457922755622
t177	FALSE	21.08117045446115
t177	FALSE	18.18477356491932
t183	TRUE	5.651544316660193
t190	TRUE	13.747673427134679
t193	TRUE	12.705471243604812
t199	TRUE	7.3905596758216205
t203	TRUE	0.7526602819945083
t208	FALSE	21.627851750903034
t216	TRUE	1.830879614469481
t221	FALSE	18.955942857732147
t221	FALSE	9.856915332128125
t225	TRUE	10.192278721913475
t232	TRUE	7.138231684072004
t253	FALSE	11.444494447041954
t300	TRUE	9.214415645303674
t306	TRUE	15.363069645678685
t327	TRUE	19.391915586843474
t346	TRUE	1.5843679278444682
t354	TRUE	3.269140630522159
t359	TRUE	7.012628289881697
t366	FALSE	5.73389454044402
t389	TRUE	8.492874998377872
t398	TRUE	6.086457740113431
t410	TRUE	1.8580103535020243
t411	TRUE	9.390224516399122
t455	TRUE	0.7494433759583359
t466	TRUE	2.828628898597536
t470	TRUE	8.634283075532188
t470	TRUE	4.149981595998874
t473	TRUE	5.477950761235206
t495	TRUE	1.8347812300017807
t503	TRUE	2.75989427153646
t566	TRUE	1.4009654681943289
t587	TRUE	1.0099173792710587
t636	TRUE	1.5305714490604458
t637	TRUE	0.8939531918391879
