Species	Extant	SampT
t5	FALSE	49.55606098332934
t6	TRUE	28.710057830400572
t11	TRUE	12.29980890723597
t17	FALSE	47.021360394117195
t26	TRUE	16.184114457352038
t30	FALSE	49.81970098927599
t40	TRUE	33.228855818326586
t41	TRUE	10.251725051368581
t41	TRUE	1.862070435474621
t41	TRUE	0.2618861438734399
t56	TRUE	30.00107833890379
t56	TRUE	20.362768727215084
t64	TRUE	5.844196825374226
t66	TRUE	4.741920167487919
t68	TRUE	4.007061008101857
t76	TRUE	5.062681999476425
t95	TRUE	23.64063325200879
t125	TRUE	7.423925197052384
t126	FALSE	17.12340274907052
t129	TRUE	9.55636002621793
t135	FALSE	23.17182364364384
t143	FALSE	23.42675128528225
t146	TRUE	10.30936500794381
t146	TRUE	9.455824784762896
t156	TRUE	3.4252603583299077
t161	TRUE	27.349611737236245
t163	TRUE	10.593244445847745
t173	FALSE	18.97856296364553
t175	FALSE	16.449574054228222
t194	FALSE	7.1122384634873015
t197	TRUE	5.394899696771162
t202	TRUE	3.8964544495329534
t207	FALSE	13.326781911805753
t210	TRUE	0.5668237291796459
t211	TRUE	0.2438628801204601
t216	TRUE	18.359411702470894
t222	TRUE	10.286405653246547
t226	TRUE	18.040008008204524
t233	TRUE	2.8329893840751055
t246	TRUE	2.62628650034425
t247	TRUE	11.221852156040498
t269	TRUE	1.3316090143245276
t282	TRUE	3.1753511045404395
t283	TRUE	1.5659429034843697
t284	TRUE	5.666181141945685
t293	TRUE	8.925500163824324
t308	TRUE	4.469893187369323
t335	FALSE	3.3308386241414922
t339	TRUE	8.557751314256166
t341	TRUE	10.930805572300216
t343	TRUE	14.79182884609979
t350	TRUE	8.99985125662458
t351	TRUE	1.0709227937596495
t381	TRUE	11.191824758898292
t381	TRUE	8.556562559952525
t391	TRUE	3.4847559539412742
t412	TRUE	12.646934786711029
t414	TRUE	3.158408996290433
t424	TRUE	8.248176017885626
t436	TRUE	8.06178117622538
t470	TRUE	9.043850179690196
t498	TRUE	0.5758203351307856
t515	TRUE	9.502892362531341
t517	TRUE	5.181430412786
t519	TRUE	7.576311972753217
t526	TRUE	2.222941028825744
t529	TRUE	7.639851233352857
t563	TRUE	3.796669924371713
t572	TRUE	7.5880781107208435
t640	TRUE	0.8040795412808563
t705	TRUE	0.6785790982442848
