Species	Extant	SampT
t1	FALSE	80.11273936452028
t3	TRUE	8.197612316671453
t3	TRUE	5.958602413050002
t3	TRUE	4.923878212905592
t5	FALSE	42.84795749103355
t24	FALSE	58.8801957006379
t24	FALSE	30.47397787804195
t25	TRUE	0.9157944040489383
t26	TRUE	18.184618679369777
t29	TRUE	22.589538439747415
t30	TRUE	1.1555711636599
t31	TRUE	2.0005653981883
t39	FALSE	54.144546939663975
t65	FALSE	12.69719108162839
t65	FALSE	8.582185778454132
t68	TRUE	23.92159285631884
t73	TRUE	18.991546355962626
t85	TRUE	20.789774714637133
t87	FALSE	12.873950079130879
t90	TRUE	8.970673567367953
t98	TRUE	19.972848866034496
t104	TRUE	5.893866873384312
t112	TRUE	40.34753992330102
t116	FALSE	12.318470246152103
t119	TRUE	28.19686636170826
t124	TRUE	1.1247494501238293
t126	FALSE	4.215087187789592
t127	TRUE	8.805296496299476
t134	TRUE	14.711849631143792
t148	FALSE	15.159578553998784
t154	FALSE	25.53552883782936
t156	TRUE	6.294496050132423
t168	FALSE	22.58446214641191
t172	TRUE	22.371075544422368
t179	TRUE	19.36770798309898
t181	TRUE	22.036114239867672
t207	TRUE	8.887842363334101
t211	TRUE	12.02822122189653
t217	TRUE	6.049133055965427
t217	TRUE	4.154090826521639
t222	TRUE	10.01465373430743
t233	FALSE	4.789118359638465
t234	TRUE	21.845283354463007
t236	TRUE	0.25953353289297354
t259	TRUE	3.8392864223181675
t263	TRUE	12.635546990072413
t273	TRUE	3.7994356587688287
t276	TRUE	13.99957397139272
t283	TRUE	9.169810158004722
t300	TRUE	5.087622881713045
t305	TRUE	12.914328435313095
t305	TRUE	7.944668661496962
t308	TRUE	1.628154865005186
t311	TRUE	6.669488739272666
t325	TRUE	15.762659292206678
t326	TRUE	15.923443918638654
t336	TRUE	16.201374128127412
t337	TRUE	5.371585600169695
t340	TRUE	0.8806597241366916
t365	TRUE	10.444558429294986
t395	TRUE	3.113365167523554
t415	FALSE	7.585245967912414
t415	FALSE	5.819620276871063
t426	TRUE	1.1169767487820081
t455	TRUE	5.740243903411638
t490	TRUE	5.391461980007776
t507	TRUE	3.026928006061837
t510	TRUE	8.274190350339168
t527	TRUE	8.96044091668341
t533	TRUE	8.972815334789146
t543	TRUE	4.2900375999188185
t549	TRUE	8.414060355572488
t551	TRUE	2.6445001380141093
t551	TRUE	0.14099108343603461
