Species	Extant	SampT
t5	FALSE	42.9457143079895
t8	FALSE	33.40292403835848
t8	FALSE	15.544431385016324
t9	FALSE	49.64347056432397
t13	TRUE	66.28975987308786
t13	TRUE	63.94488590643869
t14	TRUE	9.971450618524543
t24	FALSE	19.124548200524018
t25	FALSE	36.177803217589855
t41	FALSE	49.514223039648456
t45	FALSE	39.23588249770137
t48	TRUE	27.249120668423117
t54	TRUE	24.90576458252157
t59	TRUE	0.3589604333466099
t63	FALSE	33.035714913557776
t66	FALSE	34.16175514576597
t77	TRUE	38.15175054146006
t80	FALSE	40.56571858688737
t87	FALSE	38.37904911104943
t113	FALSE	10.066010666147847
t115	TRUE	30.338031310195937
t124	FALSE	14.534989052907179
t128	TRUE	2.01014320474151
t137	TRUE	7.9983756376277455
t138	TRUE	8.207229897234242
t138	TRUE	0.39321034343954864
t141	FALSE	32.40581251548246
t146	FALSE	27.771303476238145
t151	TRUE	7.111322875110062
t152	FALSE	14.817516911548566
t159	FALSE	33.246385172520675
t161	FALSE	27.74517959009387
t162	TRUE	20.360947313011636
t170	TRUE	20.80568867851143
t170	TRUE	16.34024568948989
t176	TRUE	1.357159680308186
t185	TRUE	20.981577335143072
t191	FALSE	14.682084899896878
t193	TRUE	4.389433288665543
t196	TRUE	18.53070373655315
t201	FALSE	20.799228329483682
t205	TRUE	8.305105812206278
t205	TRUE	7.985569828479896
t211	FALSE	14.267407119564282
t219	TRUE	22.465168993731737
t221	FALSE	2.352682693994751
t227	TRUE	22.45605250543433
t230	TRUE	2.1072342883405355
t263	TRUE	22.59835181319562
t263	TRUE	10.049389950273905
t264	TRUE	13.059086101766468
t268	FALSE	18.088240673009494
t270	FALSE	16.919768106367627
t273	TRUE	16.369433485761988
t273	TRUE	13.415720279374582
t318	TRUE	5.448136902622338
t330	TRUE	0.4062112578513535
t339	TRUE	6.363945818464657
t340	FALSE	14.632590069283282
t343	TRUE	1.835607015923486
t354	TRUE	10.288181922461888
t363	FALSE	12.741477009170453
t366	TRUE	3.6634690857599708
t382	FALSE	19.091928443972762
t382	FALSE	11.923139142905171
t385	TRUE	15.424662233399715
t385	TRUE	12.33411937605797
t391	TRUE	14.724687824771237
t394	TRUE	2.3263599164538107
t394	TRUE	2.2368731755445452
t418	TRUE	15.341480187475497
t498	TRUE	8.678206960896318
t516	TRUE	4.156787325608519
t533	TRUE	1.8770955255026536
t537	TRUE	1.1730470189777407
t564	TRUE	7.295602515508065
t580	TRUE	0.1008671204670577
t585	TRUE	0.6348744552993679
t588	TRUE	7.094899766142532
t602	TRUE	0.4070836534064739
t604	FALSE	1.1209082975923792
t611	TRUE	1.0249643027586615
t625	TRUE	1.3525367220815951
