Species	Extant	SampT
t2	TRUE	2.024058472306436
t4	TRUE	4.664678080880051
t7	TRUE	28.175169079847755
t8	FALSE	17.189112193234386
t10	FALSE	32.033187803161084
t13	FALSE	48.761966030327116
t14	FALSE	34.54711096085738
t14	FALSE	27.990817545951714
t16	FALSE	33.75192010030644
t25	TRUE	5.002111402281528
t29	TRUE	2.186115100046358
t30	FALSE	36.85005373953431
t30	FALSE	23.632712491588286
t35	TRUE	33.30577114810252
t35	TRUE	15.221982414173127
t51	TRUE	0.4629182609628657
t59	TRUE	35.44575042056965
t61	TRUE	7.695239684552057
t80	TRUE	19.045457585985005
t80	TRUE	16.099174990091576
t84	TRUE	1.1788213203600293
t88	TRUE	10.56441770336044
t91	FALSE	30.075721786843012
t92	TRUE	5.28478046197219
t99	TRUE	26.603247994804263
t99	TRUE	7.9410215680152305
t102	TRUE	3.9424229802609148
t104	TRUE	8.138186857747456
t110	TRUE	7.987854276247191
t118	TRUE	26.182723089530974
t121	TRUE	8.961374614975625
t135	FALSE	14.145974195319354
t144	TRUE	6.2147775321600065
t145	TRUE	12.448304738696883
t152	TRUE	28.41602448971922
t160	TRUE	14.200388527761064
t163	TRUE	5.871433424525463
t165	TRUE	19.083533495961426
t168	FALSE	20.94133371181185
t178	TRUE	9.804733363201038
t197	TRUE	17.318988405142377
t200	FALSE	15.163650768039531
t208	TRUE	6.571018868231832
t209	TRUE	5.889317042723235
t230	FALSE	16.66937326120538
t235	FALSE	14.211589358390889
t272	TRUE	7.377334027546134
t272	TRUE	6.624140073540296
t276	TRUE	1.1281893214523535
t282	TRUE	3.113806487331331
t285	TRUE	10.953638006418664
t299	FALSE	10.127810183174489
t325	FALSE	8.441244610076254
t327	TRUE	4.630002503852332
t332	TRUE	16.811049032244135
t332	TRUE	2.622306022080828
t339	TRUE	13.663004646349457
t339	TRUE	1.673270790178087
t350	TRUE	3.9227270931269373
t365	TRUE	1.1024132744971524
t372	TRUE	2.6544284686637454
t374	TRUE	15.399110295080561
t375	TRUE	8.922435210204497
t411	TRUE	7.1469963870392945
t411	TRUE	5.655825312008133
t418	TRUE	4.522848779237897
t426	FALSE	3.7548822482703414
t430	FALSE	8.15355316480187
t495	TRUE	8.28208731012652
t501	FALSE	11.858641259219716
t501	FALSE	4.3038512676992156
t603	TRUE	1.8295795467529246
t604	TRUE	1.9436649603492313
t608	TRUE	0.1733245716787195
t623	TRUE	1.1079996882607048
t634	TRUE	1.4488279836858737
