Species	Extant	SampT
t8	TRUE	16.012903607425315
t8	TRUE	5.169657495047133
t9	FALSE	31.679026956644876
t17	TRUE	1.6262567341701981
t26	TRUE	29.142830888229753
t30	TRUE	1.2621671514875743
t35	FALSE	14.261876731219814
t40	FALSE	12.164656409968657
t47	FALSE	42.11230062132053
t54	FALSE	20.375051129205765
t61	TRUE	0.7843109725560282
t65	FALSE	32.76360503720994
t69	FALSE	42.536591247229815
t76	TRUE	24.360998287955532
t76	TRUE	19.707534524757463
t78	FALSE	9.030575688007275
t79	TRUE	12.881470687002007
t83	TRUE	16.658764345491882
t85	TRUE	0.08941522559533155
t88	FALSE	8.137863439002942
t92	FALSE	27.344166358862495
t92	FALSE	24.68207872402988
t94	FALSE	13.683425393556263
t100	TRUE	20.14779994561477
t110	TRUE	0.854637804456928
t135	TRUE	4.20518998098413
t138	TRUE	8.82671235621524
t144	FALSE	19.58575263783824
t150	FALSE	17.42893740313898
t154	TRUE	19.748190867988235
t154	TRUE	0.890242991311311
t156	FALSE	31.54476792368024
t162	TRUE	6.096416881079506
t177	FALSE	9.261326649747872
t185	TRUE	2.9746622768521718
t186	TRUE	3.449291660806466
t187	TRUE	11.692078557309515
t190	FALSE	21.37737230001501
t191	TRUE	14.799431114274583
t203	TRUE	6.006781919486599
t223	TRUE	20.42752775670386
t233	FALSE	4.625318706318282
t234	TRUE	2.2808840486689093
t239	FALSE	9.222212073677952
t258	TRUE	14.018918308042402
t259	TRUE	10.55013403001405
t260	TRUE	0.03890627340904018
t277	FALSE	3.7780792680474633
t282	FALSE	4.983502228454967
t291	TRUE	15.766670898685817
t296	FALSE	14.237504475343343
t322	TRUE	10.086547016082747
t336	FALSE	13.977941965536488
t357	TRUE	1.807464035299006
t375	TRUE	15.93557708878803
t391	TRUE	3.3669650400293847
t399	TRUE	3.8037172641049892
t418	TRUE	1.1820152149449967
t421	TRUE	2.0971022528867422
t428	FALSE	7.519463916100364
t429	TRUE	4.4082688661030005
t461	TRUE	0.49712960244123394
t471	TRUE	1.231265765339387
t525	TRUE	2.091601578051666
t528	TRUE	7.244153603537441
t532	TRUE	2.0049248197685614
t542	TRUE	2.8451397833272836
t548	TRUE	3.992414683690825
t549	TRUE	7.196292641357601
t553	TRUE	5.5192437943284745
t555	TRUE	2.732543622783737
t563	TRUE	1.091455424151036
t566	TRUE	1.8000904970842129
t585	TRUE	2.0040850992506876
t593	TRUE	7.471866277799066
t614	TRUE	1.202862719188417
t640	TRUE	3.4364416575275953
t665	TRUE	1.4811177520002303
t680	TRUE	2.941140514227726
