Species	Extant	SampT
t2	FALSE	52.70995469942463
t7	FALSE	66.21670507088564
t7	FALSE	46.719079867082456
t11	FALSE	50.21897508049764
t19	FALSE	38.89030392229009
t20	FALSE	49.741700836500854
t20	FALSE	41.196417189246745
t28	FALSE	17.652738660649646
t32	FALSE	53.3466112876416
t41	FALSE	37.54803544727409
t48	FALSE	12.975476187769772
t73	FALSE	19.61716644426393
t82	FALSE	33.24959412311165
t94	FALSE	14.392640040792102
t108	TRUE	20.40888917251405
t108	TRUE	3.183256317451324
t117	TRUE	5.3511746217408955
t118	TRUE	21.30028985455867
t121	TRUE	9.198752891595575
t122	FALSE	32.50202552950981
t127	FALSE	37.638426138261536
t137	TRUE	0.8933138203044564
t147	TRUE	6.659063329865575
t158	TRUE	33.62501888303784
t172	FALSE	2.042626685395149
t190	FALSE	12.591944147035164
t191	TRUE	11.481731115368845
t194	TRUE	14.18148663753999
t213	TRUE	4.950399482165551
t222	TRUE	24.840547857135846
t223	FALSE	21.58778585014913
t242	TRUE	8.067448380058764
t243	TRUE	9.480276004066823
t272	TRUE	0.04412128052805997
t277	TRUE	13.09477825143891
t282	FALSE	15.802117381007918
t298	TRUE	1.6052173683551558
t300	TRUE	5.544125434861201
t300	TRUE	2.19513090039851
t317	TRUE	16.154134825862982
t320	TRUE	3.4663580931321576
t349	TRUE	18.407237944269966
t351	FALSE	6.937742822959763
t376	TRUE	7.239478808543623
t389	FALSE	9.814835528840462
t389	FALSE	7.553210295692125
t394	TRUE	19.078357129906294
t407	TRUE	5.458232802763277
t422	FALSE	14.698532528262604
t427	TRUE	9.975398340793717
t427	TRUE	2.182470457228291
t439	TRUE	1.6584113220826708
t442	TRUE	10.916147791851401
t442	TRUE	9.611243520229095
t454	TRUE	8.405532498585046
t493	TRUE	8.189777148893384
t494	TRUE	5.2472799192943
t525	TRUE	11.718341768744054
t531	TRUE	1.1444366991880486
t536	TRUE	1.2180545520249524
t551	TRUE	4.127377665888787
t552	TRUE	9.044819596421192
t558	TRUE	5.487871706316355
t598	TRUE	9.363341375056905
t670	TRUE	2.242371282805834
t679	TRUE	1.7827340474705693
t692	TRUE	1.8308754795795892
