Species	Extant	SampT
t1	TRUE	39.53103385155858
t2	FALSE	34.0145740108815
t3	FALSE	48.92417412812533
t4	TRUE	30.727478303471194
t10	TRUE	19.18712905137984
t12	TRUE	0.3267773099490938
t15	FALSE	52.21166620725597
t18	TRUE	40.73850651732808
t18	TRUE	25.338227529965096
t31	FALSE	60.4590987971674
t38	FALSE	47.77790934308594
t50	FALSE	34.89963674802374
t55	FALSE	50.36643354781423
t58	FALSE	28.791042860146234
t58	FALSE	20.32051680191941
t70	TRUE	41.92402281602587
t77	TRUE	12.844666575929622
t85	TRUE	8.073771511810946
t88	FALSE	24.499458088586707
t95	TRUE	8.311607509755746
t98	TRUE	26.26129900937888
t100	FALSE	21.483566833285053
t103	TRUE	2.2833671438054353
t105	TRUE	28.585518334267455
t108	FALSE	22.53429636654414
t109	TRUE	3.600406584487928
t114	TRUE	13.608203680259024
t119	TRUE	17.191150930062825
t122	FALSE	24.04137845093191
t132	TRUE	8.44027409176185
t135	TRUE	16.377965120891673
t140	TRUE	0.8785106881496887
t144	FALSE	23.836875893258323
t149	TRUE	10.894467849286329
t149	TRUE	8.7264796537911309
t151	TRUE	9.838436527091062
t161	TRUE	22.464610143002282
t185	TRUE	19.08479202865201
t238	TRUE	2.237197500552085
t249	FALSE	21.194203158032792
t249	FALSE	13.059342019674787
t252	TRUE	13.643491637245702
t256	TRUE	22.74453021509874
t264	TRUE	11.262302750903629
t273	TRUE	15.357182871843456
t286	TRUE	8.946065932675964
t288	FALSE	4.733884965233273
t302	TRUE	9.948811132446266
t307	TRUE	0.5162349233121404
t312	FALSE	20.39375449693614
t314	TRUE	9.951907012264073
t320	FALSE	18.2252815533869
t325	TRUE	8.395995416757884
t348	TRUE	5.228482788911421
t374	FALSE	4.637449177791041
t396	TRUE	6.841616020445571
t401	TRUE	3.03584507221548
t453	TRUE	0.6782256975943568
t464	TRUE	0.7747589383727984
t484	TRUE	2.526752495429662
t524	TRUE	4.094302788856808
t539	TRUE	4.485127003114371
t545	TRUE	0.2726857245781815
t568	TRUE	3.2683997109597698
t573	TRUE	4.388269385882396
t687	TRUE	1.4244559160462558
