Species	Extant	SampT
t1	FALSE	56.60380057017959
t2	TRUE	42.1758463089884
t10	FALSE	24.81038663132489
t17	TRUE	43.280145304749695
t18	TRUE	8.252592780993396
t19	TRUE	9.204591693256091
t21	FALSE	47.70586023542151
t23	FALSE	32.377016428039994
t24	FALSE	13.844066984842044
t29	TRUE	6.937355731517229
t29	TRUE	3.178150716141019
t41	FALSE	26.23393396451496
t46	TRUE	12.291840291315921
t47	TRUE	26.104453864532083
t49	TRUE	12.704009298017326
t53	TRUE	36.746302321919316
t56	FALSE	23.940762819084426
t57	TRUE	27.02126169348091
t59	TRUE	2.6053465380155103
t62	TRUE	5.504154583531616
t64	TRUE	23.148821278775998
t65	FALSE	37.81929193101179
t68	TRUE	17.39204858485934
t68	TRUE	10.568911135758725
t69	FALSE	20.622850904391527
t72	TRUE	5.2638750679169135
t72	TRUE	2.0097452608627435
t73	FALSE	10.554567792362604
t74	FALSE	28.238929010297127
t81	FALSE	22.118372875799146
t91	TRUE	9.485682738681234
t101	FALSE	20.412670150536265
t101	FALSE	14.574432121726844
t113	TRUE	11.000318531644837
t116	TRUE	33.73940879069593
t116	TRUE	31.196355666595963
t119	FALSE	32.32199351365373
t119	FALSE	9.719256170361305
t127	TRUE	11.764994597916115
t136	TRUE	0.16535009624740837
t153	TRUE	3.8904609920913202
t154	FALSE	27.08940977564329
t154	FALSE	24.547469209490956
t163	TRUE	15.887996767587751
t169	TRUE	9.884225881973464
t169	TRUE	9.664199231369878
t169	TRUE	2.9795403221533547
t174	TRUE	0.15947455360179674
t184	TRUE	3.00659438436368
t224	FALSE	3.8839031493895533
t228	TRUE	12.733265139462674
t231	TRUE	4.970869410119491
t253	FALSE	7.722676180154934
t258	TRUE	22.65778399104159
t265	TRUE	3.1878359911005703
t268	TRUE	6.051237385184294
t280	TRUE	17.542118110318484
t281	FALSE	17.066347596228113
t287	FALSE	4.499917979402966
t304	TRUE	4.682386604760083
t332	TRUE	11.746647069014088
t334	TRUE	2.6177234982402666
t335	TRUE	5.666779820271486
t416	TRUE	4.400854914757531
t424	TRUE	3.6206895508328927
t426	TRUE	0.8886147857819111
t459	TRUE	4.427894626320452
t514	TRUE	0.7907624338846517
t533	TRUE	5.692337376551222
t554	TRUE	0.773913671628975
t560	FALSE	3.519571542151567
t566	TRUE	1.2037818180879754
t586	TRUE	2.0640182720811424
t657	TRUE	1.2428911649559211
