Species	Extant	SampT
t4	TRUE	16.047393145041013
t7	FALSE	53.472016914683344
t9	TRUE	33.564540542538936
t10	FALSE	45.90009968397442
t10	FALSE	31.150471425105366
t12	TRUE	22.422817215744885
t12	TRUE	10.854745196599993
t13	FALSE	36.54090470346025
t16	TRUE	5.230744297015164
t18	FALSE	28.768401799178108
t19	TRUE	49.466705621606096
t19	TRUE	44.9727984810382
t20	FALSE	60.08353107054515
t27	TRUE	15.527844431593635
t28	TRUE	0.17091584183982889
t29	FALSE	37.617794892690604
t31	TRUE	44.77857031999134
t33	FALSE	29.787558361583862
t41	TRUE	30.232973219113504
t47	FALSE	12.34938362756759
t48	FALSE	11.374088509810505
t53	FALSE	10.237797424689305
t54	TRUE	11.789551184366218
t60	TRUE	8.418957059629477
t65	TRUE	6.020022301313048
t83	FALSE	40.92344303033043
t84	TRUE	14.02563665086575
t89	TRUE	3.8878650034422435
t91	TRUE	34.849972540573994
t107	TRUE	5.966908077492931
t111	TRUE	0.5078274644111929
t117	TRUE	15.797320906473914
t134	FALSE	24.812573001503566
t143	TRUE	5.214704628047983
t147	TRUE	23.504259836374317
t161	TRUE	0.7044027966472441
t175	TRUE	0.14422321328044063
t192	FALSE	18.29815763540215
t198	FALSE	10.508709193183705
t201	TRUE	16.79312741176001
t208	TRUE	23.834696064424733
t212	TRUE	0.9093785839440613
t219	TRUE	24.94644502509778
t220	FALSE	12.430479995500505
t224	FALSE	8.425656239191127
t224	FALSE	7.605624057972861
t238	TRUE	12.74168847239035
t241	FALSE	9.920791036187737
t244	TRUE	2.95388227021418
t252	FALSE	15.160811495244914
t255	TRUE	3.2621388203949664
t256	TRUE	9.63876663000373
t264	TRUE	6.817115648098621
t270	FALSE	13.851798937022664
t285	TRUE	3.752948054288538
t288	FALSE	8.502587204497104
t288	FALSE	6.032731704111939
t314	FALSE	17.17304295487274
t320	TRUE	7.5571651462168035
t337	FALSE	4.242003124408328
t349	TRUE	5.05339903555037
t353	TRUE	11.39870118524206
t366	TRUE	6.187676859749956
t366	TRUE	1.5296010424589355
t372	TRUE	0.2818576345834316
t375	TRUE	12.504706128135837
t398	TRUE	0.39969106053018777
t475	TRUE	8.005758159653666
t483	TRUE	1.4381815806734437
t523	TRUE	9.084298576750157
t621	TRUE	2.0097787460532714
