Species	Extant	SampT
t7	FALSE	45.297888973178125
t8	FALSE	34.959449953389864
t21	TRUE	49.625379733428105
t33	TRUE	52.67578202510437
t38	TRUE	19.77652087805474
t43	TRUE	8.670377944142643
t44	FALSE	29.757748844492582
t45	FALSE	8.24633629849177
t52	FALSE	28.879236505204446
t52	FALSE	19.970738708890636
t65	TRUE	0.41657517943650646
t68	FALSE	19.87497781892816
t71	TRUE	16.35439803240638
t74	TRUE	25.21055446995974
t87	TRUE	38.334149552710315
t91	TRUE	18.564853056610076
t91	TRUE	14.749961889625041
t94	TRUE	24.282202081099598
t102	TRUE	6.125733931784069
t139	TRUE	8.144486150320247
t140	FALSE	31.137481017777226
t145	FALSE	9.513365334629839
t149	TRUE	15.835276438104238
t150	TRUE	10.939328336621912
t151	TRUE	22.93096224888881
t153	FALSE	29.48175199940033
t158	TRUE	7.337978406380245
t164	TRUE	12.941108961745982
t166	TRUE	15.76432514578837
t167	FALSE	4.593044568509882
t169	TRUE	26.177090024638986
t207	TRUE	17.103524689361272
t207	TRUE	12.856182389132499
t211	TRUE	13.214758093017934
t222	TRUE	1.2789942948174087
t253	TRUE	0.3215785659051136
t257	TRUE	16.65097353880016
t269	FALSE	18.657303482894925
t270	FALSE	26.533740166696575
t272	FALSE	19.55584754027445
t277	TRUE	16.558935344468658
t280	TRUE	8.364181680288823
t284	TRUE	8.095640562871381
t290	FALSE	23.364772740737685
t314	TRUE	5.757174008861881
t315	TRUE	17.223914481104117
t326	TRUE	1.7016019243614977
t327	TRUE	3.9460900995189405
t348	TRUE	5.530492213773428
t355	TRUE	9.645617079369444
t374	FALSE	15.005066911659448
t379	TRUE	14.239079914079447
t380	TRUE	8.847094877285912
t400	FALSE	7.724558112922281
t425	TRUE	11.7476289958025
t444	TRUE	9.719310556357641
t455	TRUE	3.3709978918327153
t459	TRUE	0.16339545585842075
t468	TRUE	0.30503706192887137
t472	TRUE	1.00357616876272
t476	FALSE	9.229882776375959
t488	TRUE	1.032027541191539
t500	TRUE	0.6875790600654597
t557	FALSE	3.3409697575672226
t597	TRUE	6.147814403737399
t606	TRUE	1.2444935158217305
t628	FALSE	4.6260828434430294
t669	TRUE	0.874134148084778
t708	TRUE	2.6423942657376642
