Species	Extant	SampT
t6	FALSE	54.084673489919055
t6	FALSE	45.25047900482093
t11	FALSE	46.39906237192025
t12	TRUE	30.023182158465886
t20	FALSE	37.45278270631331
t30	TRUE	26.736841328182408
t30	TRUE	23.207101289578077
t31	FALSE	10.795125086532124
t31	FALSE	4.87414532413699
t33	FALSE	35.18527805291563
t35	FALSE	20.110051770089513
t39	FALSE	31.71154070486213
t43	FALSE	36.23454720051488
t44	FALSE	22.307248454665718
t44	FALSE	10.88825780352014
t48	FALSE	6.774006601763702
t52	FALSE	21.487548586123147
t60	TRUE	36.09615114207982
t63	TRUE	22.33542276548092
t64	FALSE	21.32827651005954
t65	TRUE	10.05174729809574
t70	TRUE	12.413200708119263
t79	FALSE	31.842402397983875
t95	TRUE	7.439415155772934
t98	FALSE	16.468228215137685
t101	TRUE	13.613490440294242
t107	TRUE	1.2747405363849964
t122	FALSE	19.924973940953592
t131	TRUE	7.956971718933531
t132	FALSE	28.55869158357764
t143	TRUE	0.21282666369354786
t152	FALSE	29.720410911093644
t155	TRUE	3.802421042687982
t162	TRUE	2.2880453754708867
t173	TRUE	9.282390394185903
t173	TRUE	4.046182288033208
t187	TRUE	14.779769421277493
t188	FALSE	14.476285512732872
t189	FALSE	10.598457104131995
t199	TRUE	27.4294045266045
t199	TRUE	6.609124688087192
t212	TRUE	9.20246020320377
t213	FALSE	17.259450988701367
t214	TRUE	12.237164056908455
t219	FALSE	6.561535078863642
t221	TRUE	24.689194325013247
t221	TRUE	9.358717288771551
t226	FALSE	8.59500062292038
t246	TRUE	1.9305771330884056
t250	TRUE	15.985997765541917
t259	TRUE	2.538511367674232
t263	TRUE	13.55908384516676
t274	TRUE	3.6125488649783932
t277	TRUE	4.385253045293503
t292	TRUE	5.257320535906196
t298	TRUE	11.195332279991966
t301	TRUE	10.262001246614325
t311	FALSE	9.017734946589165
t312	TRUE	14.562974523245515
t336	TRUE	3.402427274487138
t365	TRUE	4.179541099822217
t377	TRUE	12.297132428074406
t380	TRUE	4.049599766104016
t389	FALSE	7.297772119751819
t413	TRUE	7.69412936127258
t417	TRUE	6.571510663110153
t430	TRUE	3.5145453301508667
t449	TRUE	2.9426302459899745
t451	TRUE	10.177015173998967
t472	TRUE	8.23110822056919
t482	TRUE	1.988153746922805
t498	TRUE	9.503854535156833
t511	FALSE	7.120910645326234
t530	TRUE	3.1100517648530683
t537	TRUE	8.585910220626417
t549	TRUE	11.415582838589437
t552	TRUE	6.719341530335768
t552	TRUE	2.417602577931433
t560	TRUE	7.9818086963777475
t571	TRUE	0.07510399989652683
t586	TRUE	0.7355693488595278
t632	TRUE	0.9696764265855649
t666	TRUE	1.1873176451234713
