Species	Extant	SampT
t16	FALSE	68.61862339392731
t24	FALSE	58.419293027201604
t25	FALSE	57.9732239542696
t28	TRUE	3.982105992279287
t32	FALSE	67.81792765255551
t32	FALSE	38.743816537368104
t37	FALSE	59.3036550214095
t37	FALSE	45.84478965267073
t43	TRUE	46.76099653101433
t45	TRUE	16.10301067068474
t54	FALSE	19.762896185829007
t55	FALSE	14.941292346515198
t56	TRUE	28.047153035360665
t57	TRUE	22.545838469889944
t58	TRUE	31.663270138874708
t58	TRUE	15.269570500456851
t63	FALSE	43.50602483110583
t64	TRUE	6.319257818682431
t66	TRUE	11.99767086743806
t69	TRUE	1.3626793345491848
t73	FALSE	28.86554986757703
t82	TRUE	7.52061363052168
t85	TRUE	12.199138764000196
t96	FALSE	32.8064102120824
t101	TRUE	3.1324279197835807
t107	FALSE	23.602041107478115
t120	TRUE	16.10699292750148
t124	TRUE	10.953904822536998
t128	TRUE	0.9233543805426478
t136	FALSE	34.606718246322345
t149	TRUE	3.611514911619409
t150	TRUE	3.975299556849876
t151	FALSE	7.20172782765907
t165	FALSE	13.544141264289351
t170	FALSE	3.0225993896069525
t177	FALSE	14.401129724586156
t178	TRUE	3.6105660238654878
t193	TRUE	2.1676776712622114
t199	TRUE	2.3046946920322995
t202	TRUE	28.83611856810731
t224	FALSE	24.952043400710707
t224	FALSE	14.17186384949899
t230	TRUE	5.200691922113251
t232	TRUE	15.70559974027148
t232	TRUE	3.1275419027029585
t238	TRUE	16.670691048166745
t238	TRUE	7.6701449131793
t245	FALSE	17.427608133118
t251	FALSE	4.5252896523595325
t257	FALSE	21.16542478823358
t266	FALSE	21.353987381097554
t286	TRUE	3.0663983575179685
t308	TRUE	24.05699044469442
t317	FALSE	19.20043489394078
t318	TRUE	6.63872734899968
t331	FALSE	1.8728077638903926
t332	TRUE	12.316096837385786
t336	TRUE	10.184379419618807
t349	TRUE	3.9040923585155127
t353	TRUE	3.852752847336035
t354	TRUE	18.655009287206923
t358	TRUE	1.163639407723565
t362	TRUE	5.515112735971556
t367	TRUE	0.4699837713759649
t395	FALSE	15.144156002450273
t413	TRUE	4.004436516391024
t416	TRUE	14.40013790200561
t434	TRUE	6.043392858883578
t434	TRUE	2.8422069469897338
t452	FALSE	14.198405122465928
t481	TRUE	4.240014870944989
t483	TRUE	3.068498609773485
t490	TRUE	11.003926622812088
t603	TRUE	4.832182529389485
t605	TRUE	6.2712557786524314
t740	TRUE	0.6635715397644333
