Species	Extant	SampT
t2	FALSE	77.64757576940887
t11	TRUE	35.64686670598407
t11	TRUE	29.599244664866873
t13	FALSE	43.966337238619616
t19	FALSE	30.761508572347168
t20	TRUE	24.430580427244408
t20	TRUE	4.268766836568815
t23	FALSE	53.33829398711907
t24	TRUE	7.678557919460047
t29	TRUE	10.293924080698346
t36	TRUE	30.530670741065606
t39	TRUE	30.943653290709122
t41	TRUE	14.894431365933045
t41	TRUE	11.110283572407155
t47	TRUE	9.391264285371221
t55	TRUE	3.3595632906673103
t65	FALSE	33.41578684410749
t69	TRUE	15.375307062837209
t76	FALSE	39.49155680477308
t78	TRUE	31.029013435283034
t82	TRUE	2.2016626713949847
t89	TRUE	4.550706455049365
t97	TRUE	1.9033986595267294
t104	FALSE	24.666891073045406
t104	FALSE	20.45943342696235
t119	TRUE	5.992876362219434
t120	FALSE	13.175556835001956
t125	TRUE	1.5807807797427955
t126	TRUE	14.37640399465819
t128	TRUE	28.293588976778096
t131	FALSE	7.487062176210912
t142	TRUE	24.19971430067841
t152	TRUE	23.873921253918667
t158	TRUE	0.9077920211236261
t169	TRUE	9.089469278370387
t185	TRUE	0.5664519391978189
t196	TRUE	4.678132980095171
t200	TRUE	16.915996675373464
t200	TRUE	7.689122367351402
t203	TRUE	3.5612571511504285
t204	TRUE	18.018952186950642
t205	TRUE	16.693731633986758
t208	FALSE	20.367737526385184
t212	TRUE	28.889324703911498
t231	TRUE	3.4025192056361533
t248	FALSE	6.347686262586066
t250	FALSE	11.429668050678046
t264	FALSE	7.613936072572457
t276	TRUE	18.210419384231443
t279	TRUE	12.476197977851811
t279	TRUE	2.1495987878401905
t296	TRUE	7.704622593445322
t301	FALSE	2.3429040006938493
t304	TRUE	18.472163877984443
t312	TRUE	13.832175894055524
t325	TRUE	3.5665122663809683
t325	TRUE	1.7391280142797854
t339	TRUE	13.277265090222713
t353	TRUE	3.5114811987635193
t354	TRUE	14.106335057498725
t360	TRUE	8.614746956983225
t370	TRUE	6.353620973877085
t378	TRUE	9.84045746895022
t403	TRUE	8.785945282117623
t408	TRUE	11.965579301528166
t424	FALSE	2.7637813920401726
t441	TRUE	7.696171144244829
t447	TRUE	7.632061929006937
t449	TRUE	8.140265796005124
t456	TRUE	6.24564978436824
t466	TRUE	0.5501183444324056
t469	TRUE	2.5354677308736626
t491	TRUE	3.1047031572228576
t570	TRUE	0.7955454060086424
t604	FALSE	5.6502902359718234
t613	TRUE	4.439346739841383
t651	TRUE	1.5117348221079396
t675	TRUE	0.7271998014538781
