Species	Extant	SampT
t1	TRUE	26.933838024455383
t1	TRUE	3.6306341809213905
t3	TRUE	26.280664649223922
t7	FALSE	37.70624144022416
t14	FALSE	24.68381614706925
t21	TRUE	22.264811365797357
t21	TRUE	1.1332390693618066
t27	FALSE	13.458060929504072
t32	TRUE	28.414183809951858
t32	TRUE	25.93258981532378
t35	TRUE	24.44214473981401
t45	TRUE	13.60262210746258
t46	FALSE	28.698235858761684
t46	FALSE	12.303242289059767
t55	TRUE	15.350738665924155
t67	FALSE	8.609618221351568
t67	FALSE	3.6964763560357596
t67	FALSE	1.298779162614693
t69	FALSE	23.79230228390182
t71	FALSE	16.846523848106457
t81	TRUE	12.824387017144929
t84	TRUE	12.139078610309952
t87	FALSE	34.79692881253291
t89	FALSE	23.313848010862642
t90	FALSE	20.388932338412914
t94	TRUE	9.399174742448906
t97	FALSE	12.281177615769593
t98	FALSE	6.792734382390506
t102	TRUE	9.32190371901315
t103	FALSE	8.44712227122399
t121	TRUE	7.6533456607935335
t124	FALSE	7.027259569753511
t128	FALSE	21.151174910524105
t130	TRUE	28.8197357249688
t137	TRUE	10.11094790126728
t148	TRUE	19.31202747472652
t151	FALSE	23.752907810172545
t154	TRUE	12.527287491259983
t175	TRUE	29.01136253557783
t180	TRUE	23.096332538814906
t181	FALSE	8.616743169394013
t187	TRUE	9.936597933504245
t194	FALSE	22.744591901605872
t195	TRUE	23.155357195552654
t203	FALSE	26.713479403974787
t206	FALSE	20.004848544054937
t209	FALSE	10.80652496960522
t214	FALSE	19.038671481061357
t220	FALSE	24.709211024015943
t228	TRUE	1.9763768359372733
t231	FALSE	19.582842963794164
t235	TRUE	8.729020659487844
t241	TRUE	8.851206132824743
t246	TRUE	0.23922435972390588
t256	TRUE	2.66906758920085
t259	TRUE	10.623637985343578
t259	TRUE	3.80645192411734
t259	TRUE	2.7197911502431538
t260	TRUE	8.92256891152536
t266	TRUE	5.675332617513817
t271	FALSE	13.608682875730764
t274	TRUE	14.457506733985639
t277	TRUE	1.7641297677861019
t280	FALSE	10.253249687947147
t290	TRUE	7.291647272972114
t308	FALSE	17.23629109589949
t312	TRUE	9.07633407104494
t318	TRUE	11.84164166058784
t320	TRUE	3.15254433586378
t327	FALSE	17.286998668470346
t353	FALSE	15.406716268176794
t356	FALSE	13.299432865390472
t387	TRUE	4.276875016119845
t397	FALSE	12.60352079799108
t401	TRUE	12.295563875553853
t425	FALSE	1.226770081844819
t428	TRUE	9.520288695450134
t428	TRUE	5.064125218297548
t483	TRUE	11.876514743710132
t493	TRUE	7.5486507676416466
t529	TRUE	2.132176410482728
t532	TRUE	4.663901066044531
t537	FALSE	7.541181072923521
t636	FALSE	2.957251658257391
t653	TRUE	0.02061644129773299
