Species	Extant	SampT
t8	FALSE	41.13211963434371
t24	FALSE	48.59488797018642
t26	FALSE	29.82697025024173
t27	FALSE	34.64276361507058
t30	FALSE	40.69924542260584
t31	FALSE	23.630933166491744
t34	TRUE	8.070790373514583
t37	FALSE	34.20058575524091
t44	FALSE	51.47197300225692
t49	TRUE	14.955741763458363
t49	TRUE	1.4045814428187526
t54	TRUE	15.211877539649876
t55	TRUE	7.660652297444912
t61	FALSE	23.473774684187262
t62	FALSE	35.69086580464102
t86	FALSE	7.340442190040804
t91	TRUE	17.385893133574342
t93	FALSE	28.416391115420993
t95	TRUE	20.158895040896283
t96	TRUE	28.562146624874487
t98	TRUE	4.874208598100367
t104	TRUE	22.20875996847751
t106	FALSE	20.96084669831137
t120	TRUE	21.62698874851573
t125	FALSE	8.70883557399226
t147	TRUE	12.698382305901035
t158	TRUE	5.7205689722330675
t160	TRUE	4.669536979371188
t169	TRUE	4.727320104702869
t174	TRUE	5.6524215767684325
t179	TRUE	14.447847737904667
t190	TRUE	20.82632411200477
t224	FALSE	18.712005112508535
t230	TRUE	1.3568212885430455
t232	TRUE	1.324777328271594
t255	TRUE	11.986708637311551
t255	TRUE	0.7047915262728282
t257	TRUE	10.156938873539886
t262	FALSE	12.46052516366565
t268	FALSE	9.91264994763047
t287	TRUE	14.58920103359965
t298	TRUE	13.135667111007876
t312	TRUE	5.538550210994373
t314	TRUE	1.3145954678283118
t328	TRUE	3.661197595419978
t339	TRUE	2.556583488393514
t341	TRUE	9.978712753006135
t354	TRUE	6.127182035756064
t356	TRUE	5.283938743476085
t364	TRUE	7.006477532841956
t380	TRUE	11.077840053211261
t408	TRUE	6.295429705424738
t419	TRUE	3.263707608864479
t419	TRUE	1.4486629620957245
t420	TRUE	2.8731656228866456
t426	TRUE	15.103974119125184
t429	TRUE	10.613565523042553
t434	TRUE	2.361241009246271
t465	TRUE	9.240678426875377
t467	TRUE	3.5954032162958214
t468	TRUE	7.874779973416935
t469	FALSE	6.682480751928793
t473	TRUE	1.5744469300254451
t487	TRUE	2.590631305152101
t500	FALSE	13.288984142552337
t503	TRUE	1.776906116009414
t516	TRUE	0.059323930093000854
t521	TRUE	6.1074686354330225
t537	TRUE	7.2845126028458225
t537	TRUE	5.566716938401257
t576	TRUE	3.345621955215478
t588	TRUE	2.240533106150721
t596	TRUE	8.119057810117056
t614	TRUE	8.451955829868709
t643	TRUE	1.7392066827600274
t688	TRUE	2.023208382989779
t716	FALSE	0.9583928816721823
