Species	Extant	SampT
t2	FALSE	84.16556420620586
t2	FALSE	84.13018481710029
t2	FALSE	82.8707257348142
t4	FALSE	69.1299854329259
t6	FALSE	35.88534442005005
t11	FALSE	35.76748569258746
t21	TRUE	34.94663146084649
t25	FALSE	38.798252381714846
t28	TRUE	25.219152310612486
t30	FALSE	29.95360018230285
t31	TRUE	30.95405452993505
t32	TRUE	6.34071087232833
t40	FALSE	14.520830386201581
t54	FALSE	24.799766864596947
t55	FALSE	22.15159507231114
t62	FALSE	30.9229253064303
t69	TRUE	20.80438589858771
t70	FALSE	32.947088061996894
t85	FALSE	29.225401161121866
t88	TRUE	9.183641362543767
t89	TRUE	16.345181690182756
t89	TRUE	16.12279301162394
t98	FALSE	25.51853122408815
t106	TRUE	3.4540031017363333
t118	FALSE	5.3061295044182515
t120	FALSE	31.802309279240518
t121	TRUE	10.2307121296449
t125	FALSE	34.99538232410509
t129	FALSE	30.860869100822086
t129	FALSE	25.35988621277916
t131	TRUE	8.15535784597266
t143	FALSE	25.457847380994636
t149	TRUE	16.471889391275695
t149	TRUE	4.172003286190147
t157	TRUE	7.284740384467071
t159	FALSE	11.864973842119355
t159	FALSE	11.132265343427207
t163	FALSE	21.320942045354812
t164	FALSE	23.650688482829466
t170	TRUE	7.526196581970609
t170	TRUE	5.73582364777819
t176	TRUE	11.198310592187852
t177	TRUE	1.8143523480821102
t180	TRUE	3.123025038255662
t192	TRUE	12.02842201130538
t203	FALSE	19.84656437211578
t220	TRUE	1.7860390098292669
t226	TRUE	8.074622573564
t241	FALSE	24.106844260744722
t257	TRUE	11.82573853937653
t275	TRUE	0.8534774509023038
t284	TRUE	6.5852869720051785
t315	TRUE	5.773801189948699
t324	TRUE	7.129378713220859
t324	TRUE	2.0915883160387523
t375	TRUE	5.138748203000105
t377	TRUE	7.664353759383687
t385	FALSE	18.238948899074714
t386	TRUE	2.9045814336303977
t414	TRUE	10.52305928191899
t447	TRUE	12.353732000465541
t461	FALSE	12.306909210733394
t472	TRUE	7.038512281947121
t490	TRUE	0.7960334958440143
t514	TRUE	0.11099615810036312
t590	TRUE	1.2229927023209797
t673	TRUE	2.4147440294303664
