Species	Extant	SampT
t1	FALSE	68.76158770596724
t8	TRUE	23.339013754806118
t10	TRUE	14.265699857900685
t16	TRUE	14.862418153505388
t21	TRUE	18.540554683493028
t22	TRUE	28.61668580568778
t27	FALSE	28.78649783317414
t34	TRUE	21.352443729727383
t40	FALSE	22.929382753994567
t42	TRUE	19.00145703718409
t44	FALSE	33.72383590338706
t55	TRUE	2.016972947409272
t59	FALSE	31.966218767045078
t69	FALSE	28.014507071808467
t70	TRUE	23.489149970982204
t78	FALSE	28.0803259012704
t78	FALSE	15.926371888950953
t81	TRUE	11.878547257555695
t83	TRUE	32.315020562030135
t84	FALSE	34.180911057538886
t85	FALSE	27.17178642872983
t88	FALSE	28.397716968707286
t92	TRUE	6.741855960039999
t93	TRUE	30.96453288179022
t94	TRUE	36.36610461945808
t100	TRUE	0.7759116330223463
t102	TRUE	11.543469291986654
t102	TRUE	2.1471919444823584
t103	TRUE	18.67839317213599
t103	TRUE	3.116243362008987
t112	FALSE	17.853376442691086
t113	TRUE	8.813005938925102
t148	TRUE	4.183584401710718
t154	TRUE	8.561525262036966
t158	TRUE	8.776491435587687
t185	TRUE	5.992526637907417
t216	TRUE	15.078355947333947
t217	FALSE	12.044743765761481
t218	TRUE	7.741922049574271
t231	TRUE	9.527566906346607
t232	TRUE	21.424231915154607
t237	TRUE	8.135236288945663
t245	TRUE	10.18015832979981
t252	TRUE	8.914502653850604
t271	TRUE	15.39111953225379
t279	TRUE	12.037485123293493
t279	TRUE	3.7449003035742976
t290	TRUE	12.127912582978198
t293	TRUE	11.827797338439424
t303	TRUE	1.6598599079672027
t305	TRUE	1.0776868743497658
t308	TRUE	16.874317960115448
t308	TRUE	14.148211148800627
t309	FALSE	7.614590130022663
t311	TRUE	0.8023305959210063
t312	TRUE	1.1627556386917206
t323	TRUE	2.8434117448478133
t335	TRUE	14.365754595484987
t359	TRUE	0.5438758046087315
t361	TRUE	6.995358157809335
t361	TRUE	2.719628738714576
t375	TRUE	6.187165778719816
t377	TRUE	9.56634317778348
t382	TRUE	4.5265266961910555
t385	FALSE	9.627434191288629
t389	TRUE	8.765273697345194
t430	TRUE	11.981513881897214
t461	TRUE	1.4696050866290449
t469	TRUE	6.952336737693884
t521	FALSE	9.617478205197187
t525	FALSE	4.893689288913521
t537	TRUE	2.01242494993339
t588	TRUE	6.5291861879497475
t646	TRUE	1.4825623040109406
t673	TRUE	2.6379162288484537
