Species	Extant	SampT
t3	FALSE	57.08160520500624
t4	FALSE	65.60284861181445
t7	FALSE	32.89873516081069
t9	TRUE	11.295879468981113
t13	TRUE	39.5379124489955
t15	TRUE	0.5972336486998842
t22	TRUE	9.874082486778875
t30	TRUE	46.59691125627346
t34	TRUE	50.7028971955488
t39	TRUE	4.330508131394566
t41	TRUE	15.43509302265251
t53	FALSE	21.6752368167988
t54	TRUE	44.466896196688
t64	TRUE	3.1914724030326624
t71	TRUE	28.890453180047473
t71	TRUE	20.619632696500673
t71	TRUE	11.575023416506198
t85	FALSE	28.93668652074551
t91	TRUE	21.204833545678866
t91	TRUE	18.078756890216482
t93	FALSE	24.90729336544834
t95	FALSE	30.792289046045354
t112	FALSE	33.14380500764142
t114	TRUE	15.491572434790669
t115	TRUE	0.992639770508049
t129	FALSE	10.136668022512154
t144	TRUE	5.999566040377616
t146	TRUE	19.220756911171108
t163	FALSE	20.08314737373381
t166	TRUE	16.86056544566462
t169	TRUE	16.208948500589358
t170	TRUE	3.5007320358189133
t173	TRUE	13.743875599332611
t188	FALSE	15.759523119254652
t194	TRUE	7.867136102552834
t197	TRUE	13.134980099240522
t215	TRUE	2.020748196398543
t220	TRUE	3.5074367290146427
t221	TRUE	14.270081919100534
t221	TRUE	7.347699150856982
t239	TRUE	5.0913639274039895
t241	TRUE	12.112784274203236
t246	TRUE	18.47109364053479
t246	TRUE	6.10313300828966
t277	FALSE	17.78179567635523
t277	FALSE	11.676664268573859
t288	TRUE	5.647442308681022
t318	TRUE	5.429507786491953
t324	TRUE	0.6095049121675231
t336	TRUE	6.2356717203843175
t344	TRUE	12.737222945301895
t391	TRUE	3.5612617475508586
t405	TRUE	3.474747406515604
t418	FALSE	6.789292128631473
t456	TRUE	3.5938977873293254
t472	TRUE	1.1819187424705007
t490	FALSE	8.705741657130048
t523	TRUE	0.9106189430291067
t563	TRUE	0.5114776593920993
t569	TRUE	3.60691815336817
t611	TRUE	3.7860508417657
t632	TRUE	3.184669273401397
t632	TRUE	1.56371469035534
