Species	Extant	SampT
t10	TRUE	17.254298647740384
t13	FALSE	14.074799425263478
t16	FALSE	51.59043160528783
t19	FALSE	51.04705688381574
t25	TRUE	5.5846650208085435
t29	FALSE	16.858571342083223
t35	FALSE	27.04195428098042
t44	FALSE	54.35387653958085
t50	TRUE	31.109183474036918
t52	TRUE	16.54501680430309
t52	TRUE	12.35604586225287
t55	FALSE	44.96828656679676
t56	TRUE	11.755818957679637
t57	FALSE	42.55525817771826
t60	TRUE	9.336648377812537
t61	FALSE	30.52142251295634
t70	FALSE	34.859902525591984
t72	FALSE	29.117357658913747
t72	FALSE	28.867024530416742
t87	TRUE	32.34638680828739
t87	TRUE	8.810341966985021
t102	TRUE	29.60514033728589
t102	TRUE	2.5672211642687444
t108	TRUE	13.039588055922351
t110	FALSE	37.708822710571546
t127	TRUE	15.422159549904492
t131	FALSE	30.058882138984266
t132	TRUE	16.17319271437745
t133	TRUE	35.70536912422548
t133	TRUE	0.6250791454969118
t139	FALSE	34.3580519593971
t140	TRUE	5.784319120162749
t143	TRUE	13.011650383954645
t161	FALSE	17.445785506842768
t166	TRUE	26.043881348539422
t170	TRUE	18.684121644016592
t170	TRUE	5.198369178813181
t171	FALSE	10.793008127054733
t177	FALSE	3.1677587387112283
t188	FALSE	19.869489097450973
t188	FALSE	12.108530356287034
t192	TRUE	7.026383888932642
t195	FALSE	7.671357704781315
t197	TRUE	1.799545771541915
t206	TRUE	9.298234564988974
t239	TRUE	20.923221422756157
t253	TRUE	23.131820219695946
t264	TRUE	21.217946850169696
t271	TRUE	7.482855985136638
t283	TRUE	7.589212339285027
t286	TRUE	13.073152359508185
t303	TRUE	11.27084889766121
t319	TRUE	13.070456451547685
t338	TRUE	16.840393153243042
t339	TRUE	4.02905022484066
t353	TRUE	2.100322537290097
t383	TRUE	7.646718144116363
t395	FALSE	13.554427457550162
t403	TRUE	11.430894997617116
t411	TRUE	16.8328924195134
t432	TRUE	0.38075655760334826
t461	FALSE	13.822840042790574
t470	FALSE	11.669773032902711
t472	TRUE	1.0881940949632707
t475	TRUE	4.002963200596028
t486	TRUE	4.288371599286833
t497	TRUE	3.510374690051208
t507	TRUE	2.3204155891831846
t516	TRUE	5.859513960968698
t518	TRUE	8.95184644566666
t526	TRUE	4.032270563795478
t552	TRUE	0.43944329721129805
t561	TRUE	0.696589238628988
t564	TRUE	5.442144988142729
t604	TRUE	1.983666311025658
t613	TRUE	0.16012229970185388
t621	TRUE	4.347020464075868
t626	TRUE	0.2420118794121464
