Species	Extant	SampT
t1	TRUE	16.86961605292852
t9	TRUE	13.324919369604473
t11	TRUE	0.3319139440698251
t12	FALSE	64.39027500282192
t12	FALSE	60.85772105573061
t15	TRUE	17.271583579688397
t16	TRUE	14.258950550839558
t24	TRUE	0.6037431450046853
t25	FALSE	35.02305522559847
t27	FALSE	37.27729881058404
t37	TRUE	6.376433713229929
t39	FALSE	40.915543660560594
t39	FALSE	36.54542051259612
t44	TRUE	10.585683998617839
t48	TRUE	30.551722806937235
t48	TRUE	18.387581419926477
t54	TRUE	6.717078690009274
t60	FALSE	20.635571523654534
t66	TRUE	3.10973494974084
t103	TRUE	23.30699087064869
t122	TRUE	8.680589234408785
t136	TRUE	18.62089481914734
t141	FALSE	23.2613611088032
t145	TRUE	4.132065484587443
t164	TRUE	14.868570684849558
t176	TRUE	4.350776572378038
t184	TRUE	5.676018743752877
t186	TRUE	11.981589402455185
t194	TRUE	17.63639380808361
t196	TRUE	11.10483144550544
t199	TRUE	9.489701426239975
t220	FALSE	4.290515963593421
t233	TRUE	4.373591672129919
t236	TRUE	19.354066517578133
t247	TRUE	9.143149049601902
t252	TRUE	9.8499812303329
t260	TRUE	6.393384366772253
t274	TRUE	3.885150579811736
t287	TRUE	7.0112486255507065
t290	FALSE	14.152208662377888
t297	TRUE	4.016361781258823
t303	TRUE	5.069379895981456
t340	FALSE	5.207377591281002
t342	TRUE	5.612141023226442
t368	FALSE	8.63439826866896
t413	TRUE	0.14373978110475605
t416	FALSE	5.49491247112303
t434	TRUE	7.192745870680696
t442	TRUE	1.9486591821245298
t453	TRUE	1.8078767053880682
t456	TRUE	9.70830882576854
t461	TRUE	4.401905371354076
t470	TRUE	4.917933790350816
t486	TRUE	2.853569680921865
t488	TRUE	3.1335115953961434
t496	TRUE	5.493972771152883
t501	TRUE	2.7065445748040275
t509	TRUE	7.881018210147332
t527	TRUE	8.217285385881837
t550	TRUE	3.036089359701535
t551	TRUE	4.14799781052686
t595	TRUE	5.863503450441954
t599	TRUE	2.9028577717956665
t635	TRUE	2.1186727021918728
t647	TRUE	0.2705220999972653
