Species	Extant	SampT
t3	FALSE	58.42196181088134
t15	TRUE	49.88144570816361
t15	TRUE	9.071598712765208
t17	FALSE	31.891266816417165
t20	TRUE	43.529401197807246
t23	FALSE	28.319135188770744
t23	FALSE	27.079316574794504
t24	TRUE	41.932258740929676
t24	TRUE	28.308984723644052
t32	FALSE	35.109057356534315
t32	FALSE	17.138049644348925
t40	FALSE	6.0785773155233045
t47	TRUE	29.37603413328558
t48	FALSE	27.78517749661286
t61	FALSE	36.59565351869733
t63	TRUE	20.439330177722326
t63	TRUE	18.75632629727974
t79	FALSE	15.426352684474566
t83	TRUE	28.344168409710903
t83	TRUE	12.490543805068512
t87	FALSE	30.378314102930737
t88	TRUE	10.525030641915706
t101	TRUE	0.33869035712278617
t105	FALSE	17.806125852658596
t117	TRUE	6.376602289741001
t122	TRUE	10.703530981851543
t126	FALSE	23.181030554819664
t140	TRUE	8.84953368089819
t147	TRUE	0.7302414818579308
t153	TRUE	20.587493235645532
t160	TRUE	19.231816422721707
t168	FALSE	10.148049930209083
t172	FALSE	8.535949054689084
t192	TRUE	0.16265821106070177
t197	FALSE	22.316436855497123
t203	TRUE	19.2188565741192
t204	FALSE	10.97759606277333
t229	TRUE	9.604186516871877
t238	TRUE	8.267840124566547
t244	TRUE	6.7890443917358425
t262	FALSE	23.331192909356545
t271	FALSE	8.581316678867807
t288	FALSE	19.185092866176987
t288	FALSE	4.186006129770377
t296	FALSE	16.891194611693294
t313	TRUE	17.301771295451104
t313	TRUE	14.996116905167156
t314	FALSE	2.1389898613629583
t322	TRUE	18.599620486116706
t327	TRUE	20.818736969652413
t340	TRUE	3.0122249875864924
t352	TRUE	2.3110774794534876
t356	TRUE	1.2930108125950284
t376	FALSE	6.129487993510125
t399	TRUE	13.112251657564443
t404	TRUE	5.951257075531018
t418	TRUE	3.390633089648915
t446	TRUE	4.699582373411246
t452	FALSE	10.227548513092415
t462	TRUE	9.73430941980034
t514	TRUE	4.085996708236067
t517	TRUE	0.5747235835387414
t526	TRUE	0.2826518994013725
t533	TRUE	1.227789016616839
t534	TRUE	0.3875440470340408
t537	FALSE	4.824193777853623
t539	TRUE	3.8370736995197063
t550	TRUE	5.022644202611758
t594	TRUE	2.5329697846553216
t616	TRUE	0.9602076428103032
t689	TRUE	4.649911666177928
t714	TRUE	0.09976708499759468
