Species	Extant	SampT
t2	FALSE	25.528533552290085
t3	TRUE	13.057515995488508
t5	FALSE	27.8166237725005
t40	TRUE	3.678363557572169
t98	TRUE	2.893168281570233
t98	TRUE	1.865907687752376
