Species	Extant	SampT
t1	FALSE	31.33292699424244
t6	FALSE	24.98562531452997
t14	TRUE	1.7317778633867391
t15	FALSE	33.63746474882748
t66	TRUE	3.1994991948917715
t69	TRUE	1.9173012595472159
t109	FALSE	2.8215359294483875
