Species	Extant	SampT
t4	TRUE	7.985160774710469
t27	FALSE	16.776413809135843
t35	FALSE	3.75248739602862
t62	TRUE	9.557875420563224
