Species	Extant	SampT
t3	TRUE	12.468360075395196
t3	TRUE	8.068875297048422
t10	FALSE	13.235520240405677
t15	FALSE	38.73990382722786
t25	TRUE	0.9116486287007532
t37	TRUE	7.733848945963587
t39	TRUE	2.9487575271755517
t59	TRUE	4.106631873188867
t74	TRUE	3.459244354432464
t77	TRUE	0.21849058838729007
t101	TRUE	0.22050439715332715
