Species	Extant	SampT
t9	TRUE	28.131071556836226
t20	TRUE	19.936974084451585
t25	TRUE	2.6789628117436024
t57	TRUE	0.6909532171843082
t59	TRUE	4.107427548490925
t70	TRUE	5.577552076354998
t73	TRUE	1.0772919432721153
t87	TRUE	3.430966060458289
t104	TRUE	0.37807113989474317
