Species	Extant	SampT
t47	TRUE	7.391548518726712
t48	TRUE	1.8776192258025652
t102	TRUE	4.3024202388506545
