Species	Extant	SampT
t1	TRUE	27.99441524616519
t4	TRUE	27.038281524411495
t27	FALSE	14.193571751535494
t29	TRUE	2.870589566304737
t29	TRUE	2.40614349577622
t37	FALSE	6.565319471401736
t53	TRUE	9.389381578294412
