Species	Extant	SampT
t7	TRUE	21.34044155893535
t9	TRUE	26.255761582905812
t43	TRUE	1.228445900125088
t59	TRUE	2.957817589781058
t68	TRUE	0.3888523083287936
t73	TRUE	10.672684698959038
t77	TRUE	9.183286004813901
