Species	Extant	SampT
t2	FALSE	28.82670403700149
t2	FALSE	24.35365628738803
t2	FALSE	10.056456386194654
t3	FALSE	30.71736882705971
t4	FALSE	25.67153342155403
t6	TRUE	13.686451759023296
t33	TRUE	3.925441406733185
t49	TRUE	0.3087477182368019
t92	TRUE	4.0324365130769735
t94	TRUE	3.1942962812650464
