Species	Extant	SampT
t20	TRUE	7.516447423547504
t20	TRUE	0.043789429955857884
t42	TRUE	2.537721253289014
t43	TRUE	1.9573754854612702
t59	TRUE	3.323722918166226
t89	TRUE	2.382704205824453
t91	TRUE	3.477717657920522
