Species	Extant	SampT
t4	FALSE	42.680677943603555
t4	FALSE	41.41238800216432
t8	FALSE	32.622790280304926
t13	FALSE	29.9678874600406
t17	FALSE	17.162232028130923
t18	FALSE	16.566309408964862
t23	TRUE	5.335982267749429
t24	TRUE	3.433538067134293
t26	TRUE	18.425504832380206
t26	TRUE	15.73519065765629
t27	FALSE	16.836940484807315
t35	TRUE	4.710870042616278
t41	FALSE	13.39703510383665
t43	FALSE	12.64750922761963
t57	TRUE	4.388588304802809
t68	TRUE	2.8744655770448873
t78	TRUE	6.898443007953503
