Species	Extant	SampT
t1	TRUE	28.78927726137129
t7	TRUE	2.210681193043577
t11	TRUE	15.572257592007851
t65	TRUE	2.913825421829337
