Species	Extant	SampT
t1	FALSE	50.9261531791484
t7	FALSE	25.920649377028695
t11	TRUE	34.45091280474211
t13	TRUE	13.64913568653067
t16	FALSE	54.600682511603004
t18	TRUE	9.715045679012746
t19	TRUE	3.642044669374826
t22	TRUE	53.025903076227564
t32	FALSE	10.680518028438392
t45	TRUE	10.433275190259025
t49	TRUE	38.0616911053249
t49	TRUE	33.10733542959777
t77	FALSE	23.219073948953195
t84	FALSE	22.72193605625676
t92	FALSE	11.030772471106857
t93	FALSE	7.885865899980544
t95	FALSE	18.854098443333577
t140	FALSE	18.40592950379085
t146	TRUE	1.3179738703301496
t152	TRUE	2.6241331722219883
t176	FALSE	20.30431725529551
t193	TRUE	1.0630735325346308
t202	TRUE	20.582617842187695
t214	FALSE	12.38529428669137
t219	TRUE	7.586195248367964
t237	TRUE	14.740821553707775
t244	TRUE	1.9445090815768964
t259	TRUE	9.610424098305302
t276	TRUE	2.834050747150627
t279	TRUE	14.113067531328532
t281	TRUE	1.36319833064627
t282	TRUE	1.053442580338512
t287	TRUE	2.6023683449495536
t287	TRUE	1.5559774669129354
t288	TRUE	0.9552517378974983
t294	FALSE	7.7675755949787515
t314	FALSE	11.632359530782502
t314	FALSE	10.952483341103594
t330	TRUE	2.38472658413086
t350	FALSE	2.47530164405282
t356	TRUE	1.7819740804111888
t363	TRUE	10.852435896254548
t401	FALSE	9.678481276514198
t436	TRUE	7.919332720388709
t436	TRUE	0.23586681022877087
t448	TRUE	0.30065881389271
t470	TRUE	7.496267829972453
t485	TRUE	3.425994668091775
t514	TRUE	1.1003996686747968
t603	TRUE	1.408689687223685
