Species	Extant	SampT
t1	FALSE	68.8152384569746
t2	FALSE	32.21470106226202
t11	FALSE	26.091972297641078
t24	TRUE	13.600309480954905
t28	TRUE	6.812674937279297
t30	TRUE	24.199002210919367
t34	TRUE	18.554598064731834
t43	TRUE	9.23660107507093
t44	FALSE	14.583836992742313
t68	TRUE	2.5674612593795274
t93	FALSE	18.563453235895764
t95	TRUE	2.794288349108669
t96	FALSE	7.84387335358042
t112	TRUE	18.69575546310103
t112	TRUE	0.5495870225206687
t116	TRUE	9.413742523739906
t118	TRUE	11.50725884787051
t120	FALSE	4.2444060496168134
t128	FALSE	14.35943497579494
t137	TRUE	6.000215006235024
t152	TRUE	2.3281305244463653
t173	TRUE	9.149509374977754
t174	FALSE	3.657337668032497
t194	TRUE	2.8439848042284694
t206	TRUE	0.240940111304198
t207	TRUE	7.42315882942772
t239	TRUE	0.6170755834876331
t241	TRUE	0.5682968440204661
t252	FALSE	7.313399335456509
t272	TRUE	1.4692458192594273
t279	TRUE	1.5107381960045672
t293	FALSE	8.35331300951259
t347	TRUE	3.4218607329497814
t368	TRUE	4.662423494601327
t371	TRUE	1.1944856411882654
t413	TRUE	1.0944643809057055
t522	TRUE	1.156902577327699
t554	TRUE	0.900668476646274
t599	TRUE	0.049738069410011576
