Species	Extant	SampT
t4	FALSE	63.910148610834085
t4	FALSE	43.34625419369718
t4	FALSE	19.73090608744701
t6	TRUE	10.823874885933279
t9	TRUE	2.0548025468018807
t20	FALSE	43.04156817782381
t31	TRUE	15.321297573331577
t37	TRUE	28.950499474813085
t37	TRUE	22.14214397761677
t45	TRUE	11.558561337302564
t50	TRUE	2.5797279143762637
t51	TRUE	24.13506654688149
t54	FALSE	22.215286748507665
t63	FALSE	12.543815835629815
t64	TRUE	12.250033834295238
t70	TRUE	0.17330188749539843
t93	TRUE	1.5432867211616639
t109	TRUE	16.899164695044917
t112	TRUE	14.209524479219908
t112	TRUE	12.142827950874562
t115	TRUE	2.3612820259540825
t115	TRUE	0.48304900482888513
t116	TRUE	1.8914872821692796
t140	TRUE	4.980727140970117
t153	TRUE	5.50682701679699
t171	TRUE	3.1911708588374097
t208	TRUE	2.8172779736016054
t237	TRUE	4.282597531770591
t275	TRUE	0.1483400868533522
t276	TRUE	2.600357295585738
t291	TRUE	2.9266047499157253
t296	TRUE	0.978279572148864
t357	TRUE	2.34956804622756
t361	TRUE	0.543210837712067
t391	TRUE	2.6537219332647624
t457	TRUE	1.4404874770844742
t515	TRUE	1.3321729535124263
t537	TRUE	0.026925103597875477
