Species	Extant	SampT
t13	TRUE	48.58192030424908
t16	FALSE	23.198432342950326
t18	FALSE	11.781279649768095
t33	FALSE	38.53171211390983
t34	FALSE	24.794692523635263
t56	FALSE	33.45787638709267
t61	FALSE	18.97612329161035
t70	TRUE	16.179016557229588
t91	FALSE	21.563326578940362
t103	TRUE	6.087453839394229
t103	TRUE	3.452078289377468
t104	FALSE	10.983948965783284
t104	FALSE	5.1120451721040325
t120	TRUE	7.556756212887578
t120	TRUE	5.115914204669409
t124	TRUE	4.582083586617145
t127	TRUE	6.980239660305472
t129	FALSE	19.38557394853663
t132	TRUE	23.23857133462711
t132	TRUE	14.858041351657945
t154	FALSE	12.245957129235379
t160	TRUE	3.3235557347227314
t162	TRUE	1.7656807655805409
t163	TRUE	4.013653223216863
t168	TRUE	14.046892927582618
t170	TRUE	12.175539497190258
t170	TRUE	7.230506308593476
t191	FALSE	17.403975322514427
t197	TRUE	16.68570050380258
t197	TRUE	10.36289717872998
t209	TRUE	2.3604114164048724
t252	TRUE	1.502173284769384
t259	TRUE	5.9091351534990935
t269	TRUE	13.844895337707982
t272	TRUE	1.0751933828895233
t284	TRUE	2.7164769858393925
t288	TRUE	5.059715622520002
t310	TRUE	4.502608980149262
t335	TRUE	2.3715399498530445
t356	TRUE	4.765212889585868
t360	FALSE	4.194142040456995
t449	TRUE	0.4312610429399939
t459	TRUE	3.3584587817779834
t462	FALSE	2.8296818272118003
t477	TRUE	7.119553668753639
t498	TRUE	0.08690118048923523
t504	TRUE	3.3933849458946383
t573	TRUE	2.0191170401839003
