Species	Extant	SampT
t2	TRUE	40.653641698584785
t8	TRUE	6.118130646473929
t8	TRUE	0.5905598027773351
t10	FALSE	17.60265491153143
t23	TRUE	0.9464008111821869
t26	TRUE	16.652225288870753
t53	TRUE	14.56720703124833
t53	TRUE	3.56092764839363
t65	FALSE	19.21617591192634
t66	FALSE	17.424425975246848
t66	FALSE	12.19927499837992
t74	TRUE	14.093412653120225
t80	TRUE	8.784665958541908
t81	TRUE	1.6700663982684958
t86	TRUE	13.457004155646771
t94	TRUE	11.552818954306673
t102	TRUE	12.931863170582666
t104	TRUE	1.7943473633269775
t117	TRUE	2.583788357161289
t122	TRUE	1.5757645166014456
t183	TRUE	1.8585108293051107
t200	TRUE	5.36386109760538
t219	TRUE	0.7476196711175618
t235	TRUE	1.977748820867177
t243	TRUE	8.074255572549447
t283	TRUE	3.2082730607670555
t341	TRUE	7.705482317090102
t343	TRUE	6.975074460820956
t372	TRUE	1.6132735398198719
t391	TRUE	0.5973758361877941
t408	TRUE	2.930465812578724
t443	TRUE	0.6275932949285874
t452	TRUE	1.0741127561298
t469	TRUE	3.0161282933731073
t503	TRUE	2.3209076470263454
t544	TRUE	1.638829945663936
