Species	Extant	SampT
t4	FALSE	65.26692611173996
t6	FALSE	31.328774442176382
t7	FALSE	61.82626904251187
t7	FALSE	56.263959333297564
t17	FALSE	12.095984295759735
t18	TRUE	7.019957028982347
t25	FALSE	4.968350409014917
t35	TRUE	46.812769479764015
t37	FALSE	32.758849377701324
t37	FALSE	31.289866085121673
t37	FALSE	21.324374504712893
t37	FALSE	19.0283777437634
t39	TRUE	20.085134831589514
t39	TRUE	7.579010016071052
t41	FALSE	35.187467158950824
t49	TRUE	9.082281963883986
t50	TRUE	34.26489659426851
t50	TRUE	34.22231126418454
t61	FALSE	39.36703723277154
t62	FALSE	38.03854043801886
t75	TRUE	27.459335112407217
t82	FALSE	21.14760256993131
t86	TRUE	11.66007301354874
t88	FALSE	40.477898970546065
t91	TRUE	20.353260154624394
t97	TRUE	18.30190409280827
t97	TRUE	7.735761937950755
t102	FALSE	32.400510997179495
t120	TRUE	13.101928631870294
t133	FALSE	18.629817606186933
t135	TRUE	10.112667622802476
t137	FALSE	19.652241597578367
t142	TRUE	9.76995124576699
t155	FALSE	28.68440836039963
t168	TRUE	5.639726715319867
t173	FALSE	12.022333136549776
t178	TRUE	9.676296861333043
t184	TRUE	26.42999445228429
t188	FALSE	16.431319844440324
t194	TRUE	0.7782421751798694
t212	FALSE	10.611668825891513
t251	TRUE	1.6781616221542208
t255	FALSE	4.55931273722878
t266	FALSE	17.533782437973215
t278	TRUE	16.338987700293757
t282	FALSE	5.4259331401797795
t283	TRUE	5.841979975338063
t283	TRUE	1.8911125925285432
t293	TRUE	10.096339344524182
t306	FALSE	14.456982342509207
t315	TRUE	10.542602718896447
t323	TRUE	5.174074799069814
t327	TRUE	5.120431393741896
t377	TRUE	0.08206742093506136
t378	TRUE	5.388069303003249
t381	TRUE	6.7306595594602925
t389	FALSE	13.242043782713665
t407	FALSE	8.096853202309958
t419	TRUE	3.7810783392700955
t435	TRUE	2.122498636592411
t435	TRUE	1.0465745883921613
t441	TRUE	0.48492576680213517
t484	TRUE	5.12567923865268
t584	TRUE	1.6297595196966057
t685	TRUE	0.03834263295340179
