Species	Extant	SampT
t1	FALSE	67.62081035827781
t5	FALSE	57.310044975297615
t20	TRUE	49.1002050960372
t22	FALSE	19.30214519122452
t42	TRUE	9.00898997945707
t45	TRUE	19.145671912009156
t47	TRUE	7.503441636816902
t47	TRUE	3.6270833196056316
t51	TRUE	34.93487073312641
t53	TRUE	4.503960735985558
t62	TRUE	7.191291717808767
t65	TRUE	15.28154337790211
t82	FALSE	14.717114944139418
t82	FALSE	8.84974136576109
t86	FALSE	29.934809395757057
t88	TRUE	11.072389158928914
t88	TRUE	7.111780194093697
t88	TRUE	2.668977211935058
t90	TRUE	24.74688123372136
t92	FALSE	10.171058592731143
t100	TRUE	11.421336738754107
t106	TRUE	2.2593183178580034
t112	TRUE	17.752249050399826
t114	FALSE	16.399048718911644
t124	FALSE	14.082907195423054
t128	TRUE	24.00223841736453
t150	TRUE	11.747705206546087
t150	TRUE	0.5727444927125163
t151	TRUE	7.5992444325792405
t162	TRUE	5.358891673729204
t169	TRUE	4.3793178282328995
t188	TRUE	11.569895675901492
t190	TRUE	2.458491622153332
t197	TRUE	5.451909160342865
t198	FALSE	19.683253273794065
t220	TRUE	7.297306512363164
t224	TRUE	0.25331792508632134
t225	TRUE	13.727922640012814
t235	TRUE	6.559775067097348
t246	TRUE	5.923947119629901
t248	FALSE	16.682837059218258
t252	FALSE	11.449983861093315
t262	FALSE	17.740806513879363
t280	TRUE	6.206985182327884
t289	TRUE	0.1794927512062401
t290	FALSE	4.928803800526779
t296	FALSE	4.11681825053526
t340	TRUE	9.363672114491223
t340	TRUE	6.0380198995430305
t341	TRUE	10.754624809047868
t345	TRUE	6.648714868916855
t349	TRUE	5.804661632217005
t355	TRUE	5.094931171680798
t369	TRUE	2.8495019653862954
t436	FALSE	3.4124868540440474
t451	TRUE	1.8012064250787319
t464	TRUE	7.3504083011930135
t478	TRUE	4.375416484031817
t484	TRUE	0.9984159844867548
t529	TRUE	1.3049864561979945
t547	TRUE	6.800814631358023
t561	TRUE	0.48144861981512577
t567	TRUE	1.5715440002602605
t570	TRUE	2.0791901262594905
t573	TRUE	0.4046867760644943
