Species	Extant	SampT
t8	FALSE	43.19848387632542
t16	FALSE	61.322238448169514
t22	TRUE	18.33352255823702
t22	TRUE	17.980691511624386
t35	FALSE	42.844713511245445
t38	TRUE	5.72254213272852
t41	TRUE	5.900305156176827
t45	TRUE	43.678732379006576
t48	TRUE	11.005185267906128
t56	TRUE	27.790799864653323
t60	TRUE	17.00786701195132
t62	TRUE	36.58990536768221
t62	TRUE	23.909728743295375
t74	FALSE	21.59601585860061
t77	TRUE	3.0609015499579613
t81	FALSE	33.12748764951827
t109	FALSE	15.590387260603123
t115	TRUE	14.269395441902716
t119	TRUE	4.608208881402504
t123	TRUE	9.646706577718831
t133	TRUE	5.129133878651103
t134	TRUE	4.0648383730610504
t135	TRUE	0.6922909033212079
t137	FALSE	17.859578931086517
t140	TRUE	22.278242174775983
t147	FALSE	30.337340325849425
t159	TRUE	13.396984376240894
t175	TRUE	9.161936633007016
t179	TRUE	12.224603194977632
t190	TRUE	8.00018264695845
t193	TRUE	24.41813215350274
t202	TRUE	17.344322819217638
t209	TRUE	13.662257393899395
t212	TRUE	0.5816835176595561
t226	TRUE	11.061687948443392
t227	FALSE	8.16185523223055
t228	TRUE	13.551123725373287
t255	TRUE	5.550826889778278
t275	TRUE	4.75657395478369
t280	TRUE	14.469658420642176
t290	TRUE	3.980590724909021
t307	TRUE	3.814798061069226
t313	TRUE	6.70353711058695
t315	TRUE	3.0137802586315985
t316	TRUE	9.771140359107335
t334	TRUE	9.449488091131656
t362	TRUE	3.5989525477977082
t367	TRUE	0.012138389795566695
t372	TRUE	6.161223633192051
t433	TRUE	3.286870224183261
t496	TRUE	7.082365064700454
t506	TRUE	6.762285480685563
t559	TRUE	2.437240940661539
t578	TRUE	3.2800458588678367
t593	TRUE	1.0069586891445965
t633	TRUE	0.43171123535623224
t668	TRUE	0.23949365712481097
