Species	Extant	SampT
t7	FALSE	10.737019593613816
t15	FALSE	40.2061101215736
t16	TRUE	37.300198557239355
t17	FALSE	40.93800048994213
t21	TRUE	3.473813974450053
t23	TRUE	8.04173388835872
t29	FALSE	17.39437071906829
t34	FALSE	37.208671975901375
t34	FALSE	31.646095883113603
t36	TRUE	17.73014734054742
t39	FALSE	31.664060035383585
t65	TRUE	0.7164748205284468
t69	TRUE	29.12788395680787
t86	FALSE	24.470283508911557
t87	FALSE	12.785278650761093
t90	TRUE	26.998708699433138
t94	FALSE	28.023917330923318
t122	FALSE	20.15651833732644
t127	TRUE	9.568023695278299
t133	TRUE	11.34219803678343
t144	TRUE	18.248602358915733
t146	TRUE	15.475368179608168
t200	TRUE	1.576903310453389
t209	TRUE	7.917015498245675
t214	FALSE	1.7943020412032809
t225	TRUE	1.198890579711417
t236	FALSE	7.657070217358438
t239	TRUE	4.758997944208474
t243	TRUE	8.080809051756376
t243	TRUE	1.1001934082128884
t249	FALSE	5.1380879942448985
t249	FALSE	1.9059725801647431
t261	TRUE	2.9702474207699936
t296	TRUE	9.660479155928975
t364	FALSE	7.483801319432999
t364	FALSE	6.493332450447227
t375	TRUE	2.838304396130823
t382	TRUE	1.624325862921367
t425	TRUE	6.709393593533605
t431	TRUE	2.785483092460396
t442	TRUE	6.808112538398589
t475	FALSE	1.6713500346650392
t508	TRUE	0.010004647626658425
