Species	Extant	SampT
t2	FALSE	21.333467421548946
t4	TRUE	33.97714200579014
t6	TRUE	10.864500219948589
t16	FALSE	27.639217513035323
t23	TRUE	14.257213671138565
t25	TRUE	0.9755144549015782
t26	TRUE	17.602359058308764
t27	TRUE	7.226166624734866
t34	TRUE	11.144451405583276
t38	FALSE	17.937377288581168
t39	TRUE	4.177572247457476
t41	TRUE	6.425587149018959
t41	TRUE	0.435414519702519
t47	TRUE	1.3601706443853132
t52	TRUE	4.390341264634927
t53	TRUE	9.785239759388311
t54	TRUE	3.900076598676705
t54	TRUE	1.9148155681815382
t68	FALSE	26.166479042696587
t72	TRUE	4.777750752203168
t89	TRUE	1.5575314864047058
t124	TRUE	6.011402338167777
t138	FALSE	14.441082631707161
t141	FALSE	12.41870645695559
t141	FALSE	7.948935373770809
t142	TRUE	12.295632264806002
t166	TRUE	1.790821021160376
t169	TRUE	10.38612083478261
t175	TRUE	9.170084651348049
t183	FALSE	13.308126661590173
t212	TRUE	13.4784565346988
t215	TRUE	6.842731262088172
t218	FALSE	3.4457311675168327
t230	TRUE	11.268513036855445
t243	TRUE	5.3246837381938406
t246	TRUE	6.211344521549584
t268	TRUE	3.052582773121827
t279	TRUE	4.324515455307797
t282	TRUE	2.716506187676387
t291	TRUE	10.495830983199923
t411	TRUE	2.856574719187968
t421	TRUE	1.6423075419961108
t433	TRUE	5.804791626501618
t479	TRUE	1.0727279355718835
t524	TRUE	1.8327280990443242
t615	TRUE	0.9178922077349441
