Species	Extant	SampT
t3	TRUE	30.967604622814264
t12	TRUE	2.060026966820601
t14	TRUE	32.128200547864274
t21	FALSE	16.401562511567583
t21	FALSE	15.221088934652009
t25	FALSE	16.06064950547931
t34	TRUE	10.143261917433911
t43	FALSE	19.040718731688145
t55	FALSE	16.70412003682936
t56	FALSE	21.46665673129555
t67	TRUE	9.30284256603042
t69	FALSE	18.60081335980402
t69	FALSE	18.251475053689944
t70	TRUE	8.858621074489179
t74	TRUE	13.330719654190126
t84	FALSE	12.172282630495175
t90	TRUE	4.796595611847771
t91	TRUE	3.8295098686185227
t92	FALSE	8.79921985690887
t97	TRUE	4.930352281117074
t113	TRUE	1.5967973832756712
t122	FALSE	4.237041076088552
t136	TRUE	2.9764379464598107
t138	TRUE	4.599561079313311
t151	TRUE	7.850001212309422
t156	TRUE	10.872731286856066
t156	TRUE	0.41147393529368514
t185	TRUE	4.214907161175908
t190	TRUE	6.032344214893229
t219	TRUE	4.915114958022194
t221	TRUE	12.55474296870127
t222	TRUE	5.016316009524843
t228	TRUE	6.370019694071729
t272	TRUE	0.16900636918404643
t320	TRUE	1.6253367139765516
t344	FALSE	5.41462105581077
t366	TRUE	3.769947726886855
t369	TRUE	4.565544218736719
t449	TRUE	3.08843586165856
t450	TRUE	1.2518732581874374
t488	TRUE	1.8256710101881453
t538	FALSE	1.493123937755449
