Species	Extant	SampT
t1	FALSE	65.27653044767709
t3	FALSE	46.58226214253569
t9	FALSE	28.850902466676004
t10	FALSE	49.04027635071574
t18	FALSE	43.40334277105714
t21	TRUE	23.89084371348973
t27	FALSE	15.694548528475664
t28	TRUE	8.664666794302526
t33	FALSE	47.44234108023613
t36	TRUE	27.697409021562322
t37	FALSE	35.58789298945671
t41	FALSE	33.09480316519296
t42	TRUE	13.083147433131089
t42	TRUE	5.958509152744625
t46	FALSE	19.898805151072644
t49	FALSE	28.054120713953715
t58	TRUE	9.615870884884764
t59	TRUE	9.763470719517855
t79	FALSE	16.268383438631886
t82	TRUE	5.842302401189777
t100	TRUE	22.3917453419116
t103	TRUE	14.416190155589838
t109	TRUE	8.992602425127771
t110	FALSE	15.314172277577597
t112	TRUE	6.440770436244357
t115	TRUE	1.1419675035980106
t127	TRUE	10.383296208454993
t128	TRUE	26.916571900935836
t142	FALSE	9.150988061876298
t154	FALSE	5.233331759463923
t154	FALSE	3.5629341742060348
t159	TRUE	0.29584549145006633
t162	FALSE	22.696079884629512
t179	TRUE	3.2991310928897803
t237	TRUE	11.50995954024706
t239	TRUE	4.992271836144511
t244	TRUE	11.969250376258266
t250	FALSE	11.780290076053788
t272	FALSE	9.394205801934149
t275	TRUE	0.13436326028713097
t285	TRUE	10.418435315459945
t285	TRUE	9.585142955145706
t290	TRUE	3.7755228015752635
t343	TRUE	8.430605890786786
t343	TRUE	1.1724092965932016
t353	TRUE	1.5561623486135545
t378	TRUE	1.6945973060041126
t395	TRUE	3.6190807247413517
t434	TRUE	9.503299815724873
t465	TRUE	0.23194361637744976
t492	TRUE	3.037090931987805
t496	TRUE	0.9744231813417912
t589	FALSE	3.381292991304832
t605	TRUE	3.862853299289199
t610	TRUE	3.3826162966204834
t613	TRUE	2.7018522236843694
