Species	Extant	SampT
t1	FALSE	61.318893653716174
t1	FALSE	12.653340601737824
t1	FALSE	7.460492912124124
t5	FALSE	39.693503674000745
t5	FALSE	39.42790626163805
t5	FALSE	27.254954106986766
t27	TRUE	3.6939490203700416
t30	TRUE	20.106993984607215
t33	TRUE	5.456265136966039
t34	TRUE	0.677124572247493
t44	TRUE	5.18339111606722
t49	TRUE	16.81572393293824
t52	TRUE	36.161745064760154
t59	TRUE	6.938632791426954
t62	TRUE	13.618334489098011
t66	TRUE	2.493289047720438
t69	TRUE	25.78145884826835
t78	TRUE	2.7246240362845384
t81	FALSE	30.011855832938522
t84	TRUE	9.283840829688323
t96	TRUE	5.885011527649212
t101	TRUE	23.03646378056429
t102	TRUE	25.690518018479786
t105	TRUE	1.1087217112498706
t109	TRUE	8.692696569069597
t112	TRUE	18.425015856921192
t143	TRUE	21.503791335681946
t146	TRUE	8.01460993593387
t149	TRUE	2.0538590279273023
t150	TRUE	0.7425534283557624
t171	FALSE	6.233670683100392
t172	TRUE	9.286616667491032
t173	TRUE	3.60697798880949
t178	FALSE	8.74787933979804
t190	TRUE	10.824107381694624
t199	TRUE	2.6982344344466185
t206	TRUE	4.470179942194804
t244	TRUE	4.102068117328628
t265	TRUE	1.4649331177738105
t276	FALSE	7.078614879548958
t281	TRUE	10.249587896942302
t292	TRUE	5.8224690022388685
t330	FALSE	6.7642280388559115
t341	TRUE	3.6185465113057518
t349	TRUE	1.513858873719414
t363	TRUE	5.520191729561141
t392	FALSE	9.00429700087313
t404	TRUE	4.0594609213095225
t405	TRUE	2.557052078632168
t415	TRUE	2.5664433837501264
t479	TRUE	3.612649103263834
t487	TRUE	2.05882984984396
t502	TRUE	1.849380276847441
t595	TRUE	0.4688731933683812
