Species	Extant	SampT
t2	TRUE	89.70257531155464
t2	TRUE	14.279211459913185
t3	FALSE	72.39430083513241
t13	FALSE	21.70802290619956
t15	TRUE	60.28910171814834
t15	TRUE	19.738389268672222
t15	TRUE	11.136022037794817
t25	FALSE	48.221482275991654
t33	TRUE	43.44282511594497
t33	TRUE	36.305870928497185
t33	TRUE	28.265869745619952
t35	TRUE	10.37036005152531
t48	TRUE	13.033351977727506
t50	TRUE	6.601691630525465
t62	TRUE	24.45750522961849
t62	TRUE	6.5094658413344035
t63	FALSE	35.0839843518426
t64	TRUE	16.01068656085316
t68	TRUE	3.062037087546429
t77	TRUE	9.307066694843073
t80	TRUE	19.38097509888071
t88	FALSE	26.134207189882247
t88	FALSE	18.087915840426533
t88	FALSE	9.225779862010924
t102	TRUE	8.493032877764463
t102	TRUE	8.412073477538314
t114	TRUE	4.716404741007949
t126	TRUE	3.759367002268135
t131	TRUE	0.17407238309237982
t133	TRUE	1.5054292885217961
t142	TRUE	1.4716199547033
t145	TRUE	8.547285316316277
t162	TRUE	20.611616256408368
t179	TRUE	5.441992556451936
t182	TRUE	1.6018794566163734
t182	TRUE	1.3936815535837042
t187	TRUE	8.409114155801973
t192	TRUE	6.1831565162969895
t202	TRUE	5.5730823529603555
t226	TRUE	7.864300829566631
t226	TRUE	7.485746142662677
t226	TRUE	4.390444250054273
t228	TRUE	4.492134885421095
t235	TRUE	13.54056235022938
t255	TRUE	2.3897408142510415
t257	FALSE	11.712125044979885
t258	TRUE	18.4615822258137
t265	TRUE	4.4332149774378
t266	TRUE	5.767119845603503
t273	FALSE	9.640450537563254
t274	TRUE	5.798707414363591
t290	TRUE	7.757534020236108
t290	TRUE	0.2374126376867025
t291	TRUE	1.1361838124473138
t297	TRUE	3.5833297213406468
t314	TRUE	4.435370408433286
t322	FALSE	7.565715284392809
t336	FALSE	19.197132766068222
t341	TRUE	3.6280535150238933
t365	TRUE	6.286603698369262
t373	TRUE	0.06502847313220173
t385	FALSE	4.119129924390734
t386	TRUE	3.346399426345812
t401	TRUE	1.3066450087183767
t419	TRUE	9.260540652518202
t421	TRUE	6.810618285981079
t421	TRUE	2.3667740903843395
t482	TRUE	8.27393929681574
t503	FALSE	9.095516001946862
t562	TRUE	2.3749462751190435
t582	TRUE	0.6303234008800587
t583	TRUE	2.7953310669723663
t586	FALSE	2.43614070804189
t591	TRUE	2.384088411836302
t653	TRUE	0.6936825212239626
