Species	Extant	SampT
t4	TRUE	57.67000923714031
t4	TRUE	18.707335748135947
t5	FALSE	41.508693205266155
t8	FALSE	57.416580887244656
t11	TRUE	23.586485925841927
t12	FALSE	11.595010512396925
t22	FALSE	18.30261792782599
t24	FALSE	28.931297316763562
t30	FALSE	40.040509171267665
t32	FALSE	25.001752404849867
t57	FALSE	13.90442847948242
t62	TRUE	31.472728219292392
t62	TRUE	12.805666073685785
t62	TRUE	6.4951232034778315
t67	FALSE	15.891591505340742
t71	TRUE	6.625099204715937
t84	TRUE	18.407890934327938
t88	TRUE	30.2389093745398
t93	TRUE	13.415444578601438
t95	TRUE	7.823592359774267
t110	FALSE	18.974510012678707
t114	FALSE	11.336411999292395
t115	TRUE	3.0736934194651724
t116	TRUE	0.522064496132927
t118	TRUE	4.1344534036321505
t126	TRUE	25.199665122059628
t129	TRUE	25.670975726473117
t137	FALSE	15.98320103681965
t140	TRUE	3.0789598507991656
t147	TRUE	9.297565486188006
t158	TRUE	25.186751393956726
t163	TRUE	7.497204925188683
t164	TRUE	26.49720050889701
t172	FALSE	23.276129248981576
t202	TRUE	7.530519538513957
t202	TRUE	0.6181630631458148
t203	FALSE	15.305125178685415
t204	TRUE	12.565898948980944
t204	TRUE	1.91649762602826
t205	TRUE	0.4173108581821907
t206	FALSE	18.8363010655672
t207	TRUE	3.913337213669024
t213	FALSE	17.08006960527692
t220	TRUE	2.2993650113773185
t221	FALSE	21.081361710782488
t230	FALSE	8.679944466718354
t231	FALSE	15.612712989453911
t239	TRUE	3.6079156421305214
t269	TRUE	15.30258351342755
t280	TRUE	5.17849036744353
t301	TRUE	7.117335327666368
t308	TRUE	6.938495748628881
t311	TRUE	19.342664157561615
t318	FALSE	17.070845469690795
t326	FALSE	1.4232325831202957
t341	TRUE	5.9384814559529815
t349	TRUE	3.1431043792187836
t352	TRUE	9.611263145617386
t352	TRUE	7.643059660605331
t368	TRUE	0.787894539183398
t370	TRUE	6.076621708090755
t456	TRUE	3.3078655903189826
t474	TRUE	4.718322923794602
t498	TRUE	4.888168015393177
t508	TRUE	0.6881235681498907
t522	FALSE	4.708786889291403
t566	FALSE	3.945020307859494
