Species	Extant	SampT
t3	FALSE	55.559988705993234
t13	TRUE	18.584744812033875
t15	TRUE	24.94094844153244
t17	TRUE	27.784520648171224
t25	TRUE	1.6139154123619903
t27	TRUE	10.086521996517916
t37	FALSE	16.22701055806273
t45	TRUE	10.426297138359743
t45	TRUE	7.649016037680312
t46	TRUE	14.52094959304408
t47	TRUE	19.67058895980685
t47	TRUE	19.30453387151138
t49	TRUE	16.989964718229317
t66	TRUE	24.20416138574589
t72	TRUE	16.26918978698393
t73	TRUE	19.36232162940763
t74	FALSE	12.578293140395232
t83	TRUE	16.972340221967343
t96	TRUE	8.295417574323181
t108	TRUE	8.198824099838404
t120	TRUE	10.323839374248337
t127	FALSE	19.5131081211845
t134	TRUE	12.118642122585186
t160	TRUE	3.304110076976201
t163	TRUE	9.155450604493979
t185	FALSE	11.514541647604645
t192	TRUE	10.102310174070581
t203	TRUE	6.408488070704578
t217	FALSE	7.28172456101376
t225	TRUE	3.9807309250353313
t232	FALSE	6.593533035633385
t237	TRUE	0.835994202197142
t247	FALSE	4.242620783163247
t280	TRUE	1.2981210319469767
t288	TRUE	12.183592915212415
t288	TRUE	10.637896209632657
t309	TRUE	9.29791804943953
t311	FALSE	4.457588228881946
t316	TRUE	11.473990761359175
t320	TRUE	1.5696260313900154
t366	TRUE	7.097151278804091
t412	TRUE	1.2000863865988123
t488	TRUE	0.6886998737715828
