Species	Extant	SampT
t5	FALSE	73.46072900657836
t8	FALSE	54.87859511412785
t11	FALSE	47.64202156173512
t12	FALSE	60.00624182927373
t12	FALSE	31.349093749327096
t14	FALSE	44.40251453482307
t15	FALSE	57.503238667186366
t15	FALSE	26.8352015287537
t26	FALSE	63.99037510427081
t26	FALSE	53.925519141279096
t30	TRUE	48.44869291377873
t31	FALSE	52.15258137376482
t41	FALSE	26.951373529642936
t50	FALSE	18.91818024400864
t56	TRUE	0.030745914564150212
t60	TRUE	3.9697919771682137
t64	FALSE	35.84447279349324
t67	TRUE	20.995294197805492
t69	TRUE	24.704134694855327
t88	TRUE	7.351758431064837
t90	FALSE	26.72744295380832
t91	FALSE	19.690072953227087
t95	FALSE	49.649711734654474
t109	FALSE	21.64694132361234
t114	FALSE	4.809964720676859
t118	TRUE	3.725440298901532
t122	TRUE	12.986152918334511
t132	FALSE	32.182883272451264
t139	FALSE	30.12505313698105
t147	TRUE	1.6187120802554489
t164	TRUE	24.256487798296575
t164	TRUE	8.639318311937814
t176	FALSE	12.509141797966677
t187	TRUE	6.565292802414376
t204	FALSE	22.58940995716604
t215	FALSE	17.814825233251966
t218	TRUE	8.554472004702333
t222	TRUE	15.34335814437938
t222	TRUE	14.246943788818243
t228	TRUE	12.096232410034844
t242	TRUE	21.733876593457566
t244	FALSE	10.822872754119572
t280	FALSE	3.492103130806157
t303	TRUE	5.942884099579587
t303	TRUE	3.0458267898328444
t322	TRUE	9.484381191000935
t369	TRUE	1.4814351542840996
t373	TRUE	4.129658975635621
t403	TRUE	3.141438158635424
t442	TRUE	9.999805372269094
t454	TRUE	5.253795686936755
t487	TRUE	3.63262447538402
t506	TRUE	1.0824798686216326
t508	TRUE	3.3531629523729265
t584	TRUE	3.1359176707620122
t594	TRUE	2.0574307474715567
t605	TRUE	0.9173810388117403
t610	TRUE	0.4426471983195057
t682	TRUE	0.5937663348164506
