Species	Extant	SampT
t2	FALSE	32.383091142401774
t4	FALSE	16.766167714108462
t8	TRUE	10.066231929742614
t9	TRUE	3.2069528248175203
t10	TRUE	8.718867856647421
t21	TRUE	2.3185473016970803
t23	TRUE	31.669623674897764
t24	FALSE	30.498311408127858
t41	TRUE	1.2536482748637354
t56	TRUE	14.588462880420295
t86	TRUE	5.3953673309171535
t96	TRUE	6.44130980808017
t102	TRUE	1.0231836135459886
t113	TRUE	14.703962035290779
t131	TRUE	6.344654486213635
t139	FALSE	16.12774104022506
t154	TRUE	2.1357653215706165
t161	TRUE	0.7734872628387279
t180	TRUE	8.149891278533353
t240	TRUE	10.46217541666173
t247	TRUE	7.935696608542983
t268	FALSE	8.667019390792866
t278	TRUE	4.669487362702881
t284	TRUE	2.72275344313109
t287	TRUE	1.193419348807872
t288	FALSE	5.44415156685087
t291	TRUE	2.9549118151355316
t354	TRUE	4.988124911002572
t379	FALSE	3.306365762770291
t390	TRUE	1.6558140780882127
t486	TRUE	1.2518273017738935
