Species	Extant	SampT
t3	FALSE	79.21338787938305
t7	FALSE	81.54450597473445
t7	FALSE	73.51653730527076
t45	TRUE	3.1659462783624264
t47	TRUE	18.702111248171164
t54	TRUE	45.79746682883318
t56	FALSE	35.410579795177725
t57	TRUE	1.7930054893302554
t60	TRUE	18.26950765181411
t62	TRUE	20.657804987749046
t76	FALSE	21.07018541043017
t76	FALSE	13.303541172867156
t79	TRUE	18.527103956824703
t82	TRUE	6.614491504076625
t85	TRUE	24.85751492290963
t94	TRUE	2.4777890992758387
t107	TRUE	14.83234102482595
t111	FALSE	23.471329941459103
t120	FALSE	20.939862287710852
t128	TRUE	8.893170502144514
t134	TRUE	17.377887854806787
t139	TRUE	0.5419502713015021
t148	TRUE	18.48252521282022
t167	FALSE	18.278970502341664
t172	FALSE	8.11725889090171
t180	FALSE	14.408705251704163
t184	TRUE	9.834541005366034
t197	TRUE	1.8394679169918646
t200	FALSE	15.508255040856852
t210	TRUE	8.762088582293245
t211	TRUE	3.1982793953858675
t222	FALSE	13.661805615875963
t236	TRUE	8.418810557209298
t239	TRUE	1.4374911779840005
t259	TRUE	1.2428985007646105
t270	TRUE	2.8334892901969795
t271	TRUE	12.056065804136296
t297	TRUE	0.6961248477170301
t376	TRUE	8.08208539853959
t418	TRUE	6.849873273817806
t431	TRUE	7.664401433072655
t434	TRUE	6.475856441763668
t446	FALSE	7.4260202911044075
t504	TRUE	5.7292044457360305
t525	TRUE	4.255183012436959
t562	TRUE	0.7647850025193179
t597	TRUE	1.2550604293105891
t659	TRUE	1.634381981585193
