Species	Extant	SampT
t6	TRUE	11.284865977144982
t15	FALSE	9.725114224442287
t15	FALSE	3.542593288774192
t19	TRUE	2.2664519333375637
t20	FALSE	18.673703348992618
t21	FALSE	14.089766866156992
t28	TRUE	0.18186508809039736
t33	FALSE	8.38028439046419
t38	TRUE	5.332616321138147
t47	TRUE	10.041910692338476
t58	TRUE	21.77858770478194
t59	TRUE	20.938713159019542
t79	TRUE	17.863507014111953
t91	TRUE	9.580826707888853
t93	TRUE	11.40937950571761
t123	FALSE	14.474548607575628
t127	TRUE	10.82146868415932
t139	FALSE	8.45961843850666
t145	FALSE	11.131950902650928
t176	TRUE	13.494636742938063
t267	TRUE	2.5011568443957444
t272	TRUE	7.486250919267967
t272	TRUE	7.123072461203172
t305	TRUE	5.500397867152508
t313	TRUE	3.462037254628534
t316	FALSE	3.97411484093233
t333	TRUE	6.004046952509476
t334	TRUE	1.976224183214832
t336	TRUE	5.364869984891641
t408	FALSE	2.3592223431426405
t452	TRUE	2.9029325228487863
t472	TRUE	0.556738221531198
t487	TRUE	1.406117903047182
t495	TRUE	2.898879941641404
t503	TRUE	0.9355450052632932
t537	TRUE	2.335881174346355
t545	TRUE	3.3363331662172016
t579	TRUE	0.4767942157859366
t613	TRUE	1.0227829712662881
