Species	Extant	SampT
t3	TRUE	35.864588078833165
t6	TRUE	16.905749783277813
t14	TRUE	23.557978086891566
t29	FALSE	7.394687206205859
t30	TRUE	0.9214292405143709
t39	TRUE	8.243634136673094
t43	FALSE	6.952026578824359
t59	TRUE	3.203408753465567
t83	TRUE	6.691065336299076
t98	TRUE	3.002234036643074
t111	TRUE	1.7372076060244694
