Species	Extant	SampT
t8	TRUE	5.450948667907156
t14	TRUE	18.02022570946029
t18	FALSE	29.043959611490777
t27	TRUE	13.271305138583358
t28	FALSE	19.755575922794762
t29	TRUE	21.213351494039472
t33	TRUE	4.324067734839133
t42	TRUE	16.094490595714994
t42	TRUE	11.798853095636254
t70	TRUE	2.654890487155363
t77	FALSE	10.596451002191706
t77	FALSE	10.573894175055095
t88	TRUE	2.3637097149896107
