Species	Extant	SampT
t2	TRUE	6.549823447783481
t13	TRUE	24.905944094324198
t14	FALSE	16.13951811359921
t33	FALSE	11.899167646823699
t54	FALSE	17.556795571432033
t54	FALSE	10.227801278666178
t68	TRUE	17.012070387535985
t83	TRUE	13.313627197597611
t84	TRUE	7.007639148462999
t88	TRUE	7.933863260674286
t92	TRUE	14.352881334195999
t110	FALSE	7.775017423891725
