Species	Extant	SampT
t2	TRUE	53.17123961319058
t2	TRUE	52.917614757428865
t6	FALSE	27.682220531533353
t11	FALSE	19.49125735316146
t18	TRUE	15.21100607870546
t24	TRUE	23.07810543768405
t29	FALSE	26.356003677798938
t32	TRUE	30.720535024209312
t32	TRUE	22.22282594176977
t62	FALSE	17.426217965600202
t81	TRUE	14.746450851609765
t99	TRUE	3.7333865908546215
t101	TRUE	7.788185632840182
t101	TRUE	1.6294949559243577
t106	FALSE	8.39576687191969
t119	TRUE	4.936100522859121
t134	TRUE	1.05867158506922
