Species	Extant	SampT
t3	FALSE	10.880892593777467
t3	FALSE	7.020538957279179
t11	TRUE	17.35845847557365
t22	TRUE	12.64230475373732
t25	TRUE	18.136102160281556
t37	TRUE	13.282570685346563
t50	TRUE	2.5378288232607815
t52	TRUE	2.8846312942119354
t67	TRUE	13.65282552884361
t74	TRUE	0.7800352408482993
t102	TRUE	7.122834893335252
t123	TRUE	0.21795348953541804
