Species	Extant	SampT
t1	TRUE	50.082298160280374
t4	TRUE	31.75735414236197
t6	TRUE	4.685946499678096
t9	TRUE	7.986390555915207
t10	TRUE	4.895912048601488
t22	TRUE	11.891588478475654
t25	TRUE	24.455774307913074
t25	TRUE	5.057695193878303
t37	TRUE	7.81030347112295
t43	TRUE	5.078255424290276
t45	TRUE	15.190325956350748
t69	FALSE	15.71325141542924
t95	TRUE	9.415612581848094
t108	TRUE	1.8694691204093772
t114	FALSE	6.651535408533277
t122	TRUE	1.6390198172647388
