Species	Extant	SampT
t1	TRUE	2.480574192383912
t5	TRUE	27.65493069579604
t6	TRUE	7.824279971745511
t22	TRUE	5.877354971739621
t25	TRUE	12.2338046346769
t26	TRUE	11.68210012917223
