Species	Extant	SampT
t3	FALSE	40.18043962959119
t5	TRUE	17.094958395315473
t9	TRUE	2.703211672672694
t12	TRUE	14.784102870406244
t78	TRUE	5.266208387856793
t90	TRUE	1.2263549965755232
t100	TRUE	6.487717704931768
