Species	Extant	SampT
t3	FALSE	45.14189972483372
t5	FALSE	39.84232540383998
t6	FALSE	38.13191277429843
t10	FALSE	20.233278366477172
t11	FALSE	26.234527538538657
t44	TRUE	4.659843705973707
t64	TRUE	13.892137909320219
t79	TRUE	3.047205506862227
t109	TRUE	2.5290417570079597
