Species	Extant	SampT
t4	FALSE	37.24415527485411
t11	TRUE	27.471458645596364
t11	TRUE	8.326390253217156
t22	FALSE	34.45225451135454
t24	TRUE	2.1048419314529383
t29	TRUE	1.8064070760208892
t38	FALSE	26.014033219372998
t46	TRUE	21.039490071915907
t46	TRUE	1.2613632677578153
t60	TRUE	11.419803075278175
t64	TRUE	1.0137087038881916
t72	TRUE	1.4567962137702821
t82	TRUE	3.945726644764136
t112	TRUE	2.001006865543232
t116	TRUE	10.558114427329414
t130	TRUE	4.060041155441041
