Species	Extant	SampT
t3	FALSE	43.138708417941814
t29	TRUE	23.22002475443037
t29	TRUE	13.239034296150521
t30	TRUE	22.5033452437699
t35	TRUE	0.44498154777235754
t39	TRUE	8.097491756679148
t42	TRUE	27.33628565814803
t51	TRUE	0.3801181604347903
t63	TRUE	3.8756896541548826
t110	TRUE	3.534736886552267
