Species	Extant	SampT
t1	FALSE	69.70500552034947
t2	FALSE	67.58192375010013
t7	FALSE	67.28042412902221
t10	FALSE	29.502991586399823
t16	FALSE	66.25364845505908
t20	TRUE	41.850184737838404
t26	FALSE	59.593562576109555
t26	FALSE	38.005032696882274
t34	FALSE	22.291189908092562
t34	FALSE	22.020270115769023
t39	FALSE	30.08112644422154
t40	TRUE	30.889439612315222
t47	FALSE	33.347965284121415
t49	FALSE	44.159387442507764
t50	FALSE	32.455577691355714
t53	FALSE	46.00942104638524
t64	TRUE	48.95624400641683
t64	TRUE	21.998165813869875
t64	TRUE	9.017500546148625
t83	FALSE	17.040581443300724
t83	FALSE	7.9093520072757
t87	FALSE	11.943263529414025
t94	FALSE	9.00195635743836
t97	FALSE	9.581096851957085
t110	TRUE	2.737680090645739
t115	TRUE	31.518221210644057
t119	FALSE	4.596995594151679
t123	TRUE	5.687667016475814
t128	TRUE	13.369794656419714
t129	FALSE	26.578776623019536
t129	FALSE	26.031883099013527
t144	FALSE	15.38842168372291
t162	TRUE	10.460629651431248
t165	FALSE	25.818020942668667
t171	TRUE	24.99410920254509
t183	TRUE	20.393137141252993
t183	TRUE	18.480450260575054
t189	FALSE	15.97856574987047
t191	TRUE	0.6650035851092326
t217	FALSE	27.1568672561868
t223	TRUE	4.352221331971563
t233	TRUE	4.748627871118643
t233	TRUE	0.5482557246761104
t259	FALSE	7.865518329035197
t259	FALSE	4.278873835991774
t265	TRUE	8.483500456160854
t268	TRUE	0.3860784819835743
t269	TRUE	7.072216354284436
t273	TRUE	1.7706762353005132
t295	TRUE	0.7891199366867312
t299	TRUE	8.92163707609761
t301	TRUE	2.676703173642764
t303	TRUE	24.961091292837466
t313	TRUE	10.28155393211523
t315	TRUE	19.418539135085027
t316	TRUE	20.60052485784972
t316	TRUE	10.10603973290408
t348	FALSE	13.217429041224662
t360	TRUE	17.45473404270801
t366	TRUE	7.014784051085911
t366	TRUE	3.6624892819478134
t374	FALSE	11.101554776781015
t376	TRUE	14.3026499756011
t376	TRUE	10.9969620846245
t383	TRUE	8.737950218637849
t388	TRUE	7.143826706989003
t404	TRUE	3.816860911983653
t415	FALSE	14.617597859691656
t424	FALSE	11.394025812384498
t431	TRUE	8.553722197814665
t457	TRUE	4.500388377767791
t467	TRUE	1.9414566080368303
t518	FALSE	4.739053895823474
t546	TRUE	6.684140761526436
t549	TRUE	8.112661826624773
t550	FALSE	7.803684894195996
t595	FALSE	10.428419306849847
t616	TRUE	1.3834172964348141
t625	TRUE	4.936718503551063
t632	TRUE	5.959782761125382
t632	TRUE	2.3283279491752893
t651	TRUE	1.7437669257429462
t669	TRUE	3.395845582945597
t698	TRUE	5.481509325301246
t747	TRUE	3.3336504585301014
