Species	Extant	SampT
t2	FALSE	86.32875180002175
t13	TRUE	45.48908960252534
t17	FALSE	38.78949634118551
t21	TRUE	46.06136684526322
t22	FALSE	37.41929801693713
t31	FALSE	64.98863458131473
t34	TRUE	14.46771894543032
t34	TRUE	13.637101351828974
t35	FALSE	36.571227757321545
t49	FALSE	21.36032321237265
t52	FALSE	30.320445935491662
t54	TRUE	23.20535442293368
t57	TRUE	47.61414735394094
t57	TRUE	2.54898547800353
t61	TRUE	22.68133566311964
t69	TRUE	17.65833353213607
t87	TRUE	0.294033336682773
t95	TRUE	12.862475881716861
t101	FALSE	24.392967973318065
t108	FALSE	28.218747216159663
t109	TRUE	3.4727170246645187
t111	FALSE	22.886864629813914
t122	TRUE	11.91008817832521
t122	TRUE	10.824036602485691
t125	TRUE	13.917177013480753
t131	TRUE	0.7502572643668799
t137	TRUE	26.308604179205282
t209	TRUE	20.46032722048939
t211	FALSE	12.055006502517003
t224	TRUE	14.113004655082335
t231	TRUE	8.878500303559775
t242	FALSE	11.383967901907027
t245	FALSE	19.208070952784354
t247	TRUE	12.240177502910782
t271	TRUE	2.7888243862188062
t318	TRUE	2.8190254437956384
t349	TRUE	2.6578414220525275
t354	TRUE	9.216702555957653
t369	TRUE	5.353337808688508
t390	TRUE	1.609346408353261
t395	TRUE	1.4108507888973918
t410	TRUE	5.223160708015939
t430	TRUE	6.769614904534066
t430	TRUE	2.2381504282872697
t458	TRUE	4.426435529767531
t470	TRUE	0.10873191325130449
t497	TRUE	5.9684675179696995
t509	TRUE	4.5944334730852745
t546	TRUE	0.7339686956601525
t557	FALSE	4.1972614286810455
t593	TRUE	0.6828216007516374
t662	TRUE	0.5055594388303035
t669	TRUE	0.9479712968598761
