Species	Extant	SampT
t6	FALSE	56.00423066250427
t10	TRUE	2.279609603971437
t37	TRUE	7.658306056620617
t42	FALSE	21.92738510632961
t48	FALSE	43.50908338439197
t52	FALSE	27.76338982277096
t56	FALSE	37.23335041845418
t67	TRUE	17.837375643610756
t68	FALSE	36.59214700357872
t74	FALSE	21.39117487421619
t76	FALSE	32.00847234843499
t77	TRUE	7.348249348975912
t78	FALSE	18.886170409363814
t91	FALSE	24.51609905773236
t96	TRUE	9.466475896067578
t102	FALSE	35.084034134435434
t104	FALSE	26.387974694833154
t106	TRUE	14.444406411660111
t110	TRUE	6.283228973833147
t114	TRUE	6.762985864612617
t126	TRUE	8.365969393874707
t131	TRUE	3.39085240882234
t169	FALSE	19.036259812482584
t177	TRUE	19.214725930968015
t178	FALSE	16.17582907786378
t179	FALSE	25.410891462904154
t182	TRUE	7.278980904249451
t186	TRUE	3.972387915985024
t192	TRUE	11.6948229486013
t199	TRUE	20.513014580343153
t212	FALSE	12.776273313267154
t238	TRUE	11.662521539264887
t243	TRUE	20.875299090756002
t246	TRUE	3.9172489208321224
t250	TRUE	17.419441342884667
t252	TRUE	9.346370314636445
t253	TRUE	7.199772302544304
t317	FALSE	6.956090279753127
t330	FALSE	14.414792882748216
t349	FALSE	16.368832868848756
t372	TRUE	2.814723771901839
t386	TRUE	6.772242984724116
t389	TRUE	4.034323247615404
t389	TRUE	3.955062527675338
t393	TRUE	6.930014414948502
t396	TRUE	2.4042325801973874
t401	TRUE	10.34222651093738
t404	TRUE	2.268080118620688
t424	FALSE	12.995539759839659
t432	FALSE	11.545829665249514
t433	TRUE	12.914172927795718
t435	TRUE	7.5425834955008355
t436	TRUE	5.959672643925401
t451	TRUE	0.13160486205819666
t461	TRUE	15.89445596123187
t462	FALSE	11.75861870908416
t469	TRUE	3.94476793831177
t484	TRUE	5.426170899486976
t514	TRUE	9.518894249907063
t519	TRUE	3.588377058021436
t562	TRUE	0.775641961530269
t565	TRUE	0.20825881775867572
t607	TRUE	9.035104243141717
t609	TRUE	1.9327389152700505
t616	FALSE	2.922514280941229
t657	TRUE	1.2951895168988017
t675	TRUE	0.15473849987715482
