Species	Extant	SampT
t2	FALSE	95.76002620180883
t2	FALSE	81.04437943568267
t2	FALSE	69.33129252667186
t3	FALSE	65.74472152327517
t26	FALSE	60.28885215533714
t28	FALSE	34.77834536364061
t35	FALSE	23.45289558561464
t40	TRUE	21.092758124969464
t45	FALSE	59.88504106620026
t50	FALSE	30.506916577545084
t50	FALSE	16.70805593076078
t74	TRUE	20.887398585016072
t84	TRUE	3.168435482337145
t94	TRUE	25.812637067445166
t105	TRUE	21.378884268819377
t106	FALSE	37.26619132783918
t116	TRUE	7.814455189850392
t123	TRUE	13.320838853045345
t140	TRUE	3.3538756845718183
t140	TRUE	2.175045742397529
t143	TRUE	22.401830492944114
t150	FALSE	29.57492282237301
t151	TRUE	22.25360473641166
t151	TRUE	21.936239432776063
t154	TRUE	28.98968679433804
t167	FALSE	34.152304005854376
t186	FALSE	30.598374096203017
t200	TRUE	11.594755340679129
t202	FALSE	11.991260101398964
t212	TRUE	20.543209292226337
t228	TRUE	11.06976363431599
t230	FALSE	30.789607364550776
t240	TRUE	21.768320485248324
t248	TRUE	20.451057624496286
t250	TRUE	23.93713480215621
t258	TRUE	5.627821523230196
t267	TRUE	6.7316209015963295
t274	TRUE	26.255272459155123
t274	TRUE	20.642718912129226
t278	TRUE	6.557059972925288
t285	TRUE	7.1159130924663
t285	TRUE	5.237666101502484
t302	TRUE	9.671193810743716
t303	FALSE	22.704469603438156
t306	FALSE	18.29925995313893
t316	FALSE	6.06533035483919
t323	FALSE	21.306994585988534
t324	FALSE	5.360564691403127
t342	FALSE	16.274973415629375
t346	TRUE	2.5760402681234496
t357	TRUE	8.65439170981415
t362	TRUE	16.06967035472593
t362	TRUE	7.042443712951751
t368	TRUE	5.254186807465615
t375	TRUE	4.636177895631832
t375	TRUE	4.5694747613317475
t378	TRUE	1.11061785131173
t395	FALSE	19.690016100069002
t437	TRUE	1.9277645215990873
t471	TRUE	12.802600572455148
t486	TRUE	8.658785753263672
t487	TRUE	16.08991096693319
t494	TRUE	5.324834997949807
t494	TRUE	5.1397739268548435
t495	TRUE	14.118081648935686
t513	FALSE	18.66507897439547
t513	FALSE	10.29496066558309
t522	TRUE	3.2457734322825758
t527	TRUE	3.540348841430003
t532	TRUE	10.277851032369682
t551	FALSE	9.067929050756277
t558	TRUE	6.997886863883764
t566	TRUE	2.218322216208506
t569	TRUE	13.378402533181543
t579	FALSE	11.718960944137677
t590	TRUE	2.274997987796027
t618	TRUE	11.783868297659467
t631	TRUE	7.38434014163964
t635	TRUE	6.141325171114175
t658	TRUE	5.1593106721527136
t712	TRUE	1.1768121656820796
t717	TRUE	3.902121165838466
