Species	Extant	SampT
t5	FALSE	41.89643655585664
t6	FALSE	37.490525075698734
t9	TRUE	20.04464711585075
t10	FALSE	27.298721112878923
t12	FALSE	49.35677258862275
t13	FALSE	30.048218369595375
t26	TRUE	20.224911362487347
t26	TRUE	6.859773889162568
t37	TRUE	12.720948854615756
t42	FALSE	60.52077663078486
t45	FALSE	58.948223846853644
t46	FALSE	55.40641244806692
t46	FALSE	42.14854353413328
t49	FALSE	19.240490489582527
t50	FALSE	22.858195986921757
t52	TRUE	26.214232493520498
t53	FALSE	11.107407396760706
t62	TRUE	44.940106773551946
t63	FALSE	35.50890748487878
t79	TRUE	20.104926598223983
t79	TRUE	16.75501489728981
t79	TRUE	7.724570458106669
t87	FALSE	13.409946591830717
t94	TRUE	3.9409793451043527
t96	TRUE	16.949721724780858
t101	TRUE	9.831962237588215
t111	TRUE	14.540501568116866
t114	FALSE	34.2276468720114
t125	FALSE	8.592322449051906
t126	TRUE	5.842259077186853
t137	FALSE	30.661067850869713
t143	TRUE	10.37972429493577
t147	FALSE	20.037511890680378
t153	TRUE	7.959959788712396
t154	FALSE	25.730222624763115
t154	FALSE	21.639901141672595
t162	FALSE	26.757481650686728
t164	TRUE	13.29147004925359
t165	TRUE	1.464308557478887
t167	TRUE	0.7618912220296181
t171	TRUE	2.852948653190552
t174	TRUE	1.658975445258406
t189	TRUE	2.7055918256896376
t190	FALSE	20.43758868937188
t191	TRUE	8.22828793092765
t193	TRUE	6.9004011363880835
t208	FALSE	12.893024065362837
t217	TRUE	1.5586309186612368
t219	FALSE	13.020233488701862
t236	FALSE	10.469496653871872
t238	FALSE	9.28830002041289
t243	TRUE	7.905105110991826
t253	TRUE	1.371329512492423
t260	TRUE	2.568397173024536
t272	TRUE	5.74347877542354
t278	TRUE	10.906003525979628
t296	TRUE	16.9303498290423
t305	TRUE	9.25823611439013
t308	FALSE	13.770803598838995
t330	TRUE	5.083042939647967
t337	TRUE	13.580436279382312
t368	TRUE	12.620412230769787
t384	TRUE	6.377754028462206
t385	FALSE	12.283126627222416
t389	TRUE	4.392478398412663
t392	TRUE	1.3983153969899433
t398	TRUE	7.623093096039796
t433	TRUE	6.8334537572107195
t440	TRUE	0.8513781388975161
t458	TRUE	1.086487482334718
t465	TRUE	2.8170953926814803
t482	TRUE	4.166710448003357
t491	FALSE	10.716658162520119
t495	TRUE	1.3664826791002866
t498	TRUE	8.467688283944597
t506	TRUE	4.2484062212541005
t509	TRUE	0.5683882396729985
t518	TRUE	1.0683424103704056
t546	TRUE	0.5883579644531807
t555	TRUE	0.9413482915722966
t576	TRUE	0.17578442111525305
t618	FALSE	4.742473639382055
t633	TRUE	0.5197477605877623
t645	TRUE	4.611635788925597
t646	TRUE	3.2801452564690834
t736	TRUE	0.010685015643190354
