Species	Extant	SampT
t1	FALSE	93.22729638410108
t1	FALSE	79.78938949013914
t5	FALSE	71.77876584436873
t16	FALSE	46.96536022384075
t17	TRUE	20.76986553758738
t25	TRUE	21.12583678514052
t39	TRUE	14.103527589101546
t46	FALSE	55.15279881697894
t46	FALSE	46.30769085393628
t47	FALSE	39.94930268801558
t48	FALSE	27.05881585945285
t54	TRUE	16.97668369797948
t66	TRUE	1.2749164525116186
t85	TRUE	12.810888681938962
t90	TRUE	42.224569130389725
t91	TRUE	13.273448297528503
t98	TRUE	46.68553992396806
t108	TRUE	6.110649904268811
t110	TRUE	17.08912745906919
t116	TRUE	31.354806302821217
t116	TRUE	27.25440558116692
t116	TRUE	1.8321347057427744
t117	FALSE	26.924274690022088
t118	TRUE	16.02833015894643
t122	FALSE	28.510743788533176
t127	TRUE	29.191623581677135
t127	TRUE	14.650900988012012
t142	FALSE	8.005495515477364
t154	TRUE	13.830452806746905
t158	FALSE	15.442905282194246
t159	TRUE	19.582188060519798
t164	FALSE	26.36432758719694
t165	TRUE	2.1592639771409523
t181	TRUE	9.594432359915174
t184	TRUE	19.01327615351481
t184	TRUE	10.3293316134165
t187	FALSE	11.068976599429988
t209	FALSE	16.786193681264322
t221	FALSE	15.514749778725971
t225	TRUE	17.64995513890767
t232	TRUE	19.951538407884343
t232	TRUE	18.54504992411279
t232	TRUE	13.397904189012877
t240	TRUE	11.668747238937343
t242	TRUE	16.07245836243368
t256	TRUE	6.561045853104517
t265	TRUE	12.326476932790698
t265	TRUE	11.619707686182679
t293	TRUE	14.49365612896679
t303	TRUE	16.30961674763438
t303	TRUE	0.5990440355109854
t305	TRUE	2.4201566448127636
t308	FALSE	3.5426595823307565
t312	FALSE	8.619307925264025
t320	TRUE	12.740115154731754
t353	TRUE	11.802340197045154
t361	TRUE	19.466666806507575
t373	TRUE	2.4589379856317066
t397	FALSE	10.604321994391597
t404	TRUE	12.34719984621259
t412	TRUE	6.895710160356714
t422	TRUE	13.712437465074785
t430	TRUE	15.823998605256037
t441	FALSE	14.142429209727851
t442	TRUE	8.785608247015944
t481	TRUE	13.332607832041461
t488	TRUE	4.049955915788985
t511	TRUE	11.286124832132202
t528	TRUE	0.24051738374160436
t535	TRUE	3.340248384761182
t574	TRUE	3.414899813314804
t578	TRUE	3.6339790844891837
t589	TRUE	7.333001265077428
t625	TRUE	0.02282422960013264
t710	TRUE	0.5647910201868882
t748	TRUE	1.8230038532043977
