Species	Extant	SampT
t8	TRUE	6.8451297476123045
t11	FALSE	45.06962053591895
t15	FALSE	42.25433002576679
t17	FALSE	33.162317315693
t32	FALSE	60.626160851763416
t39	TRUE	56.97197737747913
t39	TRUE	46.597442362626246
t47	TRUE	34.71915193945446
t52	FALSE	35.182971973486815
t54	TRUE	36.061879756150134
t65	FALSE	34.56855395562144
t68	FALSE	5.3198131371728294
t72	FALSE	27.485517529369403
t74	TRUE	13.547722630007883
t88	TRUE	14.81510966427534
t90	FALSE	36.2580093654095
t96	FALSE	44.47646620812357
t99	TRUE	7.333124338453729
t108	TRUE	28.56203872245092
t120	FALSE	17.387612353880215
t149	FALSE	20.143876870531457
t155	TRUE	18.349595983901978
t161	TRUE	17.2803887460976
t161	TRUE	1.318763272523796
t162	TRUE	1.4350513000693184
t163	TRUE	13.561165244939517
t167	TRUE	0.9152837094266317
t168	TRUE	3.5527165302553954
t175	TRUE	19.56724070752486
t186	FALSE	29.65114549928387
t198	FALSE	19.58511669077943
t202	FALSE	28.416478160804033
t203	FALSE	28.472070528229594
t214	TRUE	17.381572630964612
t221	TRUE	1.026649050641538
t236	TRUE	8.95994531809599
t246	FALSE	13.274431605721858
t262	TRUE	5.600595324400231
t263	TRUE	1.1181533607722969
t267	TRUE	13.113125849084184
t277	TRUE	19.544535139872806
t286	FALSE	17.6266999794569
t301	FALSE	17.434330769896405
t319	FALSE	18.50402797020466
t335	TRUE	11.349452937310744
t337	FALSE	15.69558617548843
t339	TRUE	7.764733500882031
t360	TRUE	3.506509032695405
t401	FALSE	17.61756274056617
t408	FALSE	8.077450876073996
t415	FALSE	11.620324098210617
t420	TRUE	12.882184047451503
t430	FALSE	14.860949436296593
t434	TRUE	6.442166039224702
t446	FALSE	7.225102653267413
t452	TRUE	15.68897720511022
t453	TRUE	5.640570606745726
t491	TRUE	9.021415742642247
t492	TRUE	7.245514483329828
t501	TRUE	7.747138521908411
t516	TRUE	0.6481527042612072
t521	TRUE	10.265186028603637
t521	TRUE	6.348169204014056
t559	TRUE	6.530473705580661
t603	TRUE	4.595820693704852
t612	TRUE	0.4664307304618376
t641	TRUE	5.225755060894713
t667	TRUE	1.5368124291920395
t727	TRUE	4.0317004910153855
