Species	Extant	SampT
t1	FALSE	84.60172357079254
t1	FALSE	74.06436265272202
t5	FALSE	52.95933704718955
t7	FALSE	33.7507092835631
t16	FALSE	51.227266012525625
t18	TRUE	42.69899273750305
t19	FALSE	28.443886797278935
t20	FALSE	44.32951797856475
t22	TRUE	40.9301414919692
t22	TRUE	35.92132049246152
t51	FALSE	40.73777752729291
t61	FALSE	37.21204110829541
t67	FALSE	23.878382361282164
t68	TRUE	31.447882295471956
t76	TRUE	13.981192404744803
t78	TRUE	12.965747183018081
t85	FALSE	27.40488620999338
t87	TRUE	4.587403840488847
t88	TRUE	16.96002615489249
t96	TRUE	4.6256222382866525
t103	FALSE	42.94099307808915
t108	FALSE	42.76404658851209
t118	TRUE	9.63262021484843
t119	TRUE	9.168448494179756
t120	TRUE	2.1337498653074505
t131	TRUE	28.52592042108941
t143	TRUE	2.430234280406765
t168	TRUE	16.598079567281218
t168	TRUE	15.149106438709111
t176	TRUE	10.55052200287679
t178	FALSE	13.338844633339036
t187	FALSE	3.3691655437027634
t194	FALSE	15.897151655628306
t196	FALSE	14.458624302040775
t209	FALSE	10.632126801390982
t210	TRUE	5.519084394536222
t210	TRUE	2.6753496137488355
t231	TRUE	1.9073654934937139
t234	FALSE	13.437699731151397
t245	TRUE	5.796268249162608
t273	TRUE	12.306306162322073
t286	TRUE	2.38192413550982
t288	TRUE	6.6177123756216645
t294	TRUE	5.3948968088729
t305	FALSE	21.179498954686835
t343	TRUE	5.233086971313654
t349	TRUE	16.461442198322615
t373	TRUE	16.764265018421625
t386	TRUE	0.585412183027259
t394	TRUE	7.892299689347524
t394	TRUE	2.5508875623295495
t395	TRUE	13.036819063562916
t401	TRUE	0.5165595652691053
t409	FALSE	7.01207110079072
t422	TRUE	2.0554120352988576
t439	FALSE	12.120734642874382
t449	TRUE	3.6168641203817202
t451	TRUE	0.9826329959642237
t458	FALSE	10.628224952444356
t466	TRUE	2.465786175940778
t475	TRUE	6.395985470005954
t484	TRUE	8.5557939271513
t491	TRUE	5.879446342416756
t502	TRUE	0.3591950422440817
t539	TRUE	0.040572383565148584
t547	TRUE	1.7671572850573796
t564	TRUE	8.40791197674973
t573	TRUE	7.986484600428156
t583	TRUE	0.20935757903509966
t605	FALSE	9.07770912062125
t615	TRUE	1.8765228911868235
t668	TRUE	5.686559062009948
t670	TRUE	0.12411728823401802
t673	FALSE	1.6457813788063476
t688	TRUE	0.18880705382071028
t699	TRUE	1.884230994779216
