Species	Extant	SampT
t2	FALSE	68.97254507459064
t3	FALSE	44.25623257400889
t4	TRUE	11.253462109065282
t6	TRUE	24.907903634380617
t13	TRUE	25.516149787828212
t25	FALSE	39.243500446376075
t28	FALSE	44.996893519893774
t29	TRUE	35.96861744987268
t29	TRUE	30.973627704553792
t29	TRUE	15.82107349055309
t31	FALSE	42.65430047773585
t45	FALSE	55.791455295715096
t46	FALSE	43.665899413141595
t46	FALSE	22.674992431390265
t56	TRUE	24.608800099984578
t64	TRUE	5.202883246712872
t77	TRUE	11.926949670517715
t82	FALSE	22.7215719612867
t84	TRUE	34.62194137131234
t85	TRUE	39.651902985109615
t87	FALSE	32.236763657599866
t94	TRUE	11.569029914978131
t94	TRUE	3.979703628289684
t94	TRUE	3.479359893962865
t99	TRUE	21.056455131112514
t111	FALSE	20.345285577317483
t111	FALSE	19.20820576659382
t123	FALSE	10.80911850720058
t126	TRUE	11.755505684621681
t140	TRUE	10.721310361231232
t142	TRUE	5.573966021730527
t149	FALSE	12.462396158426344
t153	TRUE	11.460967813864471
t160	TRUE	0.79112237422585
t164	FALSE	18.1745425901035
t166	FALSE	6.738855771046445
t179	FALSE	17.94641831163763
t197	TRUE	6.35281078070858
t207	TRUE	18.2062136395422
t212	TRUE	9.045387300694003
t213	TRUE	23.616940111135435
t217	TRUE	23.676904419241325
t226	TRUE	26.907265382335353
t230	TRUE	0.6850360762292809
t236	TRUE	3.884695491113362
t248	FALSE	10.894208224681108
t262	TRUE	15.678889207538433
t283	FALSE	19.371540309479244
t288	TRUE	1.5757297759035964
t290	TRUE	9.007490293007038
t294	FALSE	4.1715451943629915
t326	TRUE	2.859121575340126
t355	TRUE	5.175335968872133
t362	TRUE	0.5084610395626754
t363	FALSE	16.567184486566163
t370	TRUE	9.057428349652184
t379	FALSE	11.417345461693003
t412	TRUE	6.204231283426054
t418	TRUE	4.295913541880239
t423	TRUE	8.657713075504901
t424	TRUE	1.5790539339935208
t426	TRUE	1.7421847395985566
t437	TRUE	8.626488743740524
t447	TRUE	2.186006192934485
t451	FALSE	9.071333542289153
t460	TRUE	7.160172051432198
t465	TRUE	1.1852939642820957
t475	TRUE	0.3165816815380964
t477	TRUE	6.561203461322194
t485	TRUE	2.8380902815514872
t487	TRUE	2.6413856874096666
t507	TRUE	7.155401336649177
t637	TRUE	3.3041215262164485
t690	TRUE	2.0413592548388664
t691	TRUE	2.3112255119763745
