Species	Extant	SampT
t10	FALSE	43.11319626638073
t12	FALSE	33.634163774402715
t20	FALSE	47.75263649632049
t27	TRUE	49.73834437945405
t27	TRUE	43.831490787430795
t30	TRUE	20.390487532090397
t53	FALSE	30.49598535554
t68	TRUE	14.285270936412203
t72	FALSE	34.67920771819088
t74	FALSE	24.023736628155063
t80	TRUE	12.280991102996161
t105	TRUE	33.81589217351854
t105	TRUE	20.129612695769794
t111	TRUE	20.071789150009245
t113	TRUE	8.157092240613025
t121	TRUE	0.7225181032878538
t124	FALSE	34.576847209631055
t135	TRUE	31.21397813802095
t140	TRUE	15.514731875950574
t143	TRUE	0.4792614414581635
t144	TRUE	11.37825992991398
t153	FALSE	17.641567128355177
t169	TRUE	11.052897294431418
t170	TRUE	9.249738377749296
t195	FALSE	10.06004641448942
t198	TRUE	2.604691020999425
t205	TRUE	22.757197014526376
t235	TRUE	16.564065200055225
t240	TRUE	4.659775889315284
t260	FALSE	5.482620706531307
t261	TRUE	7.279259692698702
t295	TRUE	13.880366865240816
t296	FALSE	13.735706822829634
t296	FALSE	11.247532440232426
t298	TRUE	13.995580250043268
t321	FALSE	15.837832914391399
t323	TRUE	15.924720520857086
t331	TRUE	1.8280441317571672
t334	TRUE	12.62950501891359
t346	TRUE	4.02035166578743
t349	TRUE	8.761117641502935
t366	TRUE	2.036801178572887
t375	TRUE	7.018243018187974
t375	TRUE	6.7512798212696055
t382	TRUE	6.298609356894474
t385	TRUE	3.149275211544378
t393	TRUE	4.916349014597259
t396	TRUE	10.821309061647995
t407	TRUE	10.356733476808976
t409	TRUE	3.3614299217254455
t412	TRUE	3.0892422898606355
t414	TRUE	1.0173521886722767
t426	TRUE	6.5424965218834075
t444	TRUE	11.20104087894429
t448	TRUE	1.509625404249249
t458	TRUE	1.8261724903070444
t462	TRUE	1.8656445681067026
t466	FALSE	16.16240446707522
t467	TRUE	8.925022230267501
t469	TRUE	1.225648585712733
t505	TRUE	1.4819700558388291
t524	FALSE	3.1836983563667047
t528	TRUE	11.378764147046319
t534	TRUE	5.640521336361189
t537	FALSE	9.005546623147396
t541	TRUE	5.323775448130675
t543	TRUE	8.816028362375874
t555	TRUE	4.9285139355623215
t570	TRUE	1.2598077905908127
t586	TRUE	1.5283151990978041
t646	TRUE	3.5687623155086925
