Species	Extant	SampT
t1	FALSE	67.64410705276481
t13	FALSE	69.13322750982306
t16	TRUE	47.219119454234395
t17	FALSE	36.006345007015014
t19	TRUE	3.603970783047572
t25	FALSE	12.819370513319456
t26	FALSE	59.21155544494687
t27	FALSE	53.69575472712392
t44	TRUE	19.002471299288416
t45	FALSE	38.24953694970144
t45	FALSE	22.060700339756735
t45	FALSE	10.604978512532838
t46	TRUE	41.33096136385897
t58	FALSE	29.569870510607444
t59	TRUE	1.8982611799735025
t61	FALSE	8.466039487011017
t69	FALSE	26.64257683699128
t69	FALSE	25.814183660793276
t81	TRUE	41.43138343028073
t92	FALSE	37.802813530374216
t108	FALSE	13.240562664995721
t123	FALSE	19.8441888636131
t126	TRUE	0.18796869243260517
t128	FALSE	18.382773809989487
t132	TRUE	20.490063792312313
t133	TRUE	18.432725198919087
t146	FALSE	11.023835832104993
t148	TRUE	1.3243562690813064
t149	TRUE	19.865247343011504
t156	TRUE	18.762548986241228
t159	TRUE	5.043854613263051
t178	TRUE	8.366042391316071
t181	FALSE	17.81526128283153
t185	TRUE	8.347212184081542
t189	FALSE	20.57757806931501
t193	TRUE	7.741627151996383
t194	TRUE	0.3653174520900109
t195	TRUE	1.8677728803806986
t201	TRUE	4.820305467641475
t204	FALSE	15.842156850438542
t204	FALSE	3.760024614406376
t205	FALSE	16.282321638552446
t206	FALSE	11.407301450498409
t221	TRUE	6.171554594050349
t225	TRUE	9.029997945118538
t230	FALSE	26.410406928058592
t243	TRUE	3.5269821035848565
t254	TRUE	17.34970163722015
t257	TRUE	1.1931141117848938
t275	TRUE	10.109499884230289
t277	TRUE	22.663770006856865
t278	TRUE	9.015126769307116
t283	TRUE	14.311486097300389
t312	TRUE	2.8687153936603806
t324	FALSE	8.209874972686478
t329	TRUE	9.270756510118602
t345	TRUE	3.8921962941808914
t356	TRUE	8.796858554567478
t370	FALSE	14.14589824918879
t374	TRUE	6.018965142224928
t375	TRUE	11.153365430020116
t395	TRUE	1.9512445587024416
t423	TRUE	8.622609737514992
t436	FALSE	5.826426854225872
t451	FALSE	8.680818653952372
t478	TRUE	13.138411085957202
t479	FALSE	9.94520994345713
t482	TRUE	5.896451018735405
t495	FALSE	1.8012613681867435
t503	TRUE	9.490455186458888
t511	TRUE	3.963079973780566
t534	TRUE	0.7408474000743155
t588	TRUE	0.769011791718512
t591	TRUE	2.446190440441299
t656	TRUE	5.494149260202846
