Species	Extant	SampT
t6	FALSE	74.49728775752635
t13	FALSE	42.28051814577352
t15	TRUE	19.43590546519117
t16	TRUE	3.929318232636959
t18	TRUE	31.553612536688064
t18	TRUE	24.009557188425873
t18	TRUE	14.015328717480955
t19	FALSE	29.20401164226736
t33	FALSE	55.19302404835192
t33	FALSE	50.41353433742491
t36	TRUE	41.376565199864174
t36	TRUE	39.18622279723508
t37	TRUE	24.25453040775463
t62	TRUE	23.606416952521514
t62	TRUE	15.536874669329237
t75	FALSE	9.749425821793139
t83	FALSE	26.15840785267357
t90	TRUE	28.129980042926817
t103	TRUE	6.413781995301605
t110	FALSE	20.782024268274945
t111	FALSE	34.612966652844136
t118	FALSE	27.709079034081697
t125	FALSE	22.079566713479906
t128	TRUE	4.732732603346932
t133	FALSE	33.97380367606771
t138	TRUE	3.4063516201779436
t142	FALSE	29.879661109825086
t153	TRUE	1.3184412090414668
t163	TRUE	1.2370184299405054
t174	TRUE	0.05293205914739474
t176	TRUE	1.7574980552671349
t181	FALSE	10.296558783684645
t182	TRUE	14.456050603799284
t202	FALSE	18.58140667675349
t208	TRUE	8.721614081017762
t245	TRUE	3.0353058192627174
t249	FALSE	15.060405768720372
t253	TRUE	25.35468941456037
t255	FALSE	10.149754975677453
t270	FALSE	14.307943488945753
t278	TRUE	10.527551041171108
t314	TRUE	2.2080534549926227
t315	TRUE	8.373700584520847
t324	TRUE	10.241595858544244
t324	TRUE	0.10417482613040363
t327	TRUE	8.366377412671326
t341	TRUE	5.236502946140547
t349	TRUE	13.413764502170196
t354	FALSE	6.888177630513525
t363	TRUE	9.024893108031108
t372	TRUE	4.95142325016343
t374	TRUE	0.2795079761674515
t382	TRUE	5.380387453780443
t392	TRUE	4.765004522847789
t401	TRUE	10.813626144226461
t401	TRUE	2.475173967104226
t406	TRUE	6.524516957364696
t407	TRUE	1.5397838127809536
t420	FALSE	12.74003728190678
t433	TRUE	11.984011356042842
t434	TRUE	1.9722407101996708
t471	TRUE	2.9735362139987274
t476	TRUE	0.04181591950508334
t488	TRUE	1.0259145887753078
t489	TRUE	2.465690633930791
t494	FALSE	9.213839373765339
t506	TRUE	4.7665885070782394
t546	TRUE	4.830703996335217
t558	TRUE	2.9670239354136214
t571	TRUE	4.159058011037615
t590	TRUE	2.5497925334037888
t614	FALSE	6.679096346861229
t653	TRUE	2.768989975790035
