Species	Extant	SampT
t3	TRUE	60.4013323036597
t7	TRUE	62.55709595998074
t10	FALSE	54.06957814253653
t12	TRUE	10.101427161283041
t14	TRUE	3.8276044354507377
t16	FALSE	55.72406203325073
t24	FALSE	5.949833496190223
t29	FALSE	56.732384545686884
t41	FALSE	7.7511978604517395
t45	TRUE	13.632267783176758
t49	TRUE	9.12393247455725
t53	FALSE	28.808352370662476
t57	TRUE	40.083786468000675
t60	TRUE	23.82573971692976
t64	TRUE	2.0514986875537176
t71	FALSE	41.72789350637492
t75	FALSE	12.789480297363497
t79	TRUE	16.31045372931095
t81	TRUE	8.912662577555722
t90	TRUE	8.901168149741025
t99	FALSE	17.757424200827344
t99	FALSE	12.206021693393808
t102	FALSE	28.544418973374206
t103	FALSE	27.97215146990031
t118	TRUE	25.110661693051426
t138	FALSE	30.23351754028758
t142	FALSE	20.230957643656026
t147	TRUE	9.43436585642415
t166	TRUE	3.093436799473551
t172	FALSE	26.278308601301404
t177	TRUE	21.855147810971005
t182	TRUE	4.767341155732126
t196	TRUE	7.666498327318564
t218	TRUE	29.7005762883161
t219	TRUE	29.998810140366942
t219	TRUE	29.898814546504227
t225	FALSE	18.56833276495125
t239	TRUE	6.7212787636570255
t251	TRUE	7.118823722215069
t255	TRUE	8.890308502789154
t262	TRUE	22.323535399009103
t293	TRUE	4.497140895516338
t299	FALSE	21.34032862595751
t322	TRUE	3.7086717722963414
t323	TRUE	11.57326060795647
t338	TRUE	0.8478503813627469
t362	TRUE	17.903649430357916
t368	TRUE	3.340391977896843
t370	TRUE	18.044521844939766
t393	TRUE	13.957784333862776
t456	TRUE	6.190237154793678
t479	TRUE	4.974196135174282
t493	TRUE	0.8780322642717096
t525	FALSE	3.395174193541692
t529	TRUE	5.888796650924519
t564	FALSE	9.20399853136226
t594	TRUE	2.35499082598416
t624	TRUE	0.44352896111304574
t663	TRUE	1.0067584098518694
