Species	Extant	SampT
t1	FALSE	81.66541463128893
t2	FALSE	59.21881026670523
t14	TRUE	2.499307913008181
t16	TRUE	26.167361549896356
t16	TRUE	23.721045739812013
t21	FALSE	26.354837309996597
t22	FALSE	61.93689176991125
t23	FALSE	24.010660596554402
t24	FALSE	33.3903930865213
t25	FALSE	45.30022963358951
t27	TRUE	11.074684605565153
t27	TRUE	10.491110243465982
t27	TRUE	10.07992392275878
t34	FALSE	50.208145588018056
t35	TRUE	5.041080703476382
t36	FALSE	33.18117043420852
t37	FALSE	29.26981341081136
t43	FALSE	18.168620981014044
t45	FALSE	24.615837076214333
t52	TRUE	12.072103351588396
t56	FALSE	8.241309140164873
t63	TRUE	4.062738453600261
t65	FALSE	23.999474998264546
t70	FALSE	29.079393895270513
t74	TRUE	21.076572988631142
t76	TRUE	3.692277128579235
t90	FALSE	21.775153184157006
t90	FALSE	17.162703937819927
t93	FALSE	33.03043224677624
t98	TRUE	21.731846934502386
t110	TRUE	14.51936147598039
t118	FALSE	14.59819650357899
t125	FALSE	17.094727668213693
t141	TRUE	14.869968907529
t147	FALSE	12.57633813366995
t153	TRUE	2.4611509753154905
t160	TRUE	10.220500790832006
t161	TRUE	4.682584963023743
t165	TRUE	12.332379504256906
t167	FALSE	3.1932443276698166
t180	TRUE	9.969158273129736
t180	TRUE	2.7757707595340264
t184	TRUE	28.224304832170084
t189	TRUE	3.766896009629761
t192	TRUE	5.751792252846371
t215	TRUE	19.26521538108112
t222	FALSE	21.96841164666573
t236	TRUE	13.64776514886941
t238	TRUE	16.102893969710465
t250	FALSE	18.57725153627868
t253	TRUE	13.405769580496795
t279	TRUE	15.766272419278877
t286	TRUE	8.273171955395156
t294	TRUE	4.215601315252741
t300	TRUE	4.092801230389526
t301	TRUE	8.294234470515804
t303	TRUE	14.126806439337798
t303	TRUE	0.4140559130092356
t312	TRUE	1.3761718349591519
t335	TRUE	6.6653850208089835
t340	TRUE	6.397091848999608
t380	FALSE	8.454821465295268
t384	TRUE	0.9154339632011954
t386	FALSE	9.7621034557651285
t417	FALSE	5.706195149217152
t428	TRUE	2.679123859820322
t446	TRUE	2.030995486459304
t448	TRUE	12.012532019262238
t460	TRUE	10.0103641711204
t462	TRUE	10.129207695487466
t484	TRUE	3.7072976459259905
t527	TRUE	5.095946433783084
t536	TRUE	8.882542772325564
t540	TRUE	1.3607298099285288
t590	TRUE	2.710996348780597
t599	TRUE	1.7965835937501282
t641	FALSE	2.1807940381384583
