Species	Extant	SampT
t6	TRUE	16.320278318651695
t9	TRUE	3.7532736702465
t10	FALSE	10.134613046460686
t45	TRUE	10.182720826868689
t55	TRUE	7.120012172796933
t114	TRUE	0.3815227769260332
t117	TRUE	1.2390785135674776
