Species	Extant	SampT
t3	FALSE	27.369775871341382
t4	TRUE	21.959948987481148
t25	TRUE	2.038716359625525
t42	TRUE	5.402486121428254
t42	TRUE	2.315336281579974
t91	TRUE	5.926543893699332
