Species	Extant	SampT
t4	TRUE	30.665894271752684
t9	FALSE	20.825241603014476
t13	TRUE	29.956266099245624
t20	TRUE	9.473043854086878
t27	TRUE	10.376417441885263
t30	FALSE	12.151668888689965
t35	TRUE	22.286691089654568
t64	TRUE	3.8591288463164375
t73	TRUE	4.062049763870405
