Species	Extant	SampT
t7	TRUE	5.172813885659572
t15	TRUE	8.634460499156042
t16	TRUE	7.865132108064465
t19	TRUE	2.711365589469608
t30	TRUE	3.897205079596887
t34	TRUE	3.857710666182996
t61	TRUE	4.204137420047161
t80	TRUE	1.87427120220854
