Species	Extant	SampT
t5	FALSE	13.96942248325361
t7	TRUE	17.562514059244812
t26	TRUE	5.334044795420333
t35	TRUE	7.324749240155928
t58	TRUE	5.022971889435951
t71	TRUE	1.3626396835113326
t72	TRUE	1.4106344503406163
t81	TRUE	2.4757696115599046
