Species	Extant	SampT
t9	TRUE	19.031526156898476
t21	TRUE	27.198455449636995
t35	TRUE	21.323930908061413
t35	TRUE	13.73808610481715
t38	TRUE	10.552092222305063
t88	TRUE	8.121033935842902
t104	TRUE	7.685556958811858
