Species	Extant	SampT
t1	TRUE	4.787400845961862
t3	TRUE	3.173667158427147
t30	TRUE	0.6686444124982529
t38	TRUE	6.145588823804303
t48	TRUE	3.012251716870683
t65	TRUE	1.5530823186377702
t75	TRUE	3.33858008959621
t87	TRUE	2.1761102785295527
