Species	Extant	SampT
t8	TRUE	3.8407479829683524
t16	TRUE	21.598480286551798
t61	TRUE	10.348235304132864
t64	TRUE	6.356660670252076
t88	TRUE	1.5425872531585938
t98	TRUE	2.436247510416578
t122	TRUE	2.5421348658323737
