Species	Extant	SampT
t5	TRUE	24.93672196251648
t18	TRUE	4.530778569029202
t20	FALSE	5.727958324048359
t29	TRUE	8.47418115121021
t32	FALSE	14.502480937989073
t36	TRUE	10.211956199142673
t38	TRUE	14.877160618263158
t48	FALSE	5.601025564826699
t49	TRUE	6.302319913707272
t67	TRUE	3.7738066522320963
t83	TRUE	2.59354738247351
t122	TRUE	0.11969110379369141
t124	TRUE	0.5104756395350165
