Species	Extant	SampT
t3	FALSE	25.203591683097983
t6	TRUE	7.197517084837585
t7	TRUE	6.510048218394523
t8	TRUE	24.926332741604448
t32	TRUE	2.2514657327674783
t57	FALSE	6.264258049712609
t73	FALSE	6.398819039694956
t82	TRUE	4.762553858556792
t111	TRUE	1.2578701947542186
