Species	Extant	SampT
t1	FALSE	30.78454672236103
t18	TRUE	3.6412385664055194
t30	TRUE	8.215947574793624
t36	TRUE	0.8348045355920917
t57	TRUE	6.700839194491898
t83	TRUE	0.2941887994820789
t115	TRUE	1.3341040618961628
