Species	Extant	SampT
t1	TRUE	41.193152834378935
t1	TRUE	33.12818447747014
t17	TRUE	9.831153944850783
t42	FALSE	18.400876324183784
t42	FALSE	16.910268699310265
t55	TRUE	0.7914012310873488
t67	TRUE	14.144512956519712
t74	TRUE	2.247310162391784
t99	TRUE	8.584022584658022
t113	TRUE	3.430332270299502
t139	TRUE	1.3335830266409943
t144	TRUE	0.10811309074625797
