Species	Extant	SampT
t4	TRUE	0.1721178062615607
t13	FALSE	9.42019461228098
t21	TRUE	2.439720622590869
t21	TRUE	0.8953826580591695
t58	TRUE	0.6235610675356753
t86	TRUE	0.4883287708491366
