Species	Extant	SampT
t13	FALSE	15.806486831675773
t14	TRUE	8.128540175668995
t16	TRUE	8.744509767040412
t18	FALSE	13.404588332584098
t36	TRUE	3.99287488182577
t43	TRUE	1.3233377775164428
t66	TRUE	4.940279231557554
t120	TRUE	0.6492466616611736
