Species	Extant	SampT
t6	TRUE	6.652962787831349
t40	TRUE	4.942092786335877
t74	TRUE	0.392228615525255
t87	TRUE	1.2679993628045167
t106	TRUE	1.5154514079009545
t110	TRUE	0.8747655970257
