Species	Extant	SampT
t2	FALSE	9.179842574272833
t6	TRUE	15.370654876199389
t8	FALSE	14.445448062235634
t10	TRUE	35.076468297836485
t15	FALSE	39.908204656474695
t32	FALSE	13.82345412398218
t33	TRUE	10.0169027198694
t33	TRUE	7.3833244827232605
t59	TRUE	11.145812104600182
t59	TRUE	11.086002242895475
t65	FALSE	3.257742557906191
t81	TRUE	1.3227152154168422
