Species	Extant	SampT
t6	FALSE	36.74058209410573
t6	FALSE	17.548902921887887
t8	TRUE	34.581395117206085
t11	FALSE	17.996526995093866
t25	TRUE	3.074487237372935
t30	TRUE	4.67867461289714
t33	TRUE	28.064288974197268
t38	TRUE	2.0818454318363564
t50	TRUE	13.89457870185791
t65	TRUE	0.5953081344889171
t85	TRUE	3.3965204135085543
t100	TRUE	5.203016939330581
t107	TRUE	2.377597875956724
t116	TRUE	3.942129433464544
