Species	Extant	SampT
t15	TRUE	4.2832810278519275
t16	TRUE	17.712341701362064
t25	FALSE	2.2727952403525506
t52	FALSE	12.870790452146863
t72	TRUE	0.012691243650934325
t78	TRUE	15.063476446140825
t127	TRUE	5.490166819302644
