Species	Extant	SampT
t18	TRUE	44.40139524189128
t19	FALSE	37.30666210895849
t20	FALSE	32.86920534329211
t23	FALSE	35.96597087903735
t42	TRUE	20.09823767357404
t55	FALSE	6.063869378317278
t58	FALSE	10.848287336668697
t63	TRUE	13.660107018816888
t64	TRUE	4.589842265085501
t65	TRUE	12.137860798549234
t74	TRUE	4.492835047871303
t75	TRUE	5.83801318269051
t78	FALSE	12.201568106405865
t84	TRUE	5.059358483865921
t105	TRUE	1.103535782608752
