Species	Extant	SampT
t4	TRUE	33.36955693231486
t4	TRUE	26.97133307957612
t29	FALSE	27.65307082716393
t32	TRUE	1.260310832348857
t37	TRUE	3.344397531250081
t43	TRUE	15.627668148296493
t61	TRUE	5.823074307226399
t62	TRUE	0.860318311672664
t90	TRUE	7.497459819577223
t117	TRUE	3.674549834728751
