Species	Extant	SampT
t65	TRUE	1.734928303275197
t65	TRUE	1.3680532938934675
t65	TRUE	0.449104670967472
t71	TRUE	2.9042475265361105
t81	TRUE	1.2945346341310966
t87	TRUE	10.381167979538894
t95	TRUE	12.535017539130138
t118	TRUE	2.174204228353318
