Species	Extant	SampT
t8	TRUE	5.8104028300898705
t10	FALSE	16.330052652173705
t13	TRUE	0.5560536407514576
t22	TRUE	3.6395100822310127
t25	TRUE	5.728195252825024
t36	TRUE	4.817121881419766
t39	TRUE	18.486404750190367
t43	TRUE	21.68598193344944
t56	FALSE	7.120273239858555
t58	TRUE	2.4693844577012953
t63	TRUE	4.77395698857697
t63	TRUE	4.355043810431084
t74	FALSE	5.311527194165556
t87	TRUE	0.22754786551632122
