Species	Extant	SampT
t13	FALSE	32.7573359798034
t14	FALSE	19.763968863414405
t25	FALSE	13.594170495138215
t27	TRUE	7.32001406865561
t36	TRUE	11.767347470254975
t39	TRUE	10.634750106548964
t55	TRUE	18.554126407572284
t75	TRUE	11.162498200989432
t75	TRUE	3.4468906580110996
t97	TRUE	0.17546691210520748
t107	TRUE	9.29715821614083
t132	TRUE	5.2983424943973745
t137	TRUE	2.7487493627895105
