Species	Extant	SampT
t1	FALSE	44.815129968061015
t27	FALSE	24.553567327486704
t62	TRUE	11.914402107696318
t69	TRUE	0.5752312654712455
t73	TRUE	0.7129856201894569
t91	FALSE	9.87994652014416
