Species	Extant	SampT
t4	FALSE	29.714053616130585
t6	FALSE	30.456402710301234
t13	TRUE	10.244429477027964
t16	FALSE	36.70384089565037
t21	TRUE	12.856018994653013
t23	TRUE	13.25432813657605
t26	FALSE	32.403815629038704
t41	TRUE	16.120657736708353
t58	TRUE	13.601638372181412
t63	TRUE	18.6244079537246
t67	TRUE	5.227255146576198
t72	TRUE	8.080042674490088
t75	TRUE	5.0517423515139654
t87	TRUE	1.1860664218038863
t106	TRUE	4.837916097971444
t112	TRUE	0.19932096828810586
t133	TRUE	3.76031962941515
