Species	Extant	SampT
t18	TRUE	34.43867110773233
t18	TRUE	31.6996565092916
t26	TRUE	7.043591200624775
t34	FALSE	27.533820652484195
t34	FALSE	22.18321269566858
t40	TRUE	25.436037717173072
t91	TRUE	8.099159871931505
t97	FALSE	1.7124910745356345
t103	TRUE	4.4849945942101925
t113	TRUE	0.7279758978754103
t120	TRUE	5.016051235123484
t129	TRUE	1.3640311395028704
