Species	Extant	SampT
t10	TRUE	34.162481744970975
t10	TRUE	3.3852192677667716
t13	TRUE	37.452173824543024
t13	TRUE	35.57402946532693
t14	FALSE	19.03754648050625
t23	TRUE	23.99013780180543
t32	TRUE	8.282683141523123
t54	TRUE	6.24208136938843
t60	TRUE	4.390014169163081
t68	TRUE	3.252040598070124
t115	TRUE	0.7028004962123191
