Species	Extant	SampT
t1	FALSE	75.73054757468779
t27	FALSE	21.661918877827034
t35	FALSE	23.98642904989063
t38	TRUE	7.2053396484156735
t50	TRUE	1.8974129636043529
t51	TRUE	2.840946768322766
t56	TRUE	9.17004247988747
t65	TRUE	4.499566538282409
t66	FALSE	21.256079391240817
t69	TRUE	6.538116820561058
t72	TRUE	2.111660161167549
t87	FALSE	8.451222662997935
t109	TRUE	9.877986184413444
t110	TRUE	8.480304088335757
t119	FALSE	8.56086860592761
t158	FALSE	3.8239237824126917
