Species	Extant	SampT
t4	FALSE	17.2649803948904
t5	FALSE	37.536052094801036
t12	TRUE	4.4750499849845085
t20	TRUE	2.3354267612411306
t26	FALSE	18.299704022913218
t51	TRUE	11.2854411328901
t62	TRUE	13.886603705701525
t72	FALSE	8.076476934215478
t95	TRUE	3.0572415364657317
t99	TRUE	5.157412031985906
t106	TRUE	3.0916695193604298
t106	TRUE	2.9427518543800844
t107	TRUE	0.4383937844911969
t110	TRUE	1.673409336471046
t112	TRUE	2.4276352856889574
