Species	Extant	SampT
t1	FALSE	30.505069773081075
t3	TRUE	18.291230522110922
t8	FALSE	32.47809454910421
t8	FALSE	31.123662489652276
t10	TRUE	30.11724708598733
t62	TRUE	14.631998365807192
t94	TRUE	3.90470926263734
t121	TRUE	0.6510610032259763
t140	TRUE	1.1504473118590823
