Species	Extant	SampT
t5	TRUE	11.9630770328885
t6	TRUE	31.526257441777787
t18	FALSE	39.919314347419586
t25	TRUE	11.33773947789063
t33	FALSE	19.14464705472158
t36	TRUE	10.615724342471566
t49	TRUE	2.9281733605420825
t49	TRUE	0.6111350423997877
t52	TRUE	5.430219594639389
t64	TRUE	0.16367464556613953
t69	TRUE	6.410602872334756
t125	TRUE	2.0386614253932365
t131	TRUE	1.1817900335710618
