Species	Extant	SampT
t1	TRUE	44.899070097369524
t1	TRUE	35.30717363539323
t1	TRUE	29.132607318043554
t4	TRUE	13.526423736021982
t6	TRUE	21.142428017977053
t7	TRUE	2.924987365969585
t22	TRUE	15.042026478211
t36	TRUE	2.5726282307891495
t39	TRUE	0.8149119560697642
t54	FALSE	9.470286229367808
t108	TRUE	0.8025931549659973
t112	TRUE	1.1057916439740936
