Species	Extant	SampT
t1	FALSE	32.57399854505297
t3	TRUE	13.081059853227927
t27	TRUE	0.6077721162678529
t29	TRUE	20.085101860163523
t37	TRUE	5.537698918149395
t52	FALSE	6.302998622174563
t65	TRUE	1.2073212682538
t82	TRUE	9.497710700353096
t102	TRUE	2.1923438851578467
t115	TRUE	2.0268337589980163
t121	TRUE	4.135834727346911
