Species	Extant	SampT
t18	TRUE	25.794986725300724
t33	TRUE	6.702330682589519
t35	FALSE	10.943933879792496
t53	TRUE	5.169702151488124
t53	TRUE	4.391481536725294
t61	TRUE	2.6077177610340243
t73	TRUE	2.117264536690783
t88	TRUE	0.8388954062713481
t115	TRUE	3.1700958342652967
