Species	Extant	SampT
t5	TRUE	24.14417674376135
t6	TRUE	32.53103040822238
t19	TRUE	12.004562622497417
t37	TRUE	17.65951749830431
t45	TRUE	24.98802672753989
t59	FALSE	8.595541605627801
t65	TRUE	13.696157105019012
t73	TRUE	16.430057031488154
t75	TRUE	10.496605428673561
t82	TRUE	8.739830555934418
t107	TRUE	7.9249989925561835
t126	TRUE	0.11754743590007877
t139	TRUE	0.8127224652013041
t146	TRUE	1.1361300361461133
