Species	Extant	SampT
t1	FALSE	9.408114980402594
t2	FALSE	12.525716447948263
t18	TRUE	19.52826564211606
t26	TRUE	13.792012949552728
t34	TRUE	6.89014046090999
t35	TRUE	2.761636856818008
t44	TRUE	8.794528507260729
t44	TRUE	3.9282793929857505
t52	FALSE	5.426416496112573
t62	TRUE	1.9008060882465543
