Species	Extant	SampT
t1	TRUE	37.98901202104482
t5	TRUE	25.510130453444194
t8	TRUE	2.6075992165412814
t14	TRUE	13.769762489047075
t15	TRUE	18.55155825151919
t29	FALSE	28.208326808695947
t35	FALSE	15.691517642776809
t35	FALSE	7.483938359733067
t50	TRUE	13.684434508970483
t65	TRUE	6.2281059542423876
t113	TRUE	3.971340419948646
