Species	Extant	SampT
t2	FALSE	64.72876761741969
t5	FALSE	57.62827395192123
t11	FALSE	39.949829091731935
t12	FALSE	33.76214130800999
t17	FALSE	22.43689925085237
t25	TRUE	9.98298608513997
t29	FALSE	28.755840182628695
t52	FALSE	6.002293234994241
t77	TRUE	0.5290040049350324
t84	FALSE	18.50917833367798
t97	TRUE	3.4570958849719204
t148	TRUE	1.278447028164024
