Species	Extant	SampT
t10	TRUE	19.221061305908435
t34	TRUE	14.230770307877492
t36	TRUE	14.279230980267762
t65	TRUE	2.592561491856763
t138	TRUE	1.9294920515832672
