Species	Extant	SampT
t5	FALSE	19.52784236008064
t10	TRUE	28.17310342054805
t10	TRUE	7.616983172036612
t11	TRUE	1.5717660810442737
t22	TRUE	8.030151090519404
t32	FALSE	21.467154361153202
t35	TRUE	16.696527075049985
t38	FALSE	15.092614275070478
t40	TRUE	0.7822888518492306
t42	FALSE	8.319902280738631
t52	FALSE	18.326884182366843
t74	TRUE	8.138058181020781
t83	TRUE	7.9597298689584335
t109	TRUE	3.125831362457191
t113	TRUE	3.5871304759951315
