Species	Extant	SampT
t7	TRUE	3.3713321958352154
t7	TRUE	1.4811446420748808
t20	TRUE	2.974568829966124
t35	TRUE	6.598515011580346
t42	TRUE	6.365248349065901
t45	TRUE	7.453506230766358
t77	TRUE	0.23730550472356526
t100	FALSE	7.269135927149122
t100	FALSE	5.940794129372421
t107	TRUE	5.022184462832406
