Species	Extant	SampT
t1	FALSE	25.744682441777933
t1	FALSE	7.459213151303722
t1	FALSE	3.7088886692055
t5	TRUE	22.866454435696298
t19	TRUE	4.895749413666678
t21	TRUE	12.371413961462899
t21	TRUE	11.560619615428372
t28	TRUE	18.816991571572586
t31	TRUE	7.483992275948729
t39	TRUE	3.2779485701171396
t41	TRUE	8.912379892222184
t44	TRUE	4.894986682946197
t62	TRUE	1.455846714967663
t84	TRUE	1.626415890454517
