Species	Extant	SampT
t9	TRUE	4.5682391706161525
t27	TRUE	0.7335414907182951
t31	TRUE	1.3417163610414207
t34	TRUE	11.13353297924359
t46	FALSE	4.502646809772905
t78	TRUE	12.032376139652193
t84	TRUE	1.227306587989247
t91	TRUE	6.77284235102033
t94	TRUE	1.081575463547921
