Species	Extant	SampT
t2	TRUE	50.55235801058956
t18	TRUE	25.739593584136045
t18	TRUE	22.399092106194175
t28	TRUE	5.788324602895997
t42	FALSE	19.455041645298103
t47	TRUE	3.6687255421208107
t49	TRUE	0.7815484566421702
t69	TRUE	14.953827329404099
