Species	Extant	SampT
t1	FALSE	16.168077834943304
t8	TRUE	17.999661429170267
t53	FALSE	10.831453517618613
t65	FALSE	14.015538421773769
t65	FALSE	7.700340471990806
t112	TRUE	6.416117002253955
