Species	Extant	SampT
t1	TRUE	17.709094257187715
t3	FALSE	29.29701052800978
t12	TRUE	15.402649950734457
t20	TRUE	2.2673405338730106
t22	TRUE	8.411822558297999
t22	TRUE	4.731318777493804
t36	FALSE	17.89583596428646
t44	TRUE	10.367746300401059
t55	TRUE	2.6986760118185487
t75	TRUE	3.6761828651924304
