Species	Extant	SampT
t1	FALSE	18.884110340003545
t2	FALSE	42.06091285636683
t13	TRUE	14.274576658774365
t15	TRUE	4.671463118230932
t16	TRUE	22.38195359820969
t21	TRUE	4.158175371245562
t26	TRUE	0.9112632107682543
t28	TRUE	6.407225050999635
t32	TRUE	10.937625939740045
t33	TRUE	2.350301399181191
t43	TRUE	16.309899311637217
t52	TRUE	0.7790351735414873
t56	TRUE	0.9883758243099976
t62	TRUE	3.0746386021038816
