Species	Extant	SampT
t6	FALSE	24.679355065423906
t9	TRUE	2.966300399671667
t15	TRUE	2.7785827656873465
t22	FALSE	26.86182771640999
t27	FALSE	41.588624111106455
t39	FALSE	39.25230948924817
t44	TRUE	33.1086125674591
t56	TRUE	20.9246790890411
t66	TRUE	15.338620713063776
t106	TRUE	3.5954873694711864
t121	TRUE	7.423286175461847
t136	TRUE	8.138327590716507
t142	TRUE	1.8184461943844212
t145	FALSE	7.677066146467169
t157	TRUE	5.2301165520488695
t161	TRUE	15.993987894073328
t161	TRUE	3.08998316725706e-4
t162	TRUE	11.486818626682698
t170	TRUE	4.749758020786416
t183	TRUE	0.520763380652113
t190	TRUE	8.467839378013089
t201	TRUE	6.654388969647776
t214	TRUE	8.541224187704529
t215	TRUE	2.5214659501787082
t219	TRUE	1.6982794214743961
t224	TRUE	4.953891102491653
t228	TRUE	0.1875620083661289
t230	TRUE	2.5839102739394093
t273	TRUE	2.8574945442231154
t273	TRUE	2.5826993901135182
t324	TRUE	3.3840585325343397
t327	FALSE	7.76707338401534
t328	TRUE	2.8967871711507343
t385	TRUE	3.5723331422590476
t422	TRUE	1.1360262807783528
t445	TRUE	0.2717916458953482
t447	TRUE	1.1506557425522317
t470	TRUE	0.6911988910385247
t504	TRUE	1.3242369517777632
t560	TRUE	0.42438588106608677
t578	FALSE	0.6605307832138578
t598	TRUE	0.756359664090752
