Species	Extant	SampT
t3	TRUE	15.070773771093911
t7	TRUE	25.812126219825828
t7	TRUE	7.883676596539104
t16	TRUE	18.918569796414147
t16	TRUE	12.614698187143574
t16	TRUE	11.280685514633667
t17	TRUE	15.5336823043016
t23	TRUE	3.4305069233634384
t27	FALSE	13.703026805776837
t35	FALSE	10.972070209433426
t35	FALSE	4.926651371394385
t66	TRUE	8.756976163903154
t69	TRUE	9.116274541350649
