Species	Extant	SampT
t1	TRUE	23.84610491368788
t1	TRUE	19.785164748615202
t1	TRUE	10.608054078480777
t3	TRUE	17.239398295292986
t18	TRUE	1.824480647195088
t25	TRUE	11.427223460156526
t43	TRUE	6.482660346544641
t54	TRUE	3.357531330325692
t68	TRUE	9.963995891233871
t72	TRUE	2.642316640922715
t82	TRUE	2.827846073018854
t88	TRUE	2.232355324911282
t97	TRUE	4.789041371468485
