Species	Extant	SampT
t2	TRUE	45.756596551309016
t2	TRUE	15.678620218074897
t6	TRUE	3.22396240529455
t7	TRUE	10.043400336900042
t13	TRUE	13.637558854797497
t25	FALSE	20.24313754528523
t26	TRUE	2.191578360348558
t37	TRUE	14.389920482570368
t40	TRUE	0.9119497625969615
t42	FALSE	18.15170994915372
t43	FALSE	8.172069727638828
t51	TRUE	1.4029129368990922
t73	TRUE	16.46202659562922
t76	TRUE	2.983641385003196
t77	TRUE	10.964617911093882
t82	TRUE	4.703920278052962
t90	TRUE	1.4012047103135004
t94	TRUE	4.471591206601765
t103	TRUE	0.9546852004123281
t133	TRUE	2.084327587984248
t135	TRUE	6.148822864352269
t151	TRUE	6.961002423322988
t200	TRUE	2.8189886487624065
t221	TRUE	3.8269593906070583
t222	TRUE	2.341952008210633
t232	TRUE	5.547181295062742
t253	TRUE	4.338561559437032
t280	TRUE	5.105181531820236
t317	TRUE	6.930799143274186
t318	TRUE	2.938236134882686
t329	TRUE	1.9941914528984768
t330	TRUE	0.9351067922634755
t337	TRUE	4.571658232238711
t340	TRUE	1.2527933687878274
t353	TRUE	1.6137981268688506
t431	FALSE	1.9086698090272591
t452	TRUE	0.1983606301501908
