Species	Extant	SampT
t5	TRUE	4.633013386241927
t33	TRUE	17.543415515821785
t85	TRUE	1.2779063591553665
t93	TRUE	3.0972713794081415
t96	TRUE	0.06571845020017264
t97	TRUE	0.029278027943590246
t102	TRUE	2.011323612097513
