Species	Extant	SampT
t3	FALSE	30.204725881101112
t7	TRUE	6.635536021913516
t10	TRUE	6.761154701613442
t20	FALSE	17.749751692528754
t52	TRUE	1.9594663267734234
t54	FALSE	13.409923521167457
t61	FALSE	3.0706651822113145
t67	TRUE	8.251055172604808
t68	TRUE	6.5715544707601055
t84	TRUE	3.2062209596683857
