Species	Extant	SampT
t1	FALSE	45.20030946847818
t2	FALSE	25.945569014752564
t9	TRUE	7.50432512249067
t10	TRUE	7.368635582691844
t19	TRUE	28.984526618369117
t23	FALSE	44.516986701728925
t24	TRUE	33.554182217243444
t34	FALSE	23.95065171010649
t34	FALSE	23.612045717386046
t38	TRUE	3.7399901234419133
t47	FALSE	25.56449399371555
t50	TRUE	24.850646444626662
t64	TRUE	1.7816945388636825
t66	TRUE	12.085727996120198
t66	TRUE	9.430849889231396
t74	TRUE	21.995905249795662
t78	FALSE	17.77823380225243
t90	FALSE	21.967885539877074
t90	FALSE	14.222574227271963
t96	FALSE	3.3257735277190363
t98	FALSE	15.9733440775994
t106	FALSE	6.260092416546165
t131	FALSE	13.199158637627235
t135	TRUE	8.43685054225287
t147	TRUE	10.050462763963317
t149	TRUE	9.361167809424934
t187	TRUE	0.9742567573355956
t194	TRUE	13.445883583873282
t208	TRUE	0.881408138398946
t243	FALSE	7.286809095309778
t255	TRUE	0.3610234206018177
t296	TRUE	0.7048420952877805
t301	TRUE	1.5879794164247087
t349	TRUE	1.7406931691934417
t416	TRUE	0.708641294400536
t440	TRUE	0.5078877418450247
t468	TRUE	1.6577672517706787
t511	TRUE	0.8031919058221817
t533	TRUE	0.1964833837760409
