Species	Extant	SampT
t4	FALSE	14.24032843823155
t12	TRUE	28.93012157852386
t19	TRUE	26.534523829568244
t28	FALSE	12.136818071939949
t38	TRUE	21.696438942647376
t38	TRUE	3.8413652447823665
t48	TRUE	7.943149418108447
t54	FALSE	12.908483220486694
t56	TRUE	17.89569477400864
t61	TRUE	12.741043555685632
t82	TRUE	1.0246138947481285
t99	TRUE	8.425591787847694
t100	TRUE	3.9171016293034313
t101	TRUE	0.7421146479330716
t111	TRUE	0.44683304684863145
t158	TRUE	14.087922739539206
t205	TRUE	4.60217558959323
t205	TRUE	0.06789258922259478
t218	TRUE	1.0663853890579134
t234	FALSE	11.038316378649725
t311	TRUE	1.2090707114259445
t319	TRUE	0.0033181281301892795
t341	TRUE	2.6745707961866074
t415	TRUE	3.6030647435159793
t418	TRUE	0.08342896975141656
t420	TRUE	0.35655587540620814
t426	TRUE	0.03941352508242346
t495	TRUE	0.781459511059218
