Species	Extant	SampT
t2	TRUE	18.197876538121534
t3	FALSE	45.086185198680276
t3	FALSE	35.48053220223026
t13	FALSE	46.364567181752946
t15	TRUE	26.65172874347651
t18	FALSE	13.773181890076344
t32	FALSE	25.618481329283462
t37	TRUE	9.409511086422711
t39	FALSE	25.472895044129494
t40	TRUE	26.444827882466043
t40	TRUE	15.371372847046572
t44	FALSE	21.50034157611654
t45	FALSE	14.905904044782027
t48	FALSE	4.8004031381195915
t67	TRUE	7.230273313805128
t73	TRUE	7.863159229824618
t75	FALSE	13.995237114499012
t81	FALSE	1.7619654341901736
t83	FALSE	9.876662276249249
t101	FALSE	8.20643993210517
t112	TRUE	0.2195722265509943
t114	TRUE	11.649140699617348
t117	TRUE	12.551971805277148
t126	TRUE	0.8879253232514657
t131	TRUE	3.843218759474496
t137	TRUE	0.05183384752176323
t179	TRUE	9.670974252876121
t190	FALSE	6.3317289928609455
t191	TRUE	0.8385998610459211
t222	TRUE	2.2814489311821546
t229	TRUE	10.465950424583909
t229	TRUE	7.648914246501249
t247	TRUE	0.23242845776714205
t264	TRUE	5.05253189555593
t294	TRUE	4.912711226702925
t332	TRUE	2.3190829083732183
t339	TRUE	3.291565230722
t361	TRUE	4.728616390202774
t370	TRUE	4.051061872298604
t448	TRUE	3.1237530799702427
t454	TRUE	1.3333345574359612
t460	TRUE	0.6406929393838965
t467	TRUE	0.4110387859136466
t506	TRUE	1.0350655428096047
