Species	Extant	SampT
t3	TRUE	12.920115979122905
t3	TRUE	0.7750838508037603
t34	TRUE	9.79970233733188
t40	TRUE	0.32149739481362616
t42	TRUE	15.214234722937572
t43	FALSE	2.357226340806129
t52	TRUE	0.029802332042258683
t66	TRUE	0.8914949875983353
t76	FALSE	9.037124250195458
t102	TRUE	0.46498107188003956
t105	TRUE	2.940548240468722
t107	TRUE	3.0157245785062727
t113	TRUE	7.723704336762001
t118	TRUE	2.0888464870958856
t130	TRUE	6.695554062457724
t132	TRUE	10.5947562819542
t158	TRUE	6.825600491000948
t174	FALSE	3.122967308858833
t193	FALSE	4.708465744282087
t206	TRUE	11.505689822174077
t206	TRUE	3.14992604666309
t230	TRUE	1.1799265815259403
t240	TRUE	5.542811298488694
t261	TRUE	5.399771196185817
t264	TRUE	4.1490891161433865
t265	FALSE	3.0683365568457006
t302	TRUE	4.986367353323047
t314	TRUE	0.41416987299042063
t359	TRUE	3.3256122265530834
t376	TRUE	0.8510492287954534
t389	FALSE	0.4017066386735024
t398	TRUE	2.0950227093665674
t424	TRUE	2.384713681311645
t434	TRUE	2.8317530413017096
t455	TRUE	0.7942456007502869
