Species	Extant	SampT
t8	FALSE	35.61588405058964
t8	FALSE	9.642728282001457
t10	FALSE	13.186129133244464
t11	TRUE	4.305436463847499
t13	TRUE	20.015225180059034
t33	TRUE	21.315203183880456
t33	TRUE	0.2723758987384741
t43	TRUE	1.7893749366243838
t76	TRUE	1.7321027679256247
t79	FALSE	7.966470550479258
t111	TRUE	0.2156472407022676
t116	TRUE	0.85221042621626
