Species	Extant	SampT
t3	FALSE	30.283624625015662
t5	FALSE	19.2996863579356
t10	FALSE	9.547430894536205
t17	TRUE	21.7055890930894
t41	TRUE	0.1814024081307224
t50	TRUE	12.20768170717465
