Species	Extant	SampT
t1	FALSE	21.23423665310885
t5	TRUE	16.220517883837402
t8	TRUE	0.184487084226987
t40	TRUE	0.9266909074229019
t42	TRUE	1.2550932310556249
t47	TRUE	3.3605819151655396
t98	TRUE	1.6273671669211183
