Species	Extant	SampT
t3	FALSE	25.039918221372652
t3	FALSE	11.176158839932931
t6	FALSE	29.163586017152532
t70	TRUE	3.3732045588003956
t88	TRUE	3.0873190115757154
