Species	Extant	SampT
t1	FALSE	36.67768615608642
t4	FALSE	53.23005168906209
t6	FALSE	39.60290211881719
t6	FALSE	36.455669446617584
t6	FALSE	26.63655561092518
t7	FALSE	38.104996300479954
t16	TRUE	35.30934392242342
t17	TRUE	21.119910505716987
t29	TRUE	2.50619081472243
