Species	Extant	SampT
t8	FALSE	47.22441395022492
t11	FALSE	45.91171013866137
t12	FALSE	35.912393376852606
t14	TRUE	33.30962140098464
t26	TRUE	2.1893946954127017
t27	TRUE	12.362033801555683
t31	FALSE	13.159556824866726
t32	TRUE	6.479307372483966
t50	TRUE	3.513307116235019
t70	TRUE	14.142030775766642
t73	TRUE	4.884765989857456
t102	TRUE	8.390227561913818
