Species	Extant	SampT
t3	TRUE	2.801806510624523
t5	TRUE	2.06984088659798
t33	FALSE	8.296552579129845
t34	TRUE	11.867406509579535
t42	TRUE	9.239580213842011
t43	TRUE	3.6415526266489877
t47	TRUE	2.2902487929557154
t85	TRUE	0.48710505589527386
