Species	Extant	SampT
t5	FALSE	48.11297989896351
t15	TRUE	7.330856840174732
t18	FALSE	6.445037776962948
t27	FALSE	5.5586698931986405
t33	TRUE	5.348942973355932
t34	TRUE	0.1932150083692079
t42	FALSE	13.436472238983903
t66	TRUE	13.002304766844652
t71	TRUE	1.9692780246422927
t72	TRUE	0.0772962676742992
