Species	Extant	SampT
t13	FALSE	7.920587012666523
t15	TRUE	7.359481761942838
t18	TRUE	3.6166234433787707
t44	TRUE	0.2516946284356223
t49	TRUE	8.1724270409102715
t53	TRUE	6.47993368956282
t68	TRUE	6.352961817951808
t91	TRUE	1.474194257140617
t92	TRUE	5.75343525712681
t94	TRUE	2.7840942619755396
t114	TRUE	0.1642336358472889
