Species	Extant	SampT
t17	TRUE	10.248392477918301
t19	TRUE	24.530187501499498
t19	TRUE	12.219902799392187
t45	TRUE	11.583360029341613
t54	TRUE	14.315589810290646
t63	TRUE	0.973062503904579
t69	TRUE	1.61283083501678
t78	TRUE	0.28707701164061206
t86	TRUE	3.1935978428126433
