Species	Extant	SampT
t22	TRUE	10.908727500399252
t38	TRUE	15.137553256264255
t42	TRUE	16.603488284733302
t42	TRUE	9.646440534877627
t42	TRUE	5.6352146564360766
t48	FALSE	14.887216354890825
t64	TRUE	15.241198535746776
t84	TRUE	13.999641049401987
t111	TRUE	7.435571524779263
t141	TRUE	6.271896802187172
t152	TRUE	13.910346484593575
t209	TRUE	1.2460022048325499
t210	TRUE	5.387685965816445
t225	FALSE	10.77606473822027
t271	TRUE	0.6866334475026861
t298	TRUE	1.0174243600836803
t332	TRUE	1.317880120274097
t366	TRUE	4.71866834338266
t377	FALSE	5.748892224875448
t394	TRUE	2.528064282816885
t400	TRUE	5.643613100864613
t424	TRUE	1.550910461217299
t472	TRUE	2.073297726048466
t520	TRUE	1.8220466333210226
t520	TRUE	0.07927023940253264
t525	TRUE	2.268882263464505
t535	TRUE	0.22130289791837754
