Species	Extant	SampT
t28	TRUE	29.70253752076586
t29	FALSE	27.6263697771128
t31	FALSE	15.977655073847188
t32	TRUE	10.360983770314533
t46	FALSE	15.499855826195876
t65	TRUE	3.3042558980501937
t88	TRUE	1.127017608281406
t90	TRUE	14.739199274440722
t98	TRUE	6.523029658758034
t110	FALSE	7.580108678815279
t124	TRUE	1.2890891663227677
t131	TRUE	1.1711988166799046
