Species	Extant	SampT
t8	FALSE	47.56115877836218
t13	TRUE	15.415762392296799
t66	FALSE	10.157331954440046
t79	TRUE	13.348656655400987
