Species	Extant	SampT
t4	FALSE	46.47763650226849
t20	FALSE	37.37226384803683
t22	FALSE	5.661580600635162
t52	TRUE	15.224102493986273
t54	TRUE	16.527114008989287
t56	TRUE	18.588865852092077
t58	FALSE	13.57897184457682
t79	TRUE	8.293347098286361
t83	FALSE	10.225756668052753
t92	TRUE	0.7159676327548681
t96	TRUE	0.1078275912994684
t97	TRUE	13.6243613817078
t98	FALSE	8.076159804794798
t112	TRUE	5.934443138860864
