Species	Extant	SampT
t16	TRUE	12.97433062904166
t19	FALSE	23.517697015581966
t28	TRUE	23.576503138094452
t31	TRUE	16.00226657021922
t37	FALSE	5.757085462273437
t41	TRUE	20.397000011099244
t44	FALSE	9.240950755947608
t75	TRUE	8.386668494882358
t104	TRUE	0.36119499977785097
t119	TRUE	6.895708162510175
