Species	Extant	SampT
t14	FALSE	23.7913948452239
t15	FALSE	32.36231933615506
t27	FALSE	16.129491446480372
t35	TRUE	1.1541526262053026
t37	FALSE	3.835857548576385
t41	FALSE	20.937235584308
t68	TRUE	14.856689306171546
t71	TRUE	6.902772892711866
t75	TRUE	5.421107120566376
t75	TRUE	4.784357452519544
t97	TRUE	4.03260537158377
t118	FALSE	5.728654190574808
