Species	Extant	SampT
t3	FALSE	72.92306981248228
t3	FALSE	57.92040795869437
t3	FALSE	51.41909532994089
t12	FALSE	20.869248789075343
t15	FALSE	44.363189961151974
t23	FALSE	21.560025213097106
t33	FALSE	26.695800733032115
t34	FALSE	4.032371820070395
t39	FALSE	21.09513829299057
t48	FALSE	19.231811269212585
t50	FALSE	10.6966617928353
t70	TRUE	0.3231350246443867
t79	FALSE	11.591124388509044
t82	TRUE	2.6047383308407888
t93	TRUE	0.7045797539980612
t96	TRUE	7.9118264200422885
t101	TRUE	8.159853970667626
