Species	Extant	SampT
t3	TRUE	22.89945638370429
t8	TRUE	2.733761511164637
t19	FALSE	10.734877279194016
t20	TRUE	7.161426670328467
t24	TRUE	7.884068466184722
t26	FALSE	24.55424093411708
t27	FALSE	31.89335094229984
t38	FALSE	30.344250026842005
t55	FALSE	22.22872833402119
t74	FALSE	10.984313205175532
t79	FALSE	15.280033536670608
t84	TRUE	10.742947175418017
t86	TRUE	1.360420726081344
t91	FALSE	13.715239395458376
t107	TRUE	10.353894649426373
