Species	Extant	SampT
t11	FALSE	48.339374662599184
t16	TRUE	56.75990009027093
t16	TRUE	4.882520020925696
t20	TRUE	34.59879663846229
t20	TRUE	23.226026477310775
t20	TRUE	13.189491894114738
t22	TRUE	32.305806865635844
t22	TRUE	10.928526371437641
t24	TRUE	6.002405127230617
t46	TRUE	17.16614174317216
t66	TRUE	25.01150970878995
t68	FALSE	17.850664779057226
t85	TRUE	5.4143044868333305
t91	FALSE	24.534490595146373
t92	FALSE	21.670239020832163
