Species	Extant	SampT
t5	FALSE	48.5804888943143
t8	TRUE	21.442164345298224
t24	FALSE	20.530806594712132
t25	TRUE	18.21495008342327
t31	TRUE	23.31912069310893
t74	TRUE	8.963516940356499
t85	TRUE	8.04894804777662
t85	TRUE	1.3346713383590014
t99	TRUE	7.7799108618439305
t102	FALSE	18.307668046090185
t114	FALSE	14.143326293056958
t133	TRUE	9.99895263130216
t136	TRUE	1.2423487907130948
t152	TRUE	5.814145050975995
t176	TRUE	0.2095643358231314
