Species	Extant	SampT
t4	FALSE	20.137045304593187
t15	FALSE	28.166498192073306
t18	FALSE	23.40126111449961
t42	TRUE	16.233669999267477
t46	TRUE	12.979951480794881
t51	TRUE	20.76599863564813
t91	TRUE	6.06128620614696
t93	FALSE	15.468336286948173
t96	TRUE	5.143054467150222
t129	TRUE	4.920248197817287
