Species	Extant	SampT
t3	FALSE	74.62625438285968
t15	FALSE	14.971778878377833
t22	TRUE	7.844151965989113
t27	FALSE	25.87690118957495
t36	FALSE	28.894448720777206
t44	TRUE	11.067174457560967
t48	FALSE	13.742177956784843
t49	FALSE	13.95287107201672
t64	TRUE	0.9673814029487744
t82	TRUE	10.703546810726834
t91	TRUE	4.084015985207273
t128	TRUE	2.969262067987728
