Species	Extant	SampT
t2	FALSE	40.3503138908349
t19	TRUE	32.32253010132063
t30	FALSE	16.214663938845803
t43	TRUE	7.898680729705362
t49	FALSE	27.072611772207452
t63	TRUE	1.7534087479752571
t64	TRUE	16.449779328499048
t73	TRUE	17.14010806198732
t81	TRUE	13.327415380907638
t86	TRUE	4.453575792186001
t117	TRUE	3.688658670767424
t134	TRUE	0.5437447481259738
