Species	Extant	SampT
t27	FALSE	14.473366331105993
t35	FALSE	19.40986908496933
t52	TRUE	2.1171324065749033
t63	TRUE	20.445804868613735
t71	TRUE	0.8518521649952291
t73	FALSE	20.799672623981955
t80	FALSE	15.442314410799128
t92	FALSE	14.874634684564434
t95	TRUE	8.244747325877128
t106	TRUE	14.498659560323702
t117	FALSE	13.280349030161695
t135	TRUE	0.6529589371151729
t145	TRUE	5.920903087433409
