Species	Extant	SampT
t3	FALSE	43.51866964521949
t8	FALSE	5.075235528338901
t12	TRUE	7.648205701560336
t13	TRUE	3.255284439842214
t14	TRUE	10.916023154139687
t17	TRUE	35.97883281082841
t21	FALSE	24.112351382646445
t24	FALSE	16.37825827998357
t27	TRUE	12.054287862042706
t37	TRUE	6.855844072525073
t46	TRUE	21.90567755093115
t46	TRUE	2.288627875496317
t54	TRUE	4.747081238328612
t62	TRUE	2.172736218353826
t74	TRUE	2.449850054966717
t88	TRUE	0.7457527402035353
t104	TRUE	1.8043353444452634
