Species	Extant	SampT
t2	TRUE	34.30085585863533
t27	TRUE	5.557463643469774
