Species	Extant	SampT
t2	FALSE	37.73965541194318
t4	FALSE	44.710862571003304
t13	FALSE	37.09867746331293
t25	FALSE	22.613439932226683
t26	TRUE	2.0992240347462428
t32	FALSE	11.387509341960005
t70	TRUE	8.909973001964595
t71	TRUE	2.3764414441764927
t76	TRUE	3.3201249519456724
t81	FALSE	3.121686432982713
t94	TRUE	6.794532016164226
t101	TRUE	5.653865180218844
t138	TRUE	0.7510420350759546
