Species	Extant	SampT
t1	TRUE	32.059741491667076
t1	TRUE	3.8447478844142395
t9	TRUE	9.352030494115432
t10	TRUE	21.300190472149897
t10	TRUE	3.1009810223371304
t19	TRUE	4.153770859751283
t22	FALSE	12.397440533838676
t45	TRUE	4.06190626749364
t76	TRUE	3.6519315795294816
t85	TRUE	2.1108969101424293
t91	TRUE	2.086728772758235
