Species	Extant	SampT
t1	FALSE	39.135215512570156
t2	FALSE	33.962861477060144
t6	TRUE	32.53981200668377
t12	TRUE	8.910866369219534
t12	TRUE	3.978315137640898
t13	TRUE	1.0526471386231009
t67	TRUE	3.35794062292225
t72	TRUE	8.445566577046975
