Species	Extant	SampT
t2	TRUE	0.6187612557154623
t36	TRUE	8.751590283832947
