Species	Extant	SampT
t3	TRUE	4.161050522879265
t6	TRUE	5.9205564932369725
t15	TRUE	19.496499477677695
t15	TRUE	10.991121124436269
t20	TRUE	23.939046262736646
t26	FALSE	14.157102333894969
t31	TRUE	16.924893477209622
t31	TRUE	14.135781855531746
t48	TRUE	4.56709815170791
t49	TRUE	2.1278158657096498
t50	TRUE	2.9786326515007318
t56	TRUE	3.7392138882457004
t85	TRUE	5.539168058133484
t89	TRUE	3.7293971636399164
t94	TRUE	4.1408496332009435
t103	TRUE	0.7374925075203151
t116	TRUE	1.7774374584585217
