Species	Extant	SampT
t1	FALSE	33.556055661317245
t12	TRUE	16.45211614017092
t20	TRUE	6.357835410195911
t25	TRUE	11.345493464387605
t44	TRUE	4.610697951047172
t45	TRUE	0.6970354364807818
